time/iterations,time/time_elapsed,rollout/ep_rew_mean,rollout/ep_len_mean,time/fps,time/total_timesteps,train/learning_rate,train/value_loss,train/loss,train/explained_variance,train/n_updates,train/approx_kl,train/entropy_loss,train/clip_fraction,train/policy_gradient_loss,train/clip_range,eval/mean_reward,eval/mean_ep_length
1,4,-12.617739238095236,96.38095238095238,472,2048,,,,,,,,,,,,
2,9,-10.69095451162791,94.65116279069767,441,4096,3e-05,18.345985305309295,9.445358276367188,0.08242380619049072,10,0.00046343784,-3.1863991975784303,0.000146484375,-0.00408793989190599,0.1,,
3,14,-11.245910276923079,94.36923076923077,429,6144,3e-05,28.771333289146423,14.430529594421387,0.33450180292129517,20,0.00023523223,-3.2054829359054566,4.8828125e-05,-0.0026006629603216426,0.1,,
4,19,-11.372941488372096,94.36046511627907,423,8192,3e-05,16.49144340157509,2.8772952556610107,0.5484683513641357,30,0.0002446363,-3.227804574370384,0.0001953125,-0.0027663466113153844,0.1,,
,,,,,10000,3e-05,24.94238075017929,6.5038323402404785,0.5195946097373962,40,0.00023056855,-3.1983020663261414,0.0,-0.002535405983508099,0.1,-15.922594141960143,91.6
5,25,-12.246240140000003,94.24,404,10240,,,,,,,,,,,,
6,30,-12.11042913,94.26,405,12288,3e-05,14.018054491281509,9.702962875366211,0.662595808506012,50,0.00024012805,-3.205871361494064,0.0,-0.002737644290027674,0.1,,
7,35,-11.254683540000004,93.45,404,14336,3e-05,12.43516908288002,6.842894554138184,0.6751065254211426,60,0.00013047204,-3.176223835349083,0.0,-0.0018238691423903219,0.1,,
8,40,-10.548524379999998,94.49,403,16384,3e-05,6.7149808526039125,1.589388132095337,0.7197811603546143,70,0.00017155037,-3.1528076589107514,0.0,-0.0021272659840178678,0.1,,
9,45,-10.288866739999998,94.12,404,18432,3e-05,15.641511625051498,3.7183094024658203,0.5949632525444031,80,9.595131e-05,-3.2060344964265823,0.0,-0.001495939918095246,0.1,,
,,,,,20000,3e-05,18.149015045166017,7.911566734313965,0.6712290048599243,90,0.000131993,-3.147276425361633,0.0,-0.0019309518422232941,0.1,3.448410224914551,88.0
10,51,-9.08675153,93.46,397,20480,,,,,,,,,,,,
11,56,-8.13243159,92.85,399,22528,3e-05,9.618985524773597,3.529679298400879,0.6923989653587341,100,0.00017819516,-3.2175892889499664,0.0,-0.002110066695604473,0.1,,
12,61,-7.33935994,92.35,399,24576,3e-05,11.405603122711181,6.286072254180908,0.7727223038673401,110,0.0002910123,-3.2046077221632006,0.0,-0.002694718530983664,0.1,,
13,67,-7.50773226,92.13,396,26624,3e-05,7.962010964751244,2.123114824295044,0.7241443395614624,120,0.00015980031,-3.172349897027016,0.0,-0.0019606002679211088,0.1,,
14,73,-7.65264757,92.51,392,28672,3e-05,14.96410973072052,2.286752939224243,0.7639864683151245,130,0.0002294089,-3.2090071022510527,0.0,-0.002246232586912811,0.1,,
,,,,,30000,3e-05,6.120949709415436,1.5769505500793457,0.7777403593063354,140,0.00047896316,-3.2315733641386033,0.0,-0.0033900816488312557,0.1,5.491835689544677,87.0
15,79,-7.46819693,93.99,385,30720,,,,,,,,,,,,
16,85,-5.89551174,94.6,384,32768,3e-05,21.658673363924027,5.90493106842041,0.7213395237922668,150,0.0001961941,-3.217951038479805,0.0,-0.0019660236401250588,0.1,,
17,90,-4.85387837,95.07,384,34816,3e-05,8.353772050142288,1.6379022598266602,0.7893452644348145,160,0.00033531582,-3.1958416014909745,0.0,-0.00279376704711467,0.1,,
18,95,-3.2403984,94.72,385,36864,3e-05,5.823039346933365,1.3242219686508179,0.8023210763931274,170,0.00024558278,-3.1742453396320345,0.0,-0.0022049083083402364,0.1,,
19,100,-3.1497357800000003,95.17,385,38912,3e-05,6.75176727771759,1.6984387636184692,0.7234761118888855,180,0.00021502533,-3.2014400899410247,0.0,-0.002038881802582182,0.1,,
,,,,,40000,3e-05,9.607172161340714,4.48069953918457,0.7670403718948364,190,0.00030298333,-3.185117247700691,0.0,-0.0024981571797979994,0.1,0.7629186630249023,90.6
20,107,-2.3934273299999993,95.35,382,40960,,,,,,,,,,,,
21,112,-2.848648850000001,96.49,382,43008,3e-05,6.892895695567131,2.364877462387085,0.8104990124702454,200,0.00038153745,-3.203967323899269,0.0,-0.002775324278627522,0.1,,
22,118,-1.9912505100000004,95.53,381,45056,3e-05,6.929841062426567,1.9169596433639526,0.6558182239532471,210,0.00023601117,-3.183725914359093,0.0,-0.001963695912854746,0.1,,
23,123,-0.2956627100000001,94.96,381,47104,3e-05,4.954116220772266,1.0291818380355835,0.807951807975769,220,0.00063468574,-3.170277166366577,0.000244140625,-0.003392193967010826,0.1,,
24,128,0.4286558900000001,94.73,382,49152,3e-05,3.6778101831674577,0.7483593821525574,0.8401988744735718,230,0.0005426585,-3.1919135838747024,0.00068359375,-0.0025985052954638375,0.1,,
,,,,,50000,3e-05,5.099492990970612,1.0513302087783813,0.8289940357208252,240,0.00057847885,-3.157705655694008,0.0,-0.003154649955467903,0.1,2.4810268878936768,97.2
25,135,0.4987081099999997,95.26,378,51200,,,,,,,,,,,,
26,140,1.4929923299999999,94.05,379,53248,3e-05,4.785477805137634,0.8531515598297119,0.7316074371337891,250,0.000557767,-3.13835446536541,0.0,-0.003316604145220481,0.1,,
27,145,2.0189189,94.07,380,55296,3e-05,5.29937125146389,1.064294457435608,0.7987480759620667,260,0.00046692838,-3.156653490662575,9.765625e-05,-0.0025880374043481423,0.1,,
28,150,2.17917381,93.83,381,57344,3e-05,4.2083779409527775,0.9095231294631958,0.7222821712493896,270,0.000528606,-3.148949146270752,4.8828125e-05,-0.002681948289682623,0.1,,
29,155,2.58071272,93.92,381,59392,3e-05,7.281476235389709,2.694624185562134,0.7070180773735046,280,0.00023583486,-3.1367637038230898,0.0,-0.0015940308949211612,0.1,,
,,,,,60000,3e-05,5.105608971416951,1.550621509552002,0.7868562936782837,290,0.00107275,-3.141587972640991,0.005859375,-0.004239128076005727,0.1,9.286348247528077,97.0
30,162,3.4398623700000006,93.26,378,61440,,,,,,,,,,,,
31,168,3.0611697999999996,93.0,377,63488,3e-05,3.867611567676067,0.8395754098892212,0.8060024976730347,300,0.0006288172,-3.1290259152650832,0.00078125,-0.0028624178114114327,0.1,,
32,173,3.41018808,92.9,377,65536,3e-05,3.248021537065506,0.5466397404670715,0.6995913982391357,310,0.0012088545,-3.1197157591581344,0.010693359375,-0.004731651625479572,0.1,,
33,178,5.451081180000002,92.61,378,67584,3e-05,7.967476025223732,2.5141382217407227,0.7920913696289062,320,0.00047080748,-3.124180883169174,0.000732421875,-0.002574719546828419,0.1,,
34,183,5.56461173,92.79,378,69632,3e-05,5.1020593523979185,0.9819820523262024,0.8056372404098511,330,0.0006176578,-3.0953014492988586,0.00078125,-0.0031769665190950038,0.1,,
,,,,,70000,3e-05,3.794407586753368,0.8117937445640564,0.7445112466812134,340,0.0006719389,-3.112127184867859,0.001611328125,-0.0031212817411869764,0.1,-3.834553337097168,94.8
35,190,6.49698576,93.18,376,71680,,,,,,,,,,,,
36,195,6.069306629999999,93.96,377,73728,3e-05,3.7187375321984293,0.8900907039642334,0.7782185077667236,350,0.0013169681,-3.096042412519455,0.006005859375,-0.004712672514142468,0.1,,
37,200,4.4030219399999995,94.87,377,75776,3e-05,6.230624520778656,1.1354094743728638,0.6779489517211914,360,0.00035183772,-3.0967553734779356,0.0,-0.001875353220384568,0.1,,
38,205,3.84733324,95.42,378,77824,3e-05,4.493640127778053,1.066369652748108,0.6766210794448853,370,0.0004133312,-3.1029683232307432,0.0,-0.00217243728984613,0.1,,
39,210,2.8991112300000004,95.16,379,79872,3e-05,3.727399545907974,0.6088973879814148,0.7094679474830627,380,0.0009568826,-3.127403184771538,0.00322265625,-0.0036889339797198774,0.1,,
,,,,,80000,3e-05,4.897586418688297,1.3628559112548828,0.7936388850212097,390,0.00041847574,-3.071063515543938,4.8828125e-05,-0.002403874625451863,0.1,5.904050302505493,89.6
40,216,2.49838274,95.31,378,81920,,,,,,,,,,,,
41,221,2.41729082,94.87,379,83968,3e-05,3.83366988748312,0.7785362601280212,0.8137381672859192,400,0.0009028379,-3.10253726541996,0.00048828125,-0.003998225997202098,0.1,,
42,226,3.9809464200000004,93.44,379,86016,3e-05,3.625247173011303,0.5881959795951843,0.7988330125808716,410,0.00069456967,-3.0806751370429994,4.8828125e-05,-0.0026537305355304854,0.1,,
43,231,2.91430765,93.59,380,88064,3e-05,4.8739654332399365,1.1392247676849365,0.7516177296638489,420,0.0004843638,-3.065466985106468,0.000146484375,-0.0023066454799845816,0.1,,
,,,,,90000,3e-05,4.5085261687636375,1.0148917436599731,0.7461879253387451,430,0.00056421506,-3.08316388130188,0.0001953125,-0.00284958251286298,0.1,10.011030006408692,95.4
44,237,3.47134637,93.66,379,90112,,,,,,,,,,,,
45,242,2.51050707,93.67,379,92160,3e-05,3.4103772327303887,0.5772997140884399,0.7400411367416382,440,0.0006556619,-3.0874957174062727,9.765625e-05,-0.002886328857857734,0.1,,
46,247,1.7949862799999996,94.88,380,94208,3e-05,10.157737144827843,5.092311859130859,0.7260335683822632,450,0.00039103866,-3.06235531270504,0.0,-0.0022534559946507217,0.1,,
47,252,2.35957448,94.77,380,96256,3e-05,5.22944142818451,0.9439839124679565,0.6550077199935913,460,0.0006289146,-3.1080729484558107,0.00087890625,-0.002978189078567084,0.1,,
48,257,2.7059106399999995,94.31,381,98304,3e-05,3.8527358144521715,0.8197293877601624,0.7931889295578003,470,0.0006545834,-3.081291899085045,0.002783203125,-0.003122530929977074,0.1,,
,,,,,100000,3e-05,4.682676713168621,0.9958977699279785,0.7969384789466858,480,0.00075453473,-3.086966374516487,0.0005859375,-0.0035561255557695405,0.1,5.167418909072876,86.0
49,263,3.1987613000000006,93.4,380,100352,,,,,,,,,,,,
50,269,3.3822323799999996,93.0,380,102400,3e-05,6.1369008153676985,1.4847105741500854,0.8575809597969055,490,0.00052829314,-3.07341890335083,0.0,-0.0024959411573945546,0.1,,
51,274,3.1145878099999993,93.46,380,104448,3e-05,5.011660385131836,1.0023443698883057,0.85857093334198,500,0.0005178717,-3.060502737760544,4.8828125e-05,-0.002533359031076543,0.1,,
52,279,2.95760004,93.66,381,106496,3e-05,5.026789730787277,0.8169644474983215,0.7811745405197144,510,0.000593947,-3.0536010950803756,0.001123046875,-0.002817046415293589,0.1,,
53,284,3.63064596,93.65,381,108544,3e-05,4.020301975309849,0.735464870929718,0.543228030204773,520,0.00064275623,-3.0410838067531585,0.000830078125,-0.0025922832966898566,0.1,,
,,,,,110000,3e-05,4.296088199317455,0.9819658994674683,0.767827570438385,530,0.00067669386,-3.0745157063007356,0.000146484375,-0.0027745438943384214,0.1,-0.8167176216840744,95.0
54,290,3.48557162,94.85,380,110592,,,,,,,,,,,,
55,296,4.7198733,94.04,380,112640,3e-05,3.8941694304347036,0.7564753890037537,0.7543841600418091,540,0.0007555778,-3.064318796992302,0.003662109375,-0.0030364517879206687,0.1,,
56,301,4.303152980000001,93.33,380,114688,3e-05,3.2757915034890175,0.6376050710678101,0.812250554561615,550,0.0010797121,-3.0516226649284364,0.006640625,-0.00395199935301207,0.1,,
57,307,3.3105967100000004,93.5,380,116736,3e-05,3.1992917984724043,0.5894188284873962,0.8356731534004211,560,0.0012276773,-3.0545214504003524,0.008154296875,-0.00418201350257732,0.1,,
58,312,4.420094510000001,92.41,380,118784,3e-05,4.527609631419182,0.9126970767974854,0.8000887632369995,570,0.0006338597,-3.0515546798706055,0.000634765625,-0.0031828705192310735,0.1,,
,,,,,120000,3e-05,4.4213915228843685,0.7322655916213989,0.8510316610336304,580,0.00078472233,-3.0214838445186616,0.000537109375,-0.0030949498963309453,0.1,6.9080202102661135,97.8
59,318,4.31732127,91.63,379,120832,,,,,,,,,,,,
60,323,4.43947308,91.51,380,122880,3e-05,4.143646016716957,0.8562297821044922,0.8452452421188354,590,0.0011558421,-3.0554060637950897,0.00419921875,-0.004211653297534213,0.1,,
61,328,4.188083290000001,91.76,380,124928,3e-05,5.089994733035565,0.8397719264030457,0.7690234184265137,600,0.000450341,-3.064099544286728,0.0,-0.002326107853150461,0.1,,
62,333,3.58851721,92.54,380,126976,3e-05,4.024102333188057,0.7770287990570068,0.8626012206077576,610,0.0009276503,-3.0417803436517716,0.001220703125,-0.0036081690064747817,0.1,,
63,338,3.2050930799999997,93.09,381,129024,3e-05,5.565183860063553,1.1032464504241943,0.8326172828674316,620,0.00073725625,-3.0174770444631576,0.002294921875,-0.0032049384608399123,0.1,,
,,,,,130000,3e-05,3.4738713189959527,0.6286507844924927,0.7995059490203857,630,0.000924031,-3.0150033116340635,0.003369140625,-0.0034571675525512545,0.1,7.622513961791992,92.2
64,344,2.8041049899999995,94.42,380,131072,,,,,,,,,,,,
65,349,3.0500926600000002,93.45,380,133120,3e-05,7.766451916098594,2.4309260845184326,0.8302881717681885,640,0.0007145804,-3.0554430574178695,0.000146484375,-0.0028307378845056517,0.1,,
66,354,3.430808180000001,94.16,381,135168,3e-05,5.386945940554142,1.2216638326644897,0.8223111629486084,650,0.00063701987,-3.0673825800418855,9.765625e-05,-0.0027058542473241687,0.1,,
67,359,3.51498263,93.68,381,137216,3e-05,3.6989430725574493,0.7782570719718933,0.7724816799163818,660,0.0005722811,-3.0378554672002793,9.765625e-05,-0.0024081699026282876,0.1,,
68,364,2.53025206,94.34,382,139264,3e-05,4.362514331936836,0.8236136436462402,0.6794495582580566,670,0.00056157704,-3.015266740322113,0.000830078125,-0.00235321227228269,0.1,,
,,,,,140000,3e-05,3.8969844922423365,0.8614547848701477,0.8169019222259521,680,0.0006782523,-3.050890552997589,9.765625e-05,-0.0029484116559615357,0.1,13.433453285694123,88.2
69,370,3.7857916600000006,94.06,381,141312,,,,,,,,,,,,
70,375,3.49837871,93.27,381,143360,3e-05,3.031357875466347,0.5173206925392151,0.7146921157836914,690,0.0010045082,-3.044288861751556,0.006640625,-0.003498450858751312,0.1,,
71,381,4.15394729,94.19,381,145408,3e-05,6.860384726524353,1.5112192630767822,0.7411825656890869,700,0.00022693409,-3.030320742726326,0.0,-0.0014990650852269027,0.1,,
72,386,4.36073806,94.39,381,147456,3e-05,4.143468092381954,0.741807758808136,0.8595262169837952,710,0.0004995143,-3.0624532759189607,0.000537109375,-0.0025793520762817934,0.1,,
73,391,4.324627700000001,93.48,381,149504,3e-05,4.331732703745365,1.1555867195129395,0.8301181793212891,720,0.0006301352,-3.0874688416719436,0.00068359375,-0.002982332352257799,0.1,,
,,,,,150000,3e-05,3.751017874479294,0.8102467060089111,0.8202567100524902,730,0.0005935947,-3.0837445139884947,0.000537109375,-0.002715594958863221,0.1,17.1249098777771,89.0
74,397,4.61774322,94.78,380,151552,,,,,,,,,,,,
75,402,5.418275390000002,94.33,381,153600,3e-05,4.356669935584068,0.8878790140151978,0.8595400452613831,740,0.0011061009,-3.0996139645576477,0.001025390625,-0.0041763691813685,0.1,,
76,408,5.457751230000001,93.93,381,155648,3e-05,3.7599326103925703,0.7019248604774475,0.772799551486969,750,0.0010763144,-3.0456550151109694,0.0076171875,-0.0042052318749483675,0.1,,
77,413,5.719537170000002,93.12,381,157696,3e-05,3.619042220711708,0.6105775833129883,0.794340193271637,760,0.0007664759,-3.0595838487148286,0.002392578125,-0.0031522123434115203,0.1,,
78,418,4.23197125,93.85,381,159744,3e-05,2.623842266201973,0.49879997968673706,0.7595515847206116,770,0.00073907536,-3.0596081018447876,0.000634765625,-0.0029310044097655918,0.1,,
,,,,,160000,3e-05,3.857042483985424,1.020378828048706,0.790149450302124,780,0.00095795345,-3.0177342861890795,0.007666015625,-0.0037186673347605393,0.1,1.510413646697998,92.4
79,424,4.441491760000001,95.14,380,161792,,,,,,,,,,,,
80,429,5.053749229999999,95.26,381,163840,3e-05,4.0683245524764065,1.3627036809921265,0.8782354593276978,790,0.0009240679,-3.0855743825435638,0.002197265625,-0.0036610619514249264,0.1,,
81,434,5.156565119999999,95.72,381,165888,3e-05,2.7431468084454536,0.4744444489479065,0.7947885990142822,800,0.0011843734,-3.01800257563591,0.006640625,-0.004099840580602176,0.1,,
82,440,4.72642975,96.29,381,167936,3e-05,3.1013160333037377,0.5309249758720398,0.81475830078125,810,0.0009841857,-3.011258524656296,0.003857421875,-0.003711343024042435,0.1,,
83,445,5.810757770000001,94.98,381,169984,3e-05,3.3754018038511275,0.486314058303833,0.7709798812866211,820,0.00079768174,-3.007117289304733,0.003173828125,-0.002935555198928341,0.1,,
,,,,,170000,3e-05,2.6293636985123157,0.3560604155063629,0.8470950722694397,830,0.0012594169,-3.027561756968498,0.003564453125,-0.003751230993657373,0.1,13.086195361614227,87.0
84,451,4.94597987,96.07,380,172032,,,,,,,,,,,,
85,456,4.73857026,95.82,381,174080,3e-05,5.351008003950119,0.8413078188896179,0.7932462096214294,840,0.0005464626,-3.0232637882232667,4.8828125e-05,-0.00229093367815949,0.1,,
86,461,6.251633120000001,94.18,381,176128,3e-05,4.344156841933727,0.8010154366493225,0.6834689974784851,850,0.0005561783,-2.9808329224586485,0.000830078125,-0.002391852796426974,0.1,,
87,466,5.317671800000002,94.59,381,178176,3e-05,4.140519766509533,1.5083411931991577,0.8497780561447144,860,0.0008609927,-2.9856604814529417,0.0033203125,-0.0037623639218509197,0.1,,
,,,,,180000,3e-05,6.44375981092453,1.7822816371917725,0.8103553056716919,870,0.0002726379,-2.9988566875457763,0.0,-0.0017219785513589159,0.1,1.124052929878235,97.8
88,472,4.692346350000001,93.83,381,180224,,,,,,,,,,,,
89,477,4.62124017,93.49,381,182272,3e-05,5.215737004578114,0.8347712755203247,0.7943582534790039,880,0.0008127829,-2.986798056960106,0.001318359375,-0.0031794146343600005,0.1,,
90,482,4.470507839999999,94.11,381,184320,3e-05,3.701988460123539,0.7121979594230652,0.727645754814148,890,0.00072843593,-2.9749220430850984,0.00029296875,-0.00287054154323414,0.1,,
91,487,3.2489157600000005,94.69,382,186368,3e-05,3.5467006519436834,0.8542503714561462,0.7862752079963684,900,0.0014355625,-2.9616293370723725,0.01279296875,-0.0051900354475947095,0.1,,
92,492,5.76499337,94.09,382,188416,3e-05,3.807366083562374,0.6053310036659241,0.8091869354248047,910,0.00093133847,-2.9107667446136474,0.001904296875,-0.00368557799665723,0.1,,
,,,,,190000,3e-05,3.7267082259058952,0.7276750802993774,0.7997645139694214,920,0.0009397061,-2.9891306191682814,0.00126953125,-0.0035116968356305733,0.1,5.033697557449341,101.4
93,498,6.2765318,93.95,381,190464,,,,,,,,,,,,
94,503,6.592918459999998,94.33,382,192512,3e-05,3.832487626373768,0.8062989115715027,0.8586100339889526,930,0.0008281893,-2.982172203063965,0.002099609375,-0.0036768360092537477,0.1,,
95,508,7.698701469999999,94.02,382,194560,3e-05,4.018926025927067,0.6715583205223083,0.7975748777389526,940,0.0009860678,-2.9837740629911425,0.001220703125,-0.0036787616147194056,0.1,,
96,513,8.35949922,93.78,382,196608,3e-05,2.927430938184261,0.5408304929733276,0.856567919254303,950,0.001268464,-2.9671670734882354,0.003857421875,-0.003955902429879643,0.1,,
97,518,7.78386627,92.93,382,198656,3e-05,3.2728874564170836,0.6079643368721008,0.7246257066726685,960,0.0012168016,-2.977289319038391,0.00859375,-0.0040590569624328054,0.1,,
,,,,,200000,3e-05,9.420278203487396,5.091679573059082,0.7375383377075195,970,0.00091915857,-2.952616798877716,0.001318359375,-0.0032731722603784874,0.1,8.27918519973755,87.8
98,524,7.558788740000001,93.24,382,200704,,,,,,,,,,,,
99,529,7.28074722,93.18,382,202752,3e-05,2.283099017292261,0.4584961533546448,0.8586136698722839,980,0.0017746281,-2.982153943181038,0.01435546875,-0.004878793595707975,0.1,,
100,534,6.9435958399999995,93.07,382,204800,3e-05,2.8845622047781942,0.5862210988998413,0.8305808305740356,990,0.0014623748,-2.911123150587082,0.010400390625,-0.004197467316407711,0.1,,
101,539,5.841395169999999,93.53,383,206848,3e-05,4.342220656573772,0.8050181269645691,0.8487188816070557,1000,0.0011492858,-2.9063092947006224,0.009228515625,-0.004346322931814939,0.1,,
102,544,6.207429439999999,92.9,383,208896,3e-05,4.373632334172726,0.9661810398101807,0.7784699201583862,1010,0.0005845665,-2.918235573172569,0.000537109375,-0.0024110747093800456,0.1,,
,,,,,210000,3e-05,3.128081665933132,0.7320907115936279,0.7711536884307861,1020,0.00091066514,-2.9347140967845915,0.0046875,-0.003096715718857013,0.1,15.009996223449708,86.2
103,550,4.674963440000002,93.72,383,210944,,,,,,,,,,,,
104,555,5.083888000000001,94.12,383,212992,3e-05,5.208315593004227,1.2053569555282593,0.809364914894104,1030,0.00054771686,-2.909863495826721,0.0,-0.0025468609208473937,0.1,,
105,560,5.684165500000001,94.39,383,215040,3e-05,4.559437890350819,0.7784500122070312,0.754692554473877,1040,0.0005563352,-2.903752326965332,0.0,-0.002331132412655279,0.1,,
106,565,6.30571875,95.85,383,217088,3e-05,3.7771445900201797,0.5714773535728455,0.7158793807029724,1050,0.00062560197,-2.9441743910312654,0.000439453125,-0.0026084869663463906,0.1,,
107,571,6.74410749,95.61,383,219136,3e-05,2.9705680280923845,0.5658553838729858,0.8510103225708008,1060,0.0006545803,-2.905049055814743,0.001416015625,-0.0028477643645601347,0.1,,
,,,,,220000,3e-05,3.187113571166992,0.6516215801239014,0.7538326382637024,1070,0.0010322328,-2.9281631767749787,0.002978515625,-0.004342884426296223,0.1,-4.949322700500488,92.4
108,577,6.280651020000001,95.66,383,221184,,,,,,,,,,,,
109,582,5.431964870000001,96.71,383,223232,3e-05,4.009110568463802,0.6447327733039856,0.694693922996521,1080,0.0010473661,-2.9039776384830476,0.0009765625,-0.0035633474893984386,0.1,,
110,587,6.390564350000001,95.94,383,225280,3e-05,3.4793047651648523,0.7393156886100769,0.8097696900367737,1090,0.0010179238,-2.9352145582437514,0.00341796875,-0.003692345035960898,0.1,,
111,592,5.647826820000001,96.27,383,227328,3e-05,2.906112462282181,0.5602847337722778,0.8238028883934021,1100,0.0011628511,-2.8732889354228974,0.004345703125,-0.0035627279634354637,0.1,,
112,597,6.87507979,94.98,384,229376,3e-05,4.021802473068237,1.2098947763442993,0.8425459861755371,1110,0.00065130985,-2.91896413564682,0.000244140625,-0.002431560296099633,0.1,,
,,,,,230000,3e-05,3.8050506085157396,0.8045898079872131,0.806696891784668,1120,0.0014143481,-2.8645842552185057,0.0150390625,-0.004857958178035915,0.1,11.605054473876953,88.8
113,603,7.371095479999999,95.62,383,231424,,,,,,,,,,,,
114,608,7.994437969999999,95.49,383,233472,3e-05,2.607414273172617,0.5689460039138794,0.7411991357803345,1130,0.0018500007,-2.9041551411151887,0.023876953125,-0.004905127472011372,0.1,,
115,613,7.679331170000001,94.62,384,235520,3e-05,3.4995840907096865,0.5885055065155029,0.7458533048629761,1140,0.0009990323,-2.866203847527504,0.0046875,-0.003193254041252658,0.1,,
116,618,8.253193790000001,94.55,384,237568,3e-05,3.230085714161396,0.5930526852607727,0.773770809173584,1150,0.0010272552,-2.8344611495733263,0.00546875,-0.0034697358292760327,0.1,,
117,623,7.80745272,93.44,384,239616,3e-05,3.0333240002393724,0.6279152035713196,0.7788293361663818,1160,0.001002141,-2.830479437112808,0.00703125,-0.003504790237639099,0.1,,
,,,,,240000,3e-05,3.28789664208889,0.7530925273895264,0.880862832069397,1170,0.0013749178,-2.8756452977657316,0.0078125,-0.004148343903943896,0.1,6.160309374332428,99.2
118,629,8.47723995,91.8,384,241664,,,,,,,,,,,,
119,634,7.971973029999999,93.09,384,243712,3e-05,2.953068283200264,0.4631156027317047,0.8565292358398438,1180,0.0016708514,-2.8419889122247697,0.019580078125,-0.004886837222147733,0.1,,
120,639,7.198567809999998,93.78,384,245760,3e-05,2.9294528856873514,0.5570761561393738,0.8779785633087158,1190,0.0008351678,-2.8428143173456193,0.002587890625,-0.0029655766556970775,0.1,,
121,644,7.812615240000001,93.32,384,247808,3e-05,3.967357078194618,0.7495715618133545,0.8163522481918335,1200,0.0006265786,-2.8302986085414887,4.8828125e-05,-0.0022978890570811926,0.1,,
122,649,6.917877460000001,93.44,384,249856,3e-05,3.369413882493973,0.49754559993743896,0.8570324182510376,1210,0.00060601765,-2.8235763996839522,0.00029296875,-0.0026584288309095426,0.1,,
,,,,,250000,3e-05,3.0301836624741556,0.5655263066291809,0.7360725402832031,1220,0.001252438,-2.792212778329849,0.006494140625,-0.003968753205845133,0.1,-1.074931764602661,93.6
123,655,6.935017340000001,94.1,384,251904,,,,,,,,,,,,
124,660,8.046770899999999,92.64,384,253952,3e-05,2.451432142406702,0.5224126577377319,0.8188203573226929,1230,0.0014622577,-2.8082637906074526,0.00908203125,-0.004496765905059874,0.1,,
125,665,7.407425500000001,93.2,384,256000,3e-05,3.582034443318844,0.80083167552948,0.7885158061981201,1240,0.00070937106,-2.8138241827487946,0.000146484375,-0.0024609971704194324,0.1,,
126,670,8.322817129999999,92.92,385,258048,3e-05,3.469161641597748,0.6970528364181519,0.7739830613136292,1250,0.0009872732,-2.7753835380077363,0.00078125,-0.0036362356797326354,0.1,,
,,,,,260000,3e-05,3.3907025039196013,0.5473583936691284,0.7543001174926758,1260,0.0006830824,-2.7819137543439867,9.765625e-05,-0.002398073734366335,0.1,12.458563828468323,91.4
127,676,8.90674621,93.29,384,260096,,,,,,,,,,,,
128,680,8.440590489999998,92.96,384,262144,3e-05,2.9920275166630743,0.5831716060638428,0.8728914260864258,1270,0.0010158961,-2.7885738015174866,0.0033203125,-0.0030597848919569513,0.1,,
129,685,9.0613143,92.88,385,264192,3e-05,3.082927589118481,0.74823397397995,0.8406335711479187,1280,0.0010098986,-2.8182663172483444,0.004296875,-0.0035728412360185756,0.1,,
130,691,7.951120169999999,93.68,385,266240,3e-05,3.1351459130644797,0.47629600763320923,0.84326171875,1290,0.0012961647,-2.771891286969185,0.007958984375,-0.0042759097676025705,0.1,,
131,696,6.57884493,94.79,385,268288,3e-05,2.737101262807846,0.5028116106987,0.8257771134376526,1300,0.00061347266,-2.8188875943422316,0.000390625,-0.0022877512034028768,0.1,,
,,,,,270000,3e-05,3.920934243500233,0.7701151967048645,0.8300313353538513,1310,0.0009362817,-2.8287548959255218,0.00576171875,-0.0038784269767347724,0.1,14.148358631134034,88.2
132,702,7.456535,94.69,385,270336,,,,,,,,,,,,
133,707,5.40682017,96.59,385,272384,3e-05,3.623687946796417,0.6990364789962769,0.7696222066879272,1320,0.00088276295,-2.8635677725076674,0.002099609375,-0.0032817028171848507,0.1,,
134,712,5.46479247,96.57,385,274432,3e-05,4.524151808023452,1.0823795795440674,0.8074995279312134,1330,0.00050798315,-2.874487507343292,0.0,-0.002965622274496127,0.1,,
135,717,4.4904867,95.73,385,276480,3e-05,3.851498989760876,0.6864676475524902,0.8595418930053711,1340,0.000909652,-2.7943909138441088,0.00068359375,-0.003347812607535161,0.1,,
136,722,6.032749809999999,94.73,385,278528,3e-05,3.8950538635253906,0.9395631551742554,0.8490917682647705,1350,0.00047562277,-2.797083830833435,0.0,-0.002408660718356259,0.1,,
,,,,,280000,3e-05,2.7956944040954115,0.45917680859565735,0.8395652174949646,1360,0.0011766447,-2.7792156487703323,0.00712890625,-0.004157829358882736,0.1,8.1280207157135,86.0
137,728,5.308240570000001,93.93,385,280576,,,,,,,,,,,,
138,733,6.11139947,92.86,385,282624,3e-05,4.115877225995064,0.762849748134613,0.7774802446365356,1370,0.0007246609,-2.7807984381914137,0.003515625,-0.0034116453520255164,0.1,,
139,738,7.46857479,92.45,385,284672,3e-05,3.845712220668793,0.7952007055282593,0.7766754031181335,1380,0.0011210814,-2.7453384697437286,0.006884765625,-0.004011934064328671,0.1,,
140,743,8.09033264,91.5,385,286720,3e-05,3.5077902123332025,0.6158175468444824,0.8170331716537476,1390,0.0007376933,-2.7832459986209868,0.004345703125,-0.0030403456359636037,0.1,,
141,748,9.27989285,92.22,385,288768,3e-05,3.545490489900112,0.5602567791938782,0.7116347551345825,1400,0.0009891561,-2.735789507627487,0.00302734375,-0.0032538088911678643,0.1,,
,,,,,290000,3e-05,3.288589911162853,0.7242245674133301,0.8473499417304993,1410,0.00065952924,-2.7625493109226227,4.8828125e-05,-0.002579253469593823,0.1,12.767998123168946,91.6
142,754,8.648154069999999,93.68,385,290816,,,,,,,,,,,,
143,759,9.99395351,93.33,385,292864,3e-05,3.4870397597551346,0.7696331739425659,0.7272248268127441,1420,0.0007780172,-2.7625763535499575,0.008154296875,-0.003069591001258232,0.1,,
144,764,9.48567715,94.17,385,294912,3e-05,2.9875182092189787,0.5779496431350708,0.7763283252716064,1430,0.0010352917,-2.745448237657547,0.007421875,-0.0033956857601879164,0.1,,
145,769,9.57322035,94.35,385,296960,3e-05,3.3522132843732835,0.5567114353179932,0.8154801726341248,1440,0.0005071466,-2.743514084815979,0.000439453125,-0.0023194783105282115,0.1,,
146,774,9.290203230000001,93.94,385,299008,3e-05,3.431329959630966,0.7136462330818176,0.7858697175979614,1450,0.00090275146,-2.7212640553712846,0.001123046875,-0.0029107423353707416,0.1,,
,,,,,300000,3e-05,3.460571251809597,0.7138684988021851,0.8295010328292847,1460,0.0007156562,-2.7353262335062025,9.765625e-05,-0.002783489058492705,0.1,14.984317684173584,89.6
147,780,10.36085495,93.77,385,301056,,,,,,,,,,,,
148,785,9.16768308,94.15,385,303104,3e-05,2.899721040576696,0.42555421590805054,0.8352665901184082,1470,0.00069505174,-2.7469698071479796,0.0009765625,-0.002691138048248831,0.1,,
149,790,8.52229981,94.25,385,305152,3e-05,2.75238896086812,0.44942694902420044,0.8044382929801941,1480,0.0012972885,-2.727129212021828,0.005224609375,-0.004031994592514821,0.1,,
150,795,8.647620280000002,94.22,386,307200,3e-05,3.8466287359595297,0.4800165593624115,0.747674822807312,1490,0.000914586,-2.723655530810356,0.002978515625,-0.0033024468648363836,0.1,,
151,800,9.334099310000001,94.23,386,309248,3e-05,5.2149971514940265,0.6802883148193359,0.8590975999832153,1500,0.000948915,-2.7443968802690506,0.00361328125,-0.003411340492311865,0.1,,
,,,,,310000,3e-05,3.7938451677560807,0.6721633672714233,0.8488221168518066,1510,0.0010201877,-2.7508337676525114,0.004052734375,-0.0033245039798202925,0.1,10.01461763381958,101.0
152,806,9.63872235,94.14,385,311296,,,,,,,,,,,,
153,811,10.54946908,93.93,385,313344,3e-05,2.4952785432338715,0.3982775807380676,0.8547523021697998,1520,0.0011919443,-2.7473244786262514,0.00849609375,-0.0032970380838378333,0.1,,
154,816,11.546137109999997,93.55,386,315392,3e-05,2.617281387746334,0.44026413559913635,0.7974928617477417,1530,0.0011753566,-2.737922856211662,0.006005859375,-0.003455415289499797,0.1,,
155,822,10.63653708,93.49,386,317440,3e-05,3.0338561654090883,0.5350104570388794,0.8477648496627808,1540,0.00086887786,-2.7047026425600054,0.00126953125,-0.0029111617099260912,0.1,,
156,827,10.292740669999999,92.99,386,319488,3e-05,4.737517108023167,0.8688135147094727,0.8135740756988525,1550,0.0008926587,-2.7305375158786775,0.002734375,-0.003745300305308774,0.1,,
,,,,,320000,3e-05,4.17057246118784,0.9038820266723633,0.8129159212112427,1560,0.00065650104,-2.7256972759962084,0.001123046875,-0.0026420204783789815,0.1,11.206569004058839,91.8
157,832,10.538312729999998,93.15,386,321536,,,,,,,,,,,,
158,837,10.280199990000002,94.33,386,323584,3e-05,3.505619740486145,0.6422718167304993,0.8216578960418701,1570,0.00126751,-2.6916065365076065,0.003076171875,-0.003288861096370965,0.1,,
159,842,10.09630848,93.41,386,325632,3e-05,2.726111988723278,0.49553731083869934,0.7684816122055054,1580,0.001743832,-2.701188641786575,0.02138671875,-0.004733587536611595,0.1,,
160,847,11.84840359,92.99,386,327680,3e-05,3.040742751955986,0.5206282734870911,0.5954688787460327,1590,0.0015752099,-2.7056857526302336,0.014794921875,-0.00393367352662608,0.1,,
161,852,12.296497409999999,92.33,386,329728,3e-05,2.188845405727625,0.36983293294906616,0.8178015351295471,1600,0.0010800057,-2.704497841000557,0.007275390625,-0.003936329751741141,0.1,,
,,,,,330000,3e-05,3.1664163187146186,0.5586135983467102,0.7635424137115479,1610,0.0009028729,-2.7129419803619386,0.0021484375,-0.0030231447162805125,0.1,11.313536834716796,90.2
162,858,12.313156460000002,92.39,386,331776,,,,,,,,,,,,
163,863,12.43501535,91.57,386,333824,3e-05,2.3307107120752333,0.3374727964401245,0.8182429075241089,1620,0.0015234181,-2.6602971076965334,0.013037109375,-0.00431354607862886,0.1,,
164,868,11.39767336,92.24,386,335872,3e-05,2.9795320838689805,0.5681414008140564,0.9137242436408997,1630,0.0017469337,-2.678785276412964,0.02763671875,-0.005058462443412281,0.1,,
165,873,11.746262399999999,92.36,386,337920,3e-05,5.451224558055401,1.2709367275238037,0.7553690671920776,1640,0.00055977877,-2.618284150958061,9.765625e-05,-0.002298862475436181,0.1,,
166,878,11.357837289999999,92.83,386,339968,3e-05,2.182475446164608,0.30935919284820557,0.8226377367973328,1650,0.0015469948,-2.6445892959833146,0.022802734375,-0.004082294390536844,0.1,,
,,,,,340000,3e-05,2.223178235441446,0.40388500690460205,0.8386784791946411,1660,0.0020656,-2.682900184392929,0.01953125,-0.004207414560369216,0.1,12.795662212371827,93.2
167,885,10.762430000000002,94.8,386,342016,,,,,,,,,,,,
168,890,11.128826270000001,95.99,386,344064,3e-05,2.9867455437779427,0.49053850769996643,0.6840890645980835,1670,0.0009359672,-2.632657399773598,0.002685546875,-0.0037110359437065197,0.1,,
169,895,11.183188250000002,95.92,386,346112,3e-05,3.39897548109293,0.7104045748710632,0.8233955502510071,1680,0.0008221726,-2.6405184477567674,0.004248046875,-0.00331170313002076,0.1,,
170,900,11.083891569999999,95.42,386,348160,3e-05,2.097279240936041,0.3785881996154785,0.7986516952514648,1690,0.001200495,-2.640749767422676,0.00908203125,-0.0034692138142418116,0.1,,
,,,,,350000,3e-05,2.3318719163537027,0.3400086462497711,0.8342130780220032,1700,0.0010933639,-2.6185207575559617,0.004931640625,-0.003376831559580751,0.1,20.387801551818846,83.4
171,906,11.186304109999998,94.06,386,350208,,,,,,,,,,,,
172,912,10.807479030000001,93.06,386,352256,3e-05,3.0900311186909675,0.5505154132843018,0.787177562713623,1710,0.0009926835,-2.6684017449617388,0.00419921875,-0.0033784134866436943,0.1,,
173,917,9.75998031,93.19,386,354304,3e-05,3.4084792539477347,0.597218930721283,0.8100290894508362,1720,0.00062080857,-2.5899912506341933,0.00048828125,-0.0026406186108943073,0.1,,
174,922,9.393162740000001,94.21,386,356352,3e-05,5.884495700895786,1.6371207237243652,0.8096187710762024,1730,0.0005498578,-2.6493243485689164,0.0,-0.0026822493178769945,0.1,,
175,928,9.34570319,95.02,386,358400,3e-05,2.399553668498993,0.33352190256118774,0.664718747138977,1740,0.0016430367,-2.6734106957912447,0.015234375,-0.00421542703115847,0.1,,
,,,,,360000,3e-05,3.3506790161132813,0.5674875974655151,0.8192878365516663,1750,0.0007277583,-2.630346977710724,0.002001953125,-0.0027686449146131055,0.1,14.302256679534912,92.6
176,934,9.50905459,94.34,385,360448,,,,,,,,,,,,
177,939,10.39255988,94.52,385,362496,3e-05,2.7755684189498426,0.5102296471595764,0.8503302335739136,1760,0.0007991704,-2.655249315500259,0.006005859375,-0.0029236229544039815,0.1,,
178,945,12.142210130000002,92.15,385,364544,3e-05,3.1212805323302746,0.6544160842895508,0.7999012470245361,1770,0.0007154939,-2.691907835006714,0.00732421875,-0.003051838290411979,0.1,,
179,950,13.259557580000001,92.11,385,366592,3e-05,2.1893175460398195,0.4280981719493866,0.8797757029533386,1780,0.0018394007,-2.6237658262252808,0.019921875,-0.005586078146006912,0.1,,
180,955,12.629328900000003,92.05,385,368640,3e-05,2.983910176157951,0.581525981426239,0.8555646538734436,1790,0.00094444404,-2.6850813210010527,0.002978515625,-0.002965296054026112,0.1,,
,,,,,370000,3e-05,3.384129962325096,0.7402214407920837,0.785872220993042,1800,0.00081841106,-2.692176988720894,0.001318359375,-0.003396498056827113,0.1,6.332644534111023,93.2
181,961,13.032640350000003,92.54,385,370688,,,,,,,,,,,,
182,967,12.884213469999999,93.31,385,372736,3e-05,2.935150846838951,0.6030305624008179,0.8360813856124878,1810,0.001102665,-2.6778841227293015,0.006591796875,-0.003395592878223397,0.1,,
183,972,12.92436145,93.65,385,374784,3e-05,2.756493305414915,0.48794665932655334,0.8865981698036194,1820,0.0014550824,-2.648848059773445,0.0134765625,-0.005053159658564255,0.1,,
184,977,12.513021549999998,94.03,385,376832,3e-05,3.519774416089058,0.7490907907485962,0.8378862142562866,1830,0.0010378207,-2.651502385735512,0.004248046875,-0.003451736558054108,0.1,,
185,982,12.85312336,95.1,385,378880,3e-05,2.795791481435299,0.40316885709762573,0.838416576385498,1840,0.001238506,-2.6112256348133087,0.00322265625,-0.003425069572404027,0.1,,
,,,,,380000,3e-05,1.713081954419613,0.3093797266483307,0.8737863898277283,1850,0.0013681699,-2.6277879923582077,0.0181640625,-0.0036927184351952746,0.1,8.987870121002198,97.8
186,989,11.139704309999999,95.77,385,380928,,,,,,,,,,,,
187,994,11.46770579,95.45,384,382976,3e-05,3.4045228168368338,0.6001805663108826,0.7964894771575928,1860,0.00082763156,-2.6324239403009413,0.001025390625,-0.0033756291755707934,0.1,,
188,999,12.091332439999999,95.47,385,385024,3e-05,3.5886917531490328,0.7009450197219849,0.7701471447944641,1870,0.0006231844,-2.621321955323219,0.0009765625,-0.0024062069336650894,0.1,,
189,1005,12.3435424,94.89,385,387072,3e-05,2.0952509991824626,0.35803651809692383,0.8915284872055054,1880,0.0019588072,-2.6327320843935014,0.017138671875,-0.005006880831206218,0.1,,
190,1010,12.78999047,94.51,385,389120,3e-05,2.4565272755920886,0.3934493958950043,0.7975932359695435,1890,0.0012595358,-2.608419969677925,0.008544921875,-0.004093650299182627,0.1,,
,,,,,390000,3e-05,1.6818161025643348,0.35002586245536804,0.7270554304122925,1900,0.0010677496,-2.619581660628319,0.005615234375,-0.0034996342030353842,0.1,16.194213008880617,97.8
191,1016,13.7947621,94.94,384,391168,,,,,,,,,,,,
192,1021,13.709240980000002,94.91,384,393216,3e-05,1.6013730823993684,0.1956554800271988,0.8260691165924072,1910,0.001225831,-2.6178686410188674,0.00400390625,-0.0037751851545181126,0.1,,
193,1026,12.454382930000001,95.95,385,395264,3e-05,2.5031316868960856,0.38063082098960876,0.867806077003479,1920,0.0007649462,-2.636774057149887,0.00107421875,-0.0028143803821876643,0.1,,
194,1031,12.12597617,95.19,385,397312,3e-05,2.9491293638944627,0.33155909180641174,0.7130550742149353,1930,0.00085486576,-2.63000345826149,0.00341796875,-0.0030358861782588064,0.1,,
195,1036,10.728167700000002,95.32,385,399360,3e-05,3.258449349552393,0.43863943219184875,0.7628907561302185,1940,0.00082851766,-2.615360453724861,0.002099609375,-0.0029691131581785156,0.1,,
,,,,,400000,3e-05,3.348691727221012,0.6073221564292908,0.8639382719993591,1950,0.0009494263,-2.647402685880661,0.001708984375,-0.0034175200562458485,0.1,13.870631408691406,89.2
196,1042,10.185109390000003,95.61,384,401408,,,,,,,,,,,,
197,1047,10.163420839999997,95.54,385,403456,3e-05,3.267415627837181,0.6305139660835266,0.7481358051300049,1960,0.00067863835,-2.6460858315229414,0.00185546875,-0.0027774081798270346,0.1,,
198,1052,10.954351979999998,96.25,385,405504,3e-05,2.8767304211854934,0.5039729475975037,0.8010615110397339,1970,0.0010522904,-2.623791018128395,0.00927734375,-0.0036350267298985274,0.1,,
199,1057,10.844675489999995,96.03,385,407552,3e-05,2.67519671022892,0.4858425259590149,0.861438512802124,1980,0.00080053153,-2.6267805486917495,0.00380859375,-0.002563568702316843,0.1,,
200,1062,13.071792030000001,93.93,385,409600,3e-05,2.4024552524089815,0.5360607504844666,0.8838062882423401,1990,0.0013836815,-2.6435488730669023,0.007177734375,-0.004487330629490316,0.1,,
,,,,,410000,3e-05,2.4942334324121473,0.5272783041000366,0.8238949179649353,2000,0.00091459276,-2.62344543337822,0.0021484375,-0.0030056002869969234,0.1,13.567020606994628,93.0
201,1068,13.638002619999998,94.48,385,411648,,,,,,,,,,,,
202,1073,13.498347139999998,93.43,385,413696,3e-05,2.4896021887660025,0.40087032318115234,0.8911948800086975,2010,0.00122225,-2.6293924778699873,0.007861328125,-0.0037140081418328918,0.1,,
203,1079,13.10869684,93.46,385,415744,3e-05,3.6826318949460983,0.7546171545982361,0.8482785224914551,2020,0.0009775402,-2.6200508385896684,0.006201171875,-0.003304989606840536,0.1,,
204,1084,13.12471967,94.18,385,417792,3e-05,3.232782879471779,0.6158208250999451,0.8325265645980835,2030,0.00082314364,-2.577126795053482,0.001513671875,-0.0032052176888100804,0.1,,
205,1089,11.26404243,95.4,385,419840,3e-05,2.5886509463191034,0.5025739669799805,0.811398446559906,2040,0.0007953772,-2.5984243392944335,0.001416015625,-0.002559090420254506,0.1,,
,,,,,420000,3e-05,2.468970861285925,0.39934974908828735,0.840602457523346,2050,0.0008746439,-2.625896397233009,0.001513671875,-0.003679896637913771,0.1,9.728552341461182,100.8
206,1096,11.698714200000001,96.87,384,421888,,,,,,,,,,,,
207,1101,12.62676107,96.49,384,423936,3e-05,2.599945593625307,0.6053109765052795,0.8565112948417664,2060,0.0011941255,-2.635665935277939,0.012744140625,-0.004215147905051708,0.1,,
208,1106,11.999541789999999,97.38,385,425984,3e-05,2.2664028972387316,0.4310326874256134,0.8978756070137024,2070,0.001021396,-2.6342014580965043,0.00439453125,-0.003292226992198266,0.1,,
209,1111,12.022801509999999,97.18,385,428032,3e-05,2.771459674835205,0.3892592191696167,0.8536226153373718,2080,0.0006297286,-2.6322207689285277,0.00029296875,-0.00297959620365873,0.1,,
,,,,,430000,3e-05,2.288423205167055,0.36295077204704285,0.8566346168518066,2090,0.00096949795,-2.6365048706531526,0.001806640625,-0.0034035242366371675,0.1,6.710921764373779,96.0
210,1117,12.594192559999996,96.15,384,430080,,,,,,,,,,,,
211,1123,11.711487709999998,97.48,384,432128,3e-05,2.530962865054607,0.42678725719451904,0.865852952003479,2100,0.0010655217,-2.627047911286354,0.005322265625,-0.0041815300559392195,0.1,,
212,1128,11.817301549999998,97.95,384,434176,3e-05,2.86034437417984,0.5726959109306335,0.8599017858505249,2110,0.00094060635,-2.6708079874515533,0.0029296875,-0.003444391940138303,0.1,,
213,1133,11.384884529999997,98.19,384,436224,3e-05,2.3757364004850388,0.41695311665534973,0.8579074740409851,2120,0.0010070816,-2.6132554739713667,0.002880859375,-0.003529847470781533,0.1,,
214,1139,10.41320023,97.17,384,438272,3e-05,3.0817585825920104,0.6041194796562195,0.8481724858283997,2130,0.0005082523,-2.629440778493881,9.765625e-05,-0.002402972657000646,0.1,,
,,,,,440000,3e-05,3.166271637380123,0.5886634588241577,0.8441150784492493,2140,0.0009001386,-2.5873057305812837,0.004931640625,-0.0030892227601725607,0.1,16.53618640899658,93.2
215,1145,11.75488248,94.57,384,440320,,,,,,,,,,,,
216,1150,11.789749970000003,94.96,384,442368,3e-05,2.7541460141539575,0.43263155221939087,0.8113312721252441,2150,0.00089050306,-2.5844781786203384,0.0029296875,-0.00318920774734579,0.1,,
217,1155,11.589003340000001,95.1,384,444416,3e-05,1.5766859173774719,0.23325896263122559,0.8545142412185669,2160,0.0019016067,-2.6091159880161285,0.0212890625,-0.00575096441898495,0.1,,
218,1160,12.47807311,94.57,384,446464,3e-05,2.305052399635315,0.4550231695175171,0.8257831931114197,2170,0.0012568831,-2.603402206301689,0.006982421875,-0.004659821468521841,0.1,,
219,1165,12.485082429999999,95.06,384,448512,3e-05,1.8205699428915978,0.31269755959510803,0.8187510967254639,2180,0.0014527756,-2.5966854870319365,0.017333984375,-0.004934333634446375,0.1,,
,,,,,450000,3e-05,1.9258601650595666,0.3338538110256195,0.8779699802398682,2190,0.0013721855,-2.5669863641262056,0.00751953125,-0.003989235483459197,0.1,13.861358428001404,100.4
220,1172,12.635372340000002,95.46,384,450560,,,,,,,,,,,,
221,1177,12.574780620000002,95.42,384,452608,3e-05,2.1477071918547153,0.374429851770401,0.8252231478691101,2200,0.0013364046,-2.5602015763521195,0.013671875,-0.004852537880651653,0.1,,
222,1183,12.69907977,94.73,384,454656,3e-05,2.9623345121741296,0.6146519780158997,0.7820615172386169,2210,0.00086883095,-2.586876207590103,0.005224609375,-0.0032095865812152625,0.1,,
223,1188,12.62686068,95.76,384,456704,3e-05,3.5154340296983717,0.5965588092803955,0.7596477270126343,2220,0.0008075497,-2.603223040699959,0.001025390625,-0.002938629747950472,0.1,,
224,1193,14.194553269999998,95.08,384,458752,3e-05,3.3209771625697613,0.5516988039016724,0.6997678279876709,2230,0.0009266959,-2.5658857077360153,0.005078125,-0.003091068210778758,0.1,,
,,,,,460000,3e-05,2.0793240942060947,0.374028742313385,0.8810469508171082,2240,0.0020523234,-2.52255494594574,0.0296875,-0.005480653326958418,0.1,16.06443819999695,86.6
225,1199,13.801886619999998,94.42,384,460800,,,,,,,,,,,,
226,1205,14.05687851,94.13,384,462848,3e-05,4.373771251738072,0.9421888589859009,0.8613433837890625,2250,0.0005686727,-2.521990257501602,0.0,-0.0022785749228205533,0.1,,
227,1210,13.95429091,94.4,384,464896,3e-05,3.9018055200576782,0.6851958632469177,0.7782846093177795,2260,0.0007832192,-2.517867571115494,0.0009765625,-0.0029557861445937304,0.1,,
228,1215,14.26167072,94.6,384,466944,3e-05,2.669003638625145,0.4855046272277832,0.876998782157898,2270,0.0012370915,-2.4871216893196104,0.011083984375,-0.004046295984880999,0.1,,
229,1220,13.98547599,94.06,384,468992,3e-05,2.692433904111385,0.6053499579429626,0.8492948412895203,2280,0.0014925767,-2.468962034583092,0.014013671875,-0.003944306570338086,0.1,,
,,,,,470000,3e-05,2.0551861219108103,0.36039891839027405,0.866775631904602,2290,0.0014311493,-2.4851243942976,0.013427734375,-0.0036647974164225163,0.1,23.128571701049804,79.4
230,1226,14.513358890000001,94.77,384,471040,,,,,,,,,,,,
231,1231,15.69103756,94.18,384,473088,3e-05,3.3355868726968767,0.51138836145401,0.810799241065979,2300,0.0012496151,-2.4796994417905807,0.016455078125,-0.003285702594439499,0.1,,
232,1237,16.111296270000004,93.17,384,475136,3e-05,2.353467608988285,0.5818016529083252,0.8681378364562988,2310,0.0013421767,-2.474697521328926,0.01435546875,-0.004374863888369873,0.1,,
233,1242,15.663288750000001,92.65,384,477184,3e-05,3.330236315727234,0.5609028935432434,0.8612629175186157,2320,0.0018731332,-2.4577738136053084,0.01923828125,-0.004339595383498818,0.1,,
234,1247,16.652861310000002,92.34,384,479232,3e-05,2.7304794646799566,0.5408042073249817,0.8223330974578857,2330,0.0010920442,-2.4560894459486007,0.00380859375,-0.0032168894744245336,0.1,,
,,,,,480000,3e-05,2.2696372732520103,0.49405670166015625,0.8525363206863403,2340,0.0016982934,-2.4017082333564757,0.019482421875,-0.0038764241413446142,0.1,11.802131128311157,97.8
235,1253,16.143227929999995,92.62,383,481280,,,,,,,,,,,,
236,1258,14.982028029999997,92.88,384,483328,3e-05,2.9370168074965477,0.5890735983848572,0.8287324905395508,2350,0.0010423484,-2.4154481410980226,0.002490234375,-0.0031566952588036657,0.1,,
237,1263,14.704866210000004,93.55,384,485376,3e-05,2.9117294415831565,0.3902091085910797,0.7059316039085388,2360,0.0011149342,-2.428979495167732,0.00986328125,-0.003589430035208352,0.1,,
238,1268,14.49307368,94.0,384,487424,3e-05,2.2599560275673864,0.3306277394294739,0.7800208330154419,2370,0.0009756797,-2.4185626566410066,0.002587890625,-0.002970401305356063,0.1,,
239,1273,14.26427831,95.38,384,489472,3e-05,2.6094987988471985,0.5823701620101929,0.748952329158783,2380,0.00144853,-2.3954305350780487,0.01318359375,-0.003481521544745192,0.1,,
,,,,,490000,3e-05,2.756858928501606,0.5513832569122314,0.7892538905143738,2390,0.00086616643,-2.426742136478424,0.00224609375,-0.002692374589969404,0.1,13.814198684692382,91.8
240,1280,14.008292890000002,94.98,383,491520,,,,,,,,,,,,
241,1285,15.083098830000004,94.84,383,493568,3e-05,1.4211726009845733,0.2670687139034271,0.8532650470733643,2400,0.0022137638,-2.394441086053848,0.03115234375,-0.005417780792049598,0.1,,
242,1290,15.3610146,94.85,383,495616,3e-05,1.7379230462014674,0.22604669630527496,0.8393750786781311,2410,0.0015346124,-2.3902799516916273,0.01298828125,-0.003521745340549387,0.1,,
243,1296,16.5516297,94.29,383,497664,3e-05,2.194898519665003,0.37261468172073364,0.8803603053092957,2420,0.0019308728,-2.384741672873497,0.024658203125,-0.005454452824778855,0.1,,
244,1301,16.77884184,93.3,383,499712,3e-05,2.164639624208212,0.40363454818725586,0.9019667506217957,2430,0.0014842274,-2.3885800421237944,0.0095703125,-0.0037904903932940216,0.1,,
,,,,,500000,3e-05,2.8043094635009767,0.545351505279541,0.7965261936187744,2440,0.0008634388,-2.384921556711197,0.000927734375,-0.002930864674272016,0.1,14.558563709259033,94.2
245,1307,16.81922093,94.0,383,501760,,,,,,,,,,,,
246,1313,16.33726596,93.92,383,503808,3e-05,2.5477828003466128,0.5059007406234741,0.8700172901153564,2450,0.0014474337,-2.4125939190387724,0.0130859375,-0.004130302631529048,0.1,,
247,1318,16.768673030000002,93.15,383,505856,3e-05,3.94851945489645,0.7153905034065247,0.7414712905883789,2460,0.0010042328,-2.368129149079323,0.005908203125,-0.003245767398038879,0.1,,
248,1323,16.353068930000003,92.69,383,507904,3e-05,2.7210106894373896,0.5308163166046143,0.8739086985588074,2470,0.0011272586,-2.365159440040588,0.005859375,-0.003318261455569882,0.1,,
249,1329,15.84152609,92.61,383,509952,3e-05,2.2832167662680147,0.41280415654182434,0.8192827701568604,2480,0.0010567694,-2.384532129764557,0.00615234375,-0.002732904182630591,0.1,,
,,,,,510000,3e-05,2.4422857582569124,0.4507851004600525,0.8829935193061829,2490,0.0010302837,-2.3919778257608413,0.003955078125,-0.0031526746839517727,0.1,16.91277394294739,98.0
250,1335,14.102312269999997,93.49,383,512000,,,,,,,,,,,,
251,1340,15.26016821,93.02,383,514048,3e-05,3.674815317988396,0.6321288347244263,0.8473026752471924,2500,0.0008236428,-2.3482565850019457,0.001171875,-0.002892597042955458,0.1,,
252,1345,14.678872039999998,94.58,383,516096,3e-05,2.4381513208150865,0.4651064872741699,0.8659144639968872,2510,0.0017864087,-2.3330888956785203,0.02275390625,-0.00454726506723091,0.1,,
253,1351,15.35955556,94.0,383,518144,3e-05,2.765648806095123,0.5288021564483643,0.7421108484268188,2520,0.00071976753,-2.379137122631073,0.005517578125,-0.002857418154599145,0.1,,
,,,,,520000,3e-05,2.053379688411951,0.3090813457965851,0.8619802594184875,2530,0.0015336426,-2.3319274961948393,0.009423828125,-0.003750025702174753,0.1,15.677391910552979,85.4
254,1357,14.556916959999999,94.58,383,520192,,,,,,,,,,,,
255,1362,15.02250438,94.63,383,522240,3e-05,2.8852082028985024,0.4753679931163788,0.8241477608680725,2540,0.0008799629,-2.3755834460258485,0.00517578125,-0.0023820669768610967,0.1,,
256,1368,15.04060228,95.09,383,524288,3e-05,2.5085528388619425,0.47530293464660645,0.8387665748596191,2550,0.0006888859,-2.3289207339286806,0.003466796875,-0.0027066182839917017,0.1,,
257,1373,14.581310919999998,95.06,383,526336,3e-05,2.325258842110634,0.555566668510437,0.798179566860199,2560,0.0014426593,-2.3174915701150893,0.0115234375,-0.0032918589538894595,0.1,,
258,1378,15.573240159999997,94.2,383,528384,3e-05,2.1794299758970737,0.4774015545845032,0.8108083605766296,2570,0.0013301219,-2.375722435116768,0.01181640625,-0.003108526609139517,0.1,,
,,,,,530000,3e-05,1.9700601018965245,0.3239743709564209,0.856763482093811,2580,0.00095236953,-2.3696186184883117,0.0013671875,-0.0021465338009875267,0.1,20.827577149868013,83.4
259,1384,15.845821309999998,94.35,383,530432,,,,,,,,,,,,
260,1389,15.532638389999997,94.16,383,532480,3e-05,2.5870125614106656,0.41913852095603943,0.7800110578536987,2590,0.0012690339,-2.3659652948379515,0.01533203125,-0.0036726071673911067,0.1,,
261,1394,14.47647164,94.54,383,534528,3e-05,2.466880038380623,0.39850908517837524,0.831628680229187,2600,0.0011366911,-2.3413538873195647,0.003662109375,-0.0030762419744860383,0.1,,
262,1400,14.556141949999999,93.62,383,536576,3e-05,3.1487668454647064,0.4617701470851898,0.8027352094650269,2610,0.0011796423,-2.3347144603729246,0.006982421875,-0.002713739845785312,0.1,,
263,1405,14.508726629999998,94.46,383,538624,3e-05,2.0205219760537148,0.40919625759124756,0.8734419941902161,2620,0.0022375016,-2.372416427731514,0.03056640625,-0.004810208879644051,0.1,,
,,,,,540000,3e-05,1.8768743559718133,0.3238270878791809,0.8691592812538147,2630,0.0014945514,-2.3350217193365097,0.01181640625,-0.003861421901092399,0.1,14.807297158241273,95.0
264,1412,15.120761869999999,94.04,382,540672,,,,,,,,,,,,
265,1417,15.832982849999999,94.33,382,542720,3e-05,1.6534580655395985,0.2365121841430664,0.8748340010643005,2640,0.002253467,-2.3528606325387953,0.035888671875,-0.004846930364146828,0.1,,
266,1422,16.893209300000002,93.1,383,544768,3e-05,1.6217936180531978,0.29539504647254944,0.8584619164466858,2650,0.0013439106,-2.315015584230423,0.0150390625,-0.0037500827835174277,0.1,,
267,1427,16.58065094,94.21,383,546816,3e-05,4.097354879230261,0.9468214511871338,0.8423438668251038,2660,0.0008461098,-2.312456154823303,0.007861328125,-0.003180520737078041,0.1,,
268,1432,16.732898319999997,94.0,383,548864,3e-05,1.6679056584835052,0.3411758840084076,0.8968345522880554,2670,0.001323313,-2.3045805960893633,0.0091796875,-0.002677928315824829,0.1,,
,,,,,550000,3e-05,1.9232423886656762,0.4127255082130432,0.8730413913726807,2680,0.0011606636,-2.2860651940107344,0.009375,-0.0033417874306906014,0.1,16.872642028331757,87.2
269,1438,16.911601549999997,92.5,383,550912,,,,,,,,,,,,
270,1443,16.53085949,92.92,383,552960,3e-05,2.1391666904091835,0.3475635349750519,0.8323379755020142,2690,0.0017066316,-2.2906174272298814,0.016796875,-0.0040704859857214615,0.1,,
271,1448,16.451182950000003,93.73,383,555008,3e-05,1.8253898821771144,0.3291223645210266,0.8542706370353699,2700,0.001356038,-2.308761164546013,0.01044921875,-0.003089701756834984,0.1,,
272,1453,16.736305830000003,93.2,383,557056,3e-05,2.071982228755951,0.44166409969329834,0.8679244518280029,2710,0.0011447503,-2.2864201724529267,0.011669921875,-0.0041658211324829605,0.1,,
273,1458,16.43257501,92.97,383,559104,3e-05,2.744226456433535,0.4471495747566223,0.8637038469314575,2720,0.0010867504,-2.2915499836206434,0.0080078125,-0.003282077568292152,0.1,,
,,,,,560000,3e-05,1.8499675750732423,0.30364954471588135,0.8569172024726868,2730,0.0022736927,-2.3122673273086547,0.036328125,-0.004566244757734239,0.1,15.118844985961914,90.2
274,1464,16.936439710000002,93.89,383,561152,,,,,,,,,,,,
275,1469,16.87320356,93.8,383,563200,3e-05,1.7791510343551635,0.24878954887390137,0.8544989824295044,2740,0.002633344,-2.3401884377002715,0.037255859375,-0.00493281889212085,0.1,,
276,1474,16.914584809999997,93.84,383,565248,3e-05,2.902723728120327,0.6336238384246826,0.8342530727386475,2750,0.0010716041,-2.3274436473846434,0.00673828125,-0.0028835289151174946,0.1,,
277,1479,16.032203760000005,94.12,383,567296,3e-05,2.4271284244954585,0.5739803314208984,0.7876930236816406,2760,0.00078167534,-2.345096954703331,0.004248046875,-0.0021985267114359884,0.1,,
278,1484,16.172315490000003,95.08,383,569344,3e-05,2.497630886733532,0.5800341963768005,0.7791564464569092,2770,0.000906964,-2.3452803432941436,0.00224609375,-0.0026757851941511036,0.1,,
,,,,,570000,3e-05,1.8142042472958564,0.3029259145259857,0.881794810295105,2780,0.0019138562,-2.304614731669426,0.019091796875,-0.004510819487040863,0.1,20.6236478805542,96.2
279,1490,14.967326989999998,94.41,383,571392,,,,,,,,,,,,
280,1495,16.07479036,93.42,383,573440,3e-05,3.13908943682909,0.6141860485076904,0.7633782029151917,2790,0.0013910885,-2.3347450256347657,0.012109375,-0.003647400258341804,0.1,,
281,1500,16.3799709,93.11,383,575488,3e-05,1.8234305486083031,0.2687176465988159,0.8739427924156189,2800,0.0014951095,-2.304302287101746,0.014404296875,-0.004138532886281609,0.1,,
282,1506,16.49063073,93.62,383,577536,3e-05,2.1363465256989,0.369579941034317,0.8768048286437988,2810,0.0013050738,-2.295259174704552,0.012109375,-0.00406255197012797,0.1,,
283,1511,17.26593971,93.12,383,579584,3e-05,2.2858361512422563,0.4037855863571167,0.8830540776252747,2820,0.0009933364,-2.331219694018364,0.001318359375,-0.0025907110670232215,0.1,,
,,,,,580000,3e-05,1.9967029720544816,0.4387323558330536,0.8440475463867188,2830,0.001841482,-2.319141986966133,0.02021484375,-0.004816541788750328,0.1,13.439374732971192,87.8
284,1517,17.68224124,93.22,383,581632,,,,,,,,,,,,
285,1522,17.41825934,92.7,383,583680,3e-05,1.6098472520709037,0.32716691493988037,0.8362272381782532,2840,0.0014058552,-2.319994556903839,0.009619140625,-0.0029225654812762513,0.1,,
286,1527,18.00145258,92.27,383,585728,3e-05,1.8096854738891124,0.2610231935977936,0.8765485882759094,2850,0.0016429287,-2.29294790327549,0.017919921875,-0.003728603752097115,0.1,,
287,1532,18.68993722,92.24,383,587776,3e-05,1.5510509088635445,0.2000371366739273,0.9004568457603455,2860,0.0020675575,-2.309326875209808,0.033203125,-0.005042993160896003,0.1,,
288,1537,17.99720907,92.45,383,589824,3e-05,2.2003373131155968,0.4300951361656189,0.8892591595649719,2870,0.0012628732,-2.304396319389343,0.008984375,-0.0029558968279161492,0.1,,
,,,,,590000,3e-05,2.5500478014349937,0.45355746150016785,0.8175811767578125,2880,0.0010125557,-2.3165185153484344,0.004541015625,-0.0026092731393873693,0.1,17.70852174758911,94.4
289,1543,18.337025819999997,92.96,383,591872,,,,,,,,,,,,
290,1548,17.64179167,92.93,383,593920,3e-05,1.6220771368592977,0.21178022027015686,0.8790736198425293,2890,0.0018297259,-2.311867964267731,0.02275390625,-0.004637661296874285,0.1,,
291,1553,17.41970004,93.09,383,595968,3e-05,2.075253687798977,0.47392839193344116,0.8380687832832336,2900,0.0016031258,-2.323703074455261,0.011669921875,-0.003781252520275302,0.1,,
292,1558,17.16414985,94.28,383,598016,3e-05,2.060630411654711,0.37534433603286743,0.8768602013587952,2910,0.0012594031,-2.3129757165908815,0.009375,-0.003726949307019822,0.1,,
,,,,,600000,3e-05,1.9515090316534043,0.32903745770454407,0.904037356376648,2920,0.0014670505,-2.3073902428150177,0.0158203125,-0.0041850496549159285,0.1,16.272914123535156,90.0
293,1564,17.24904118,93.18,383,600064,,,,,,,,,,,,
294,1569,16.50846628,93.79,383,602112,3e-05,1.6024710103869437,0.3347662389278412,0.8687528371810913,2930,0.0017440766,-2.3305426716804503,0.022216796875,-0.0032370214234106244,0.1,,
295,1574,15.92927115,94.32,383,604160,3e-05,2.8545231498777865,0.5571851134300232,0.7915992736816406,2940,0.0007663231,-2.2972707390785216,0.000634765625,-0.0022158668492920698,0.1,,
296,1579,15.555966839999998,93.93,383,606208,3e-05,2.6238510854542256,0.42447584867477417,0.7595961689949036,2950,0.00080120726,-2.3125971376895906,0.0064453125,-0.003059536125510931,0.1,,
297,1584,14.857619809999996,94.48,383,608256,3e-05,2.4551191881299017,0.30978965759277344,0.7382246851921082,2960,0.0013015538,-2.358639344573021,0.016064453125,-0.0035924362571677195,0.1,,
,,,,,610000,3e-05,2.2336365036666392,0.3388717770576477,0.7761256694793701,2970,0.0011883822,-2.3490625113248824,0.018994140625,-0.0041914247063687075,0.1,14.919112882018089,96.8
298,1590,15.60372493,94.62,383,610304,,,,,,,,,,,,
299,1595,16.423524649999997,92.94,383,612352,3e-05,2.3417543210089207,0.41676977276802063,0.8352737426757812,2980,0.000500286,-2.334332400560379,0.00029296875,-0.0020562542500556446,0.1,,
300,1600,17.111086120000003,93.22,383,614400,3e-05,2.1330340899527074,0.3172398805618286,0.8770405054092407,2990,0.0013876029,-2.311061570048332,0.00849609375,-0.0035823802405502646,0.1,,
301,1605,16.372056900000004,93.29,383,616448,3e-05,2.628760327398777,0.4250931441783905,0.8615009188652039,3000,0.0008760295,-2.3560984462499617,0.001513671875,-0.0024859180441126226,0.1,,
302,1610,16.02836003,93.16,383,618496,3e-05,2.8055442951619627,0.5986698865890503,0.8560848832130432,3010,0.0013503343,-2.3499210596084597,0.0078125,-0.0038997475006908645,0.1,,
,,,,,620000,3e-05,2.3810854703187943,0.3841896951198578,0.6907035112380981,3020,0.0013399603,-2.3661909639835357,0.00751953125,-0.003496130689745769,0.1,11.2091523706913,94.8
303,1617,15.663796069999998,92.89,383,620544,,,,,,,,,,,,
304,1622,15.33574841,93.09,383,622592,3e-05,2.3014899104833604,0.374541699886322,0.8131834268569946,3030,0.0012798982,-2.361421748995781,0.00859375,-0.003638083377154544,0.1,,
305,1627,16.00436387,92.63,383,624640,3e-05,2.4418983392417433,0.2885764539241791,0.8773559927940369,3040,0.0011091963,-2.33992617726326,0.0046875,-0.00351113581637037,0.1,,
306,1632,16.831386170000002,92.5,383,626688,3e-05,2.6062249399721624,0.46712666749954224,0.8232862949371338,3050,0.00062919356,-2.361180779337883,0.001171875,-0.0022176383092300965,0.1,,
307,1637,16.46476086,92.52,383,628736,3e-05,2.171131670475006,0.44710278511047363,0.8284162282943726,3060,0.0015853117,-2.3636216461658477,0.007958984375,-0.004239152980153449,0.1,,
,,,,,630000,3e-05,2.988923365622759,0.5770033597946167,0.755879282951355,3070,0.0006322585,-2.347276735305786,0.000732421875,-0.0024786957481410356,0.1,13.663070583343506,106.2
308,1643,16.674779739999998,93.83,383,630784,,,,,,,,,,,,
309,1649,16.230042550000004,93.54,383,632832,3e-05,2.219816783070564,0.4021223187446594,0.8465663194656372,3080,0.0012223923,-2.3956732243299483,0.0076171875,-0.002930000313790515,0.1,,
310,2679,15.884439829999998,92.52,236,634880,3e-05,4.126997004449367,0.8308337926864624,0.8116386532783508,3090,0.00038523553,-2.3519830614328385,0.0,-0.001983905506494921,0.1,,
311,2815,15.81303608,94.22,226,636928,3e-05,2.1699220061302187,0.370985209941864,0.8562279343605042,3100,0.0010726292,-2.378093954920769,0.005859375,-0.0031837047805311157,0.1,,
312,2821,15.9822664,95.1,226,638976,3e-05,2.5565681882202624,0.6204307675361633,0.8304879069328308,3110,0.00094576005,-2.35313675403595,0.002294921875,-0.003032998021808453,0.1,,
,,,,,640000,3e-05,2.260137867182493,0.4443729519844055,0.8695453405380249,3120,0.0009991896,-2.380346116423607,0.00830078125,-0.0036743005359312518,0.1,20.307922458648683,90.8
313,2827,16.31468861,94.53,226,641024,,,,,,,,,,,,
314,2833,17.016152899999998,95.24,226,643072,3e-05,1.7357742831110954,0.24383200705051422,0.860346794128418,3130,0.0016527951,-2.3194892436265944,0.016943359375,-0.0032584815882728433,0.1,,
315,2839,15.670543710000002,94.43,227,645120,3e-05,1.6698630586266519,0.31073781847953796,0.8958540558815002,3140,0.0013293823,-2.3483118176460267,0.005126953125,-0.0031658154213801025,0.1,,
316,2845,15.063736849999998,94.09,227,647168,3e-05,4.001406182348728,0.7264023423194885,0.7965918779373169,3150,0.00064186746,-2.275600251555443,0.006982421875,-0.0028491485893027855,0.1,,
317,2851,15.11490401,93.81,227,649216,3e-05,3.2767083540558817,0.5210061073303223,0.8544949293136597,3160,0.0011306296,-2.3206010550260543,0.006005859375,-0.003789011934713926,0.1,,
,,,,,650000,3e-05,2.4161054655909537,0.31957805156707764,0.8702125549316406,3170,0.00090383814,-2.335255977511406,0.004052734375,-0.0029124150751158595,0.1,19.37750110626221,89.4
318,2858,14.447634520000001,95.13,227,651264,,,,,,,,,,,,
319,2863,15.53252041,94.47,228,653312,3e-05,2.3586264446377756,0.4883124828338623,0.7766854763031006,3180,0.0011909362,-2.3137986093759535,0.006689453125,-0.003195524660986848,0.1,,
320,2868,16.37097838,95.18,228,655360,3e-05,2.1794290535151957,0.3158663809299469,0.8581128120422363,3190,0.0012428175,-2.2849757343530657,0.00693359375,-0.00323572019697167,0.1,,
321,2873,17.765056459999997,95.23,228,657408,3e-05,2.007983749359846,0.3064888119697571,0.8498271703720093,3200,0.0011696158,-2.2753480851650236,0.00712890625,-0.00338514143077191,0.1,,
322,2879,17.306274779999995,95.29,229,659456,3e-05,1.8104409351944923,0.282799631357193,0.8788593411445618,3210,0.0017754289,-2.259417340159416,0.015576171875,-0.004135490572662093,0.1,,
,,,,,660000,3e-05,2.3217446275055407,0.4432579278945923,0.8614648580551147,3220,0.0010674921,-2.277260160446167,0.00537109375,-0.002748041732411366,0.1,24.973001861572264,89.0
323,2885,17.973877960000003,94.61,229,661504,,,,,,,,,,,,
324,2890,18.559781270000002,95.16,229,663552,3e-05,1.5020888887345791,0.22277289628982544,0.8806842565536499,3230,0.0019347515,-2.2826284617185593,0.03056640625,-0.004401540537946858,0.1,,
325,2895,18.30889424,94.85,229,665600,3e-05,2.3493966035544873,0.5017350912094116,0.8885433077812195,3240,0.0015399539,-2.2591986119747163,0.027001953125,-0.0048800039920024576,0.1,,
326,2900,17.675490879999998,94.84,230,667648,3e-05,2.1129142090678217,0.4058809280395508,0.8450686931610107,3250,0.0017338234,-2.2429866224527357,0.01171875,-0.004350460431305691,0.1,,
327,2905,17.32371353,94.59,230,669696,3e-05,2.0325070939958096,0.3184647858142853,0.8562833070755005,3260,0.0015524531,-2.240633523464203,0.028759765625,-0.003988808699068614,0.1,,
,,,,,670000,3e-05,2.5915746949613094,0.4306752383708954,0.8512676358222961,3270,0.0013307572,-2.325283518433571,0.012353515625,-0.00430508947611088,0.1,18.40991344451904,92.4
328,2911,16.64697572,95.23,230,671744,,,,,,,,,,,,
329,2916,15.705326029999998,95.8,231,673792,3e-05,2.7351170495152473,0.6185113787651062,0.8182397484779358,3280,0.00088925485,-2.2757280439138414,0.003369140625,-0.0027291293372400105,0.1,,
330,2921,16.46150203,95.21,231,675840,3e-05,2.4470133930444717,0.5589091777801514,0.8180935978889465,3290,0.00092445157,-2.255892661213875,0.003759765625,-0.0029900619592808653,0.1,,
331,2927,17.09911895,95.01,231,677888,3e-05,2.2559338733553886,0.4549963176250458,0.8792514801025391,3300,0.0014167756,-2.2489174216985703,0.015869140625,-0.0037485408422071485,0.1,,
332,2932,17.762554410000003,93.2,231,679936,3e-05,1.8659328930079937,0.277582049369812,0.8823328018188477,3310,0.0015593844,-2.24793755710125,0.013330078125,-0.0030157982590026224,0.1,,
,,,,,680000,3e-05,1.6284838188439608,0.16974958777427673,0.9156222343444824,3320,0.0016275647,-2.2659623652696608,0.025244140625,-0.0040034102508798245,0.1,21.479347229003906,89.0
333,2938,18.09222718,92.87,232,681984,,,,,,,,,,,,
334,2943,17.793426,92.59,232,684032,3e-05,2.531105713546276,0.3207148611545563,0.8181133270263672,3330,0.0010891088,-2.261805146932602,0.01416015625,-0.003791062151140068,0.1,,
335,2948,17.43186765,93.61,232,686080,3e-05,1.9040207527577877,0.2696009874343872,0.8587579727172852,3340,0.001322929,-2.244211831688881,0.01015625,-0.0038690837158355863,0.1,,
336,2953,17.39337393,93.92,233,688128,3e-05,2.3508644215762615,0.3974972367286682,0.8644285202026367,3350,0.0010515796,-2.3070015907287598,0.006494140625,-0.003166309036896564,0.1,,
,,,,,690000,3e-05,1.7515749908983707,0.22035634517669678,0.87567138671875,3360,0.0012984101,-2.2362621277570724,0.013427734375,-0.003969523799605667,0.1,17.612201404571532,101.2
337,2959,17.752237159999996,93.31,233,690176,,,,,,,,,,,,
338,2964,17.32620127,93.34,233,692224,3e-05,1.6993111830204726,0.26101213693618774,0.8623913526535034,3370,0.0019638152,-2.2079968303442,0.03212890625,-0.004377483369898983,0.1,,
339,2969,18.20042934,93.14,233,694272,3e-05,1.952892541140318,0.3550260663032532,0.8612412810325623,3380,0.0018514759,-2.2546595692634583,0.022412109375,-0.004852769136778079,0.1,,
340,2974,17.57142937,92.7,234,696320,3e-05,1.8201756596565246,0.3883848488330841,0.8049037456512451,3390,0.0021308481,-2.2311061203479765,0.03291015625,-0.005776876237359829,0.1,,
341,2979,18.026882820000004,91.65,234,698368,3e-05,2.7836822405457498,0.6270226836204529,0.8235154151916504,3400,0.0011428917,-2.2155789911746977,0.005419921875,-0.003837432898581028,0.1,,
,,,,,700000,3e-05,1.8052563861012458,0.38975226879119873,0.8197258710861206,3410,0.0011209885,-2.2204181224107744,0.01533203125,-0.003937273973133415,0.1,28.497948837280273,77.0
342,2985,17.686978879999998,92.62,234,700416,,,,,,,,,,,,
343,2990,17.593727419999997,94.23,234,702464,3e-05,2.405767037719488,0.33157870173454285,0.7765511274337769,3420,0.0012674427,-2.2548452973365785,0.01064453125,-0.0030133628417388534,0.1,,
344,2995,17.836178000000004,93.91,235,704512,3e-05,1.8410060666501522,0.44820183515548706,0.8583253026008606,3430,0.0016663388,-2.2969483494758607,0.02099609375,-0.005074309685733169,0.1,,
345,3000,16.48063961,95.45,235,706560,3e-05,1.6211470656096936,0.2507638931274414,0.8618565797805786,3440,0.0018783435,-2.25213762819767,0.031982421875,-0.0056940831593237816,0.1,,
346,3005,16.57537665,94.28,235,708608,3e-05,1.475803119689226,0.2476784586906433,0.8549611568450928,3450,0.0014626667,-2.2790169954299926,0.01435546875,-0.0036944460618542506,0.1,,
,,,,,710000,3e-05,2.935605049133301,0.5440504550933838,0.8296103477478027,3460,0.00087563583,-2.2669024527072907,0.00927734375,-0.0031691856653196736,0.1,15.747436332702637,98.2
347,3011,16.99182471,94.39,235,710656,,,,,,,,,,,,
348,3016,17.65087894,93.08,236,712704,3e-05,2.4997684761881827,0.3678950369358063,0.8415675759315491,3470,0.000962958,-2.2931518465280534,0.005029296875,-0.0028986248740693553,0.1,,
349,3021,17.78053619,93.16,236,714752,3e-05,2.6900041468441485,0.49255600571632385,0.8274261355400085,3480,0.00094014243,-2.322169101238251,0.004638671875,-0.0029280413029482586,0.1,,
350,3026,17.629910260000003,93.81,236,716800,3e-05,2.341390968114138,0.3335646092891693,0.8553112745285034,3490,0.0009813675,-2.314750242233276,0.001904296875,-0.0026834892938495613,0.1,,
351,3031,18.31374404,93.33,237,718848,3e-05,2.2601317346096037,0.2815690338611603,0.8660614490509033,3500,0.0012857817,-2.339027988910675,0.004248046875,-0.004096059376024641,0.1,,
,,,,,720000,3e-05,2.450904556363821,0.4430905878543854,0.8785881996154785,3510,0.0010582692,-2.2853791922330857,0.00537109375,-0.0031152627139817922,0.1,19.655463218688965,91.8
352,3037,18.14765379,93.09,237,720896,,,,,,,,,,,,
353,3042,17.764142930000002,93.19,237,722944,3e-05,1.9641374103724956,0.27696025371551514,0.8515992760658264,3520,0.0013975853,-2.333335506916046,0.0068359375,-0.0034229367767693473,0.1,,
354,3047,17.8084119,93.18,237,724992,3e-05,2.3105138525366784,0.31966379284858704,0.867874801158905,3530,0.00071306375,-2.34429347217083,0.001904296875,-0.0030971230298746377,0.1,,
355,3053,17.33842817,93.72,238,727040,3e-05,2.5497322633862494,0.3745498061180115,0.819138765335083,3540,0.00085759186,-2.3335738450288774,0.003173828125,-0.0028773459838703276,0.1,,
356,3058,16.832705109999996,94.16,238,729088,3e-05,2.169282169640064,0.41657325625419617,0.8737371563911438,3550,0.0011568298,-2.345099976658821,0.00732421875,-0.00356164533586707,0.1,,
,,,,,730000,3e-05,1.9816711321473122,0.31905993819236755,0.8486003875732422,3560,0.0010488381,-2.275090590119362,0.004345703125,-0.0027396532997954635,0.1,19.081597805023193,90.4
357,3064,16.345641999999998,94.92,238,731136,,,,,,,,,,,,
358,3069,16.64114461,94.69,238,733184,3e-05,1.7252789609134198,0.4108499586582184,0.8757902383804321,3570,0.0011072402,-2.3407357305288317,0.017431640625,-0.004418271334725432,0.1,,
359,3074,16.55348531,94.74,239,735232,3e-05,1.9029296517372132,0.3279437720775604,0.862462043762207,3580,0.0018800318,-2.304656320810318,0.021875,-0.004757263482315466,0.1,,
360,3079,16.12401144,95.72,239,737280,3e-05,2.2762846134603025,0.4017454981803894,0.7962390184402466,3590,0.0008672344,-2.2933973520994186,0.00654296875,-0.00339153292006813,0.1,,
361,3084,16.251200129999997,94.86,239,739328,3e-05,2.4757431134581567,0.3897762894630432,0.8311647176742554,3600,0.0011206856,-2.2978034198284147,0.00849609375,-0.004410762616316788,0.1,,
,,,,,740000,3e-05,2.309391525387764,0.3522682189941406,0.8522422313690186,3610,0.0010821387,-2.268664339184761,0.00595703125,-0.0039036002504872157,0.1,18.23025760650635,98.2
362,3090,16.56654076,95.35,239,741376,,,,,,,,,,,,
363,3095,17.057428960000003,94.26,240,743424,3e-05,2.191960785537958,0.4143105745315552,0.8542711734771729,3620,0.0011938233,-2.26657457947731,0.0169921875,-0.004558664461364969,0.1,,
364,3100,17.038940580000002,94.18,240,745472,3e-05,2.0150813683867455,0.3702605962753296,0.8544089794158936,3630,0.0008545665,-2.283038300275803,0.003466796875,-0.0031992742733564228,0.1,,
365,3105,16.543471769999996,93.58,240,747520,3e-05,3.032997703552246,0.4450548589229584,0.8797921538352966,3640,0.0010887375,-2.288976603746414,0.007763671875,-0.0035115395818138494,0.1,,
366,3110,16.892628539999997,92.93,240,749568,3e-05,2.3116271182894708,0.4486929178237915,0.7968995571136475,3650,0.001528815,-2.253601410984993,0.014599609375,-0.0035310545965330674,0.1,,
,,,,,750000,3e-05,1.8666440643370152,0.34898874163627625,0.8571583032608032,3660,0.00083527283,-2.2781265139579774,0.00283203125,-0.0027496598471770995,0.1,21.816389656066896,93.8
367,3116,16.36425648,93.81,241,751616,,,,,,,,,,,,
368,3121,17.521039209999998,93.39,241,753664,3e-05,2.392229379713535,0.5361232757568359,0.8619537949562073,3670,0.001226146,-2.2623260498046873,0.004736328125,-0.003164251515408978,0.1,,
369,3126,18.283446639999998,93.43,241,755712,3e-05,2.7882681116461754,0.43731871247291565,0.8737287521362305,3680,0.0007472805,-2.2902760088443754,0.002294921875,-0.0032166541990591214,0.1,,
370,3131,18.81445793,93.83,241,757760,3e-05,1.9887512177228928,0.3090217113494873,0.8139358758926392,3690,0.001092574,-2.3098679214715956,0.00654296875,-0.003620102728018537,0.1,,
371,3136,18.439620090000002,92.54,242,759808,3e-05,1.9743987396359444,0.4351845681667328,0.8861976861953735,3700,0.0017144311,-2.2518760442733763,0.022802734375,-0.004531063017202542,0.1,,
,,,,,760000,3e-05,3.930913271009922,0.5661682486534119,0.7732569575309753,3710,0.00055855984,-2.248035752773285,0.000732421875,-0.0025153332011541353,0.1,27.466415786743163,84.4
372,3142,18.740255760000004,93.15,242,761856,,,,,,,,,,,,
373,3147,19.30175379,92.7,242,763904,3e-05,2.258936320990324,0.4041236340999603,0.7939528822898865,3720,0.000666064,-2.2663021951913835,0.00458984375,-0.003045402806310449,0.1,,
374,3153,19.38954909,93.27,242,765952,3e-05,1.6329332619905472,0.27448710799217224,0.89932781457901,3730,0.001462214,-2.2702542424201964,0.024169921875,-0.004659285131492652,0.1,,
375,3158,18.68868408,93.45,243,768000,3e-05,1.5825712352991104,0.26422664523124695,0.9086476564407349,3740,0.001401564,-2.241409581899643,0.015283203125,-0.004255847012973391,0.1,,
,,,,,770000,3e-05,1.699278426170349,0.28969407081604004,0.9186577796936035,3750,0.001823374,-2.2907911986112595,0.030078125,-0.0049795554688898845,0.1,16.611735916137697,91.4
376,3164,18.46894087,93.85,243,770048,,,,,,,,,,,,
377,3169,18.26849994,94.95,243,772096,3e-05,2.096795243769884,0.3957265019416809,0.829302191734314,3760,0.0013260376,-2.228756257891655,0.02109375,-0.0038855378894368186,0.1,,
378,3174,18.06444883,94.67,243,774144,3e-05,1.4408126309514047,0.2488485723733902,0.85805743932724,3770,0.0014740272,-2.2632620871067046,0.015673828125,-0.00501290790271014,0.1,,
379,3179,17.334979580000002,94.43,244,776192,3e-05,2.0542747981846334,0.3889954388141632,0.8328178524971008,3780,0.002024183,-2.255862683057785,0.028271484375,-0.005269323312677443,0.1,,
380,3184,17.40756226,94.54,244,778240,3e-05,1.2876659706234932,0.25194504857063293,0.8470547199249268,3790,0.0016820319,-2.266751617193222,0.026220703125,-0.005307909962721169,0.1,,
,,,,,780000,3e-05,2.582347858697176,0.38432776927948,0.8424052596092224,3800,0.0013897504,-2.281526267528534,0.01083984375,-0.004135083672008477,0.1,16.101480579376222,103.8
381,3190,17.263512900000002,94.48,244,780288,,,,,,,,,,,,
382,3195,17.560546750000004,94.3,244,782336,3e-05,2.221905159950256,0.46623414754867554,0.8203524947166443,3810,0.0012021234,-2.3049806624650957,0.012255859375,-0.003941429418046027,0.1,,
383,3200,18.03809117,94.18,245,784384,3e-05,2.5449983298778536,0.537884533405304,0.8857061266899109,3820,0.0013199238,-2.26337816119194,0.015087890625,-0.0035105788716464303,0.1,,
384,3205,18.30197705,93.24,245,786432,3e-05,1.9759958773851394,0.2782699465751648,0.835269570350647,3830,0.0012773222,-2.2348271042108534,0.007275390625,-0.0033696340455207975,0.1,,
385,3210,18.0991142,92.85,245,788480,3e-05,1.8273026026785373,0.27832522988319397,0.8780206441879272,3840,0.001384048,-2.292427545785904,0.01396484375,-0.004185398062691093,0.1,,
,,,,,790000,3e-05,1.8566633306443692,0.3145809769630432,0.8954424262046814,3850,0.0010124168,-2.249656471610069,0.006103515625,-0.0035280675831018014,0.1,17.70015468597412,97.6
386,3216,18.22937125,91.69,245,790528,,,,,,,,,,,,
387,3221,17.80608937,90.56,246,792576,3e-05,1.9121526561677455,0.29573941230773926,0.9248378276824951,3860,0.0017071627,-2.2686639785766602,0.014111328125,-0.004241639084648341,0.1,,
388,3226,19.18663043,90.67,246,794624,3e-05,2.604153235256672,0.6262337565422058,0.8700564503669739,3870,0.0011085608,-2.272458779811859,0.008544921875,-0.0036955222982214763,0.1,,
389,3231,18.751309229999997,90.54,246,796672,3e-05,1.9583044193685055,0.4090307056903839,0.8934742212295532,3880,0.00084390474,-2.2392569303512575,0.004296875,-0.0031762238766532393,0.1,,
390,3236,18.53398829,92.15,246,798720,3e-05,2.582068482786417,0.5066583156585693,0.8392221331596375,3890,0.0009494228,-2.2449546575546266,0.007275390625,-0.0026951628518872895,0.1,,
,,,,,800000,3e-05,1.918865055590868,0.3080708682537079,0.8442106246948242,3900,0.001036773,-2.2653399854898453,0.00869140625,-0.003621216834289953,0.1,13.342886447906494,88.8
391,3242,18.757238859999998,93.34,246,800768,,,,,,,,,,,,
392,3247,17.7792283,93.68,247,802816,3e-05,1.953949685394764,0.2647402286529541,0.8549099564552307,3910,0.0014350045,-2.2783287435770037,0.008056640625,-0.004345335881225765,0.1,,
393,3252,18.80787084,94.25,247,804864,3e-05,2.2144188828766347,0.3304592967033386,0.8604446053504944,3920,0.0014446855,-2.276753556728363,0.01689453125,-0.004471197543898598,0.1,,
394,3257,17.85150404,94.23,247,806912,3e-05,1.49522908590734,0.2181098908185959,0.9096554517745972,3930,0.0016700808,-2.246597132086754,0.018994140625,-0.004140474234009162,0.1,,
395,3262,18.06411303,93.39,247,808960,3e-05,3.378935806453228,0.6369036436080933,0.8296454548835754,3940,0.00061029836,-2.251117613911629,0.00439453125,-0.0028763285197783263,0.1,,
,,,,,810000,3e-05,1.9235219709575175,0.2863045632839203,0.8369888067245483,3950,0.0014284323,-2.24799981713295,0.007861328125,-0.00429251290333923,0.1,15.627140522003174,87.4
396,3268,18.004854809999998,93.33,248,811008,,,,,,,,,,,,
397,3273,17.489912800000003,94.5,248,813056,3e-05,2.8225215069949625,0.5710980296134949,0.8591651320457458,3960,0.0006647725,-2.2698085784912108,0.002392578125,-0.00243458179756999,0.1,,
398,3278,17.83083839,93.95,248,815104,3e-05,2.813506244122982,0.5955622792243958,0.847954511642456,3970,0.001146747,-2.2682839781045914,0.01640625,-0.004110298320301809,0.1,,
399,3283,18.082993610000003,93.73,248,817152,3e-05,1.577542143315077,0.30047285556793213,0.9050148725509644,3980,0.00096491637,-2.214228591322899,0.005859375,-0.004382776861893945,0.1,,
400,3288,16.465064260000002,94.63,249,819200,3e-05,1.6637754291296005,0.27125924825668335,0.8664747476577759,3990,0.0018049392,-2.2511891603469847,0.028369140625,-0.005540382448816672,0.1,,
,,,,,820000,3e-05,2.041577695310116,0.4106927514076233,0.7066115140914917,4000,0.0010553775,-2.2904152095317842,0.009423828125,-0.004639061656780541,0.1,18.744757652282715,91.4
401,3294,16.75297637,95.14,249,821248,,,,,,,,,,,,
402,3299,17.63972087,94.84,249,823296,3e-05,1.48468107432127,0.2546505928039551,0.8093901872634888,4010,0.0018218595,-2.266881284117699,0.023876953125,-0.005181321882992052,0.1,,
403,3304,17.114781110000003,94.88,249,825344,3e-05,1.338164933025837,0.22700083255767822,0.9117454886436462,4020,0.0022159314,-2.2295735448598863,0.036474609375,-0.005373065057210624,0.1,,
404,3309,18.289373630000004,93.85,250,827392,3e-05,2.0933099530637262,0.27495238184928894,0.8392740488052368,4030,0.001135082,-2.1968134880065917,0.011279296875,-0.0036808187374845146,0.1,,
405,3314,19.13496314,91.98,250,829440,3e-05,2.1625409826636313,0.30490320920944214,0.8237463235855103,4040,0.000768975,-2.236714494228363,0.00703125,-0.0029056778934318573,0.1,,
,,,,,830000,3e-05,1.8679926604032517,0.2792298197746277,0.9019821286201477,4050,0.0009235163,-2.2513665050268172,0.01064453125,-0.004265499123721384,0.1,19.631207752227784,97.8
406,3320,18.562847929999997,92.2,250,831488,,,,,,,,,,,,
407,3325,18.20776427,92.8,250,833536,3e-05,3.0213402792811395,0.5055853724479675,0.7344618439674377,4060,0.0005781217,-2.2340288519859315,0.003173828125,-0.0025031277036760002,0.1,,
408,3330,18.0913161,92.99,250,835584,3e-05,3.09018667191267,0.4622790813446045,0.8035421371459961,4070,0.00061779044,-2.2254670202732085,0.001513671875,-0.002444064916926436,0.1,,
409,3335,16.568796269999996,93.71,251,837632,3e-05,2.0380473874509333,0.3773703873157501,0.8088575601577759,4080,0.00082057045,-2.2570883989334107,0.002099609375,-0.002561878607957624,0.1,,
410,3340,16.38065642,94.14,251,839680,3e-05,2.248432470113039,0.4048118591308594,0.8432430624961853,4090,0.0011258568,-2.2769398152828217,0.009716796875,-0.004324582920526154,0.1,,
,,,,,840000,3e-05,1.6847553446888923,0.2588311731815338,0.8621933460235596,4100,0.0015336126,-2.29609472155571,0.011083984375,-0.004345960036152974,0.1,15.042154312133789,104.4
411,3346,17.30242676,95.0,251,841728,,,,,,,,,,,,
412,3351,17.176766909999998,95.9,251,843776,3e-05,1.6830300465226173,0.23293979465961456,0.8592731952667236,4110,0.001638297,-2.2493561774492266,0.020703125,-0.004469702928327024,0.1,,
413,3356,18.54743381,96.02,251,845824,3e-05,1.73367303237319,0.31105151772499084,0.8391500115394592,4120,0.0010244392,-2.250299033522606,0.01279296875,-0.003599212091648951,0.1,,
414,3361,19.57514379,95.72,252,847872,3e-05,1.7180526107549667,0.2655044198036194,0.9148373007774353,4130,0.00086858147,-2.250875410437584,0.010693359375,-0.0040919531369581815,0.1,,
415,3366,19.12919865,95.36,252,849920,3e-05,1.5616969216614962,0.21927040815353394,0.8895005583763123,4140,0.0017865541,-2.2628719449043273,0.0162109375,-0.0045516565820435066,0.1,,
,,,,,850000,3e-05,1.7975285083055497,0.33710524439811707,0.8413226008415222,4150,0.0012165455,-2.3156283289194106,0.01611328125,-0.0044451319758081805,0.1,14.191929697990417,97.2
416,3372,18.96245672,95.74,252,851968,,,,,,,,,,,,
417,3377,19.43324717,94.48,252,854016,3e-05,1.5387669257819652,0.34765779972076416,0.8747853636741638,4160,0.0010850294,-2.326964595913887,0.01669921875,-0.003949479942093603,0.1,,
418,3382,18.81449108,93.99,253,856064,3e-05,2.6019875392317773,0.377383291721344,0.8144850730895996,4170,0.0006139657,-2.2685788720846176,0.001953125,-0.003015909335226752,0.1,,
419,3387,18.331067259999994,94.87,253,858112,3e-05,2.9928320035338403,0.7039642930030823,0.8174270391464233,4180,0.0006020174,-2.2904032170772552,0.00126953125,-0.0027977221383480356,0.1,,
,,,,,860000,3e-05,2.340468765050173,0.34228211641311646,0.8367335796356201,4190,0.0006527018,-2.3030922651290893,0.007373046875,-0.0032791509409435095,0.1,11.879880964756012,98.0
420,3393,19.489933739999998,93.85,253,860160,,,,,,,,,,,,
421,3398,19.08311588,94.65,253,862208,3e-05,1.988598708808422,0.29805272817611694,0.8640876412391663,4200,0.0016199506,-2.2639625906944274,0.0224609375,-0.0047786719456780705,0.1,,
422,3403,19.47328037,93.74,253,864256,3e-05,1.3549909867346286,0.2740844488143921,0.884113609790802,4210,0.002303099,-2.238528761267662,0.02939453125,-0.005647445551585406,0.1,,
423,3408,19.70156455,94.43,254,866304,3e-05,1.8878411203622818,0.40982785820961,0.8516089916229248,4220,0.001369474,-2.235358440876007,0.01220703125,-0.004649157886160537,0.1,,
424,3413,19.591325610000002,94.01,254,868352,3e-05,1.4469652041792869,0.2643691897392273,0.8977453112602234,4230,0.0014054376,-2.265082001686096,0.01025390625,-0.004799776841537096,0.1,,
,,,,,870000,3e-05,1.6733418621122838,0.3319039046764374,0.8711005449295044,4240,0.0020051391,-2.2498748034238814,0.035595703125,-0.006563734874362126,0.1,17.960879421234132,94.2
425,3419,20.066870119999997,93.04,254,870400,,,,,,,,,,,,
426,3424,19.498850360000002,93.61,254,872448,3e-05,2.3505300603806973,0.23271635174751282,0.8359946608543396,4250,0.00078587065,-2.2024280309677122,0.007666015625,-0.0035929756850237027,0.1,,
427,3429,18.70744054,94.92,254,874496,3e-05,1.6649883963167667,0.33749982714653015,0.8571155071258545,4260,0.0015131219,-2.2155814111232757,0.02021484375,-0.004549260463682004,0.1,,
428,3434,19.15486605,94.16,255,876544,3e-05,1.5556789107620717,0.27211013436317444,0.8679089546203613,4270,0.0008554169,-2.2162389665842057,0.004052734375,-0.0032944060192676263,0.1,,
429,3439,19.037172490000003,94.29,255,878592,3e-05,1.8540880292654038,0.35232970118522644,0.8939871191978455,4280,0.000993676,-2.175652277469635,0.008154296875,-0.0042987516149878505,0.1,,
,,,,,880000,3e-05,1.9024122450500727,0.22821001708507538,0.8116105198860168,4290,0.0010900634,-2.2279011011123657,0.00771484375,-0.003762769338209182,0.1,20.536172294616698,92.4
430,3445,19.770976880000003,93.77,255,880640,,,,,,,,,,,,
431,3450,20.118408700000003,93.29,255,882688,3e-05,1.7596596501767636,0.28806743025779724,0.919398307800293,4300,0.0016051091,-2.1519639909267427,0.0322265625,-0.005678017766331323,0.1,,
432,3455,19.99966435,93.67,256,884736,3e-05,1.6385206170380116,0.26044970750808716,0.8897688388824463,4310,0.0013839764,-2.1777576476335527,0.016552734375,-0.004081140173366293,0.1,,
433,3460,19.71512273,93.68,256,886784,3e-05,1.6331274624913932,0.2262134850025177,0.8472539186477661,4320,0.0014966007,-2.1947041273117067,0.022900390625,-0.004746029694797471,0.1,,
434,3465,20.22980841,92.7,256,888832,3e-05,2.257923220098019,0.47676727175712585,0.8698572516441345,4330,0.0011773176,-2.180956867337227,0.006787109375,-0.004318308378424262,0.1,,
,,,,,890000,3e-05,1.6854842394590377,0.27987369894981384,0.8616899251937866,4340,0.0010934628,-2.220357599854469,0.015576171875,-0.0038659590703900904,0.1,18.009395599365234,94.2
435,3472,19.3603047,92.89,256,890880,,,,,,,,,,,,
436,3477,19.27188761,92.59,256,892928,3e-05,1.5984223440289498,0.2681369483470917,0.8658873438835144,4350,0.0011222108,-2.2260629177093505,0.009375,-0.0036972710047848524,0.1,,
437,3482,20.075098139999998,91.91,256,894976,3e-05,2.1215035885572435,0.3627154231071472,0.8557786345481873,4360,0.0009757439,-2.1600581645965575,0.007177734375,-0.002994938171468675,0.1,,
438,3487,19.66322933,91.79,257,897024,3e-05,1.3853041302412747,0.2368035912513733,0.8928649425506592,4370,0.001152064,-2.172829231619835,0.017236328125,-0.0039289462671149526,0.1,,
439,3492,20.17862629,91.97,257,899072,3e-05,1.5264961574226619,0.201919823884964,0.8559256196022034,4380,0.0017270581,-2.1731136590242386,0.028955078125,-0.005010889199911617,0.1,,
,,,,,900000,3e-05,1.576707198470831,0.23782634735107422,0.8965727090835571,4390,0.0013543649,-2.1276160538196565,0.018701171875,-0.004410896677291021,0.1,16.72529993057251,93.2
440,3498,20.129898960000002,92.82,257,901120,,,,,,,,,,,,
441,3503,19.986046239999997,92.96,257,903168,3e-05,1.5569404989480973,0.2908257842063904,0.8841812610626221,4400,0.0013346095,-2.1652080208063125,0.0140625,-0.004098196240374818,0.1,,
442,3508,19.1784861,94.48,257,905216,3e-05,1.4259956013411283,0.20201769471168518,0.8727524876594543,4410,0.001880376,-2.1876129418611527,0.018603515625,-0.004379172506742179,0.1,,
443,3513,19.70994102,94.14,258,907264,3e-05,1.8646843038499354,0.30083683133125305,0.8428090214729309,4420,0.0007949509,-2.185374954342842,0.004296875,-0.0033098171668825673,0.1,,
444,3518,18.80177357,94.68,258,909312,3e-05,1.4481243841350078,0.34677839279174805,0.8991522789001465,4430,0.0018132668,-2.193418300151825,0.018310546875,-0.0054120471177157015,0.1,,
,,,,,910000,3e-05,1.6069711931049824,0.34000182151794434,0.8834248781204224,4440,0.0012483478,-2.130718234181404,0.0142578125,-0.004839951530448161,0.1,17.584088611602784,92.8
445,3524,19.54859708,93.67,258,911360,,,,,,,,,,,,
446,3529,20.07546838,93.54,258,913408,3e-05,1.481547038257122,0.22498174011707306,0.901680588722229,4450,0.0021204657,-2.1882251739501952,0.035546875,-0.005254728483851068,0.1,,
447,3534,19.692833940000003,93.42,258,915456,3e-05,1.502807918563485,0.2636986970901489,0.8986806869506836,4460,0.0013598166,-2.182859870791435,0.012646484375,-0.0048050654528196905,0.1,,
448,3539,20.544777890000006,92.6,259,917504,3e-05,1.439412546530366,0.24106355011463165,0.8681588172912598,4470,0.001621487,-2.1613272428512573,0.0119140625,-0.0041809879083302805,0.1,,
449,3544,20.17532486,92.14,259,919552,3e-05,1.5561259161680936,0.2664406895637512,0.8693650960922241,4480,0.0010194858,-2.190554827451706,0.013427734375,-0.003936845351563534,0.1,,
,,,,,920000,3e-05,1.3071441225707532,0.19635188579559326,0.8834716081619263,4490,0.0011561996,-2.2003324002027513,0.02373046875,-0.004380360471259337,0.1,20.382469177246094,89.2
450,3550,19.43587054,92.48,259,921600,,,,,,,,,,,,
451,3555,19.545378380000002,92.26,259,923648,3e-05,1.8070408798754216,0.32939568161964417,0.8753505945205688,4500,0.0011244178,-2.175794944167137,0.008544921875,-0.003982541424920783,0.1,,
452,3560,20.00216409,92.04,259,925696,3e-05,1.7925644241273404,0.26972970366477966,0.8777533769607544,4510,0.0010859917,-2.1993880569934845,0.010888671875,-0.00395280685115722,0.1,,
453,3565,20.37698459,92.73,260,927744,3e-05,2.1236719407141207,0.44000938534736633,0.8764995336532593,4520,0.0011459505,-2.152673673629761,0.012158203125,-0.0042858038912527265,0.1,,
454,3570,20.13944734,92.43,260,929792,3e-05,2.3182627879083157,0.38630640506744385,0.8974424600601196,4530,0.0014487348,-2.1999687552452087,0.021630859375,-0.004416916667832993,0.1,,
,,,,,930000,3e-05,1.8900785818696022,0.3398124873638153,0.8689202070236206,4540,0.0011408846,-2.1504508018493653,0.006689453125,-0.003365585982101038,0.1,20.076207160949707,83.8
455,3576,20.488752509999998,93.03,260,931840,,,,,,,,,,,,
456,3581,20.796415659999997,92.75,260,933888,3e-05,1.320996493846178,0.21367500722408295,0.8901693224906921,4550,0.0014933483,-2.1558911383152006,0.019140625,-0.004527562408475206,0.1,,
457,3586,19.53544226,93.56,260,935936,3e-05,1.5343187030404806,0.2145470529794693,0.8959240913391113,4560,0.0014781575,-2.1675821423530577,0.01884765625,-0.0049644884507870305,0.1,,
458,3591,19.465499870000002,92.54,261,937984,3e-05,1.6880943216383457,0.32982566952705383,0.8779339790344238,4570,0.0010127573,-2.133893924951553,0.01083984375,-0.004102500795852393,0.1,,
,,,,,940000,3e-05,1.473896572738886,0.2479117065668106,0.9086237549781799,4580,0.0018469628,-2.1831627547740937,0.027978515625,-0.0049570266914088276,0.1,28.343378448486327,86.4
459,3597,19.36486327,93.48,261,940032,,,,,,,,,,,,
460,3602,20.001753100000002,93.37,261,942080,3e-05,1.116309330612421,0.20618514716625214,0.9312157034873962,4590,0.001727714,-2.198568069934845,0.016552734375,-0.004926178290043026,0.1,,
461,3607,20.614221369999996,93.48,261,944128,3e-05,1.8580268450081348,0.36624452471733093,0.8881922364234924,4600,0.001651492,-2.173916819691658,0.02587890625,-0.005230789398774504,0.1,,
462,3612,21.444950400000007,92.78,261,946176,3e-05,1.7391921773552894,0.17124894261360168,0.9102092981338501,4610,0.0010859832,-2.1521047204732895,0.01181640625,-0.004396729139261879,0.1,,
463,3617,20.76372596,94.82,262,948224,3e-05,1.3987579263746739,0.2885459363460541,0.9129300713539124,4620,0.0010999216,-2.1599285691976546,0.007275390625,-0.003788152476772666,0.1,,
,,,,,950000,3e-05,1.1944825395941734,0.20094594359397888,0.910559892654419,4630,0.0017915601,-2.2253301829099654,0.016943359375,-0.004579687782097608,0.1,12.168896102905274,97.0
464,3623,20.553303250000003,94.61,262,950272,,,,,,,,,,,,
465,3628,20.1738709,94.94,262,952320,3e-05,1.6676041893661022,0.22925616800785065,0.9090834856033325,4640,0.0010651499,-2.1343657284975053,0.004541015625,-0.003745271806837991,0.1,,
466,3633,19.355561979999997,95.23,262,954368,3e-05,1.2946996297687292,0.20302517712116241,0.8557440042495728,4650,0.001456586,-2.2456689715385436,0.020849609375,-0.0048112451855558905,0.1,,
467,3638,19.1432986,95.07,262,956416,3e-05,1.6645209558308125,0.2734484374523163,0.8589638471603394,4660,0.001559549,-2.2016175508499147,0.0205078125,-0.005002692402922548,0.1,,
468,3643,18.6743661,94.18,263,958464,3e-05,1.6568348295986652,0.26309335231781006,0.8437890410423279,4670,0.0017110507,-2.1853217601776125,0.03701171875,-0.004904072007047944,0.1,,
,,,,,960000,3e-05,2.1090021669864654,0.41169074177742004,0.8350191116333008,4680,0.0011039171,-2.205447867512703,0.008056640625,-0.0040139237302355465,0.1,25.268131828308107,90.6
469,3649,18.281090860000003,95.07,263,960512,,,,,,,,,,,,
470,3654,18.31682585,94.29,263,962560,3e-05,2.234553408622742,0.30409178137779236,0.8552046418190002,4690,0.0013933734,-2.1987604826688765,0.010009765625,-0.004069860922754742,0.1,,
471,3659,18.39006731,94.99,263,964608,3e-05,2.270788608491421,0.38568657636642456,0.8531106114387512,4700,0.0011046017,-2.2029836386442185,0.0119140625,-0.0037005259131547064,0.1,,
472,3664,18.7377174,95.74,263,966656,3e-05,1.9364790730178356,0.3290584683418274,0.8778181672096252,4710,0.0014872514,-2.188033103942871,0.01796875,-0.00444030822836794,0.1,,
473,3669,19.48005276,95.0,263,968704,3e-05,1.7729001216590405,0.2805559039115906,0.8692150712013245,4720,0.0014825708,-2.168236121535301,0.0185546875,-0.004883307678392157,0.1,,
,,,,,970000,3e-05,1.4413390781730413,0.20717348158359528,0.8741297721862793,4730,0.0011160907,-2.14545396566391,0.01083984375,-0.004087686256389134,0.1,20.561277866363525,94.6
474,3675,19.63548802,94.61,264,970752,,,,,,,,,,,,
475,3680,20.26712046,93.69,264,972800,3e-05,1.3438252158463002,0.17757271230220795,0.9192685484886169,4740,0.0015971514,-2.1321450978517533,0.02119140625,-0.004908268881263211,0.1,,
476,3685,20.4874949,93.59,264,974848,3e-05,1.0750279244035483,0.11368019878864288,0.9252005815505981,4750,0.0022004547,-2.129733243584633,0.0458984375,-0.006034005217952654,0.1,,
477,3690,19.7689411,93.94,264,976896,3e-05,1.650419345498085,0.28998416662216187,0.8840453624725342,4760,0.0012388605,-2.1736708343029023,0.0134765625,-0.003960324972285889,0.1,,
478,3695,19.27062669,93.8,264,978944,3e-05,1.5743096079677343,0.1898922324180603,0.8766416311264038,4770,0.0014315997,-2.163761466741562,0.015966796875,-0.0047275263495976105,0.1,,
,,,,,980000,3e-05,1.5308070227503776,0.28107938170433044,0.8896083831787109,4780,0.0012764034,-2.1778774708509445,0.014111328125,-0.004874383052811027,0.1,18.565923404693603,99.4
479,3701,18.59374685,94.06,264,980992,,,,,,,,,,,,
480,3706,18.62689863,93.47,265,983040,3e-05,2.4009881764650345,0.4749900698661804,0.8594395518302917,4790,0.0007101445,-2.1232854247093202,0.006591796875,-0.003907495661405846,0.1,,
481,3711,19.032563560000003,93.57,265,985088,3e-05,1.6380328726023436,0.22936967015266418,0.9159635901451111,4800,0.0010818213,-2.115265566110611,0.005712890625,-0.0035507550754118712,0.1,,
482,3716,20.01287226,92.54,265,987136,3e-05,1.658824698254466,0.22654907405376434,0.8948113322257996,4810,0.0010750539,-2.1228290289640426,0.013720703125,-0.003461594684631564,0.1,,
483,3721,21.50104675000001,91.42,265,989184,3e-05,1.6188547033816576,0.14405789971351624,0.8682334423065186,4820,0.0011208544,-2.092196473479271,0.015087890625,-0.005177109123906121,0.1,,
,,,,,990000,3e-05,1.0126953564584256,0.16672971844673157,0.9260939359664917,4830,0.0022983053,-2.1324875235557554,0.02841796875,-0.004700299800606445,0.1,25.01033744812012,92.0
484,3727,21.95351378,91.52,265,991232,,,,,,,,,,,,
485,3732,20.54380006,92.03,266,993280,3e-05,1.1851695965975524,0.19671423733234406,0.9405060410499573,4840,0.0009139688,-2.167855131626129,0.0080078125,-0.003811640944331884,0.1,,
486,3737,20.337206669999997,92.77,266,995328,3e-05,2.528349134325981,0.3202064633369446,0.8972346186637878,4850,0.00063778163,-2.163231411576271,0.009326171875,-0.0032500912144314497,0.1,,
487,3743,20.00240626,93.3,266,997376,3e-05,1.5075059577822685,0.3026498854160309,0.895924985408783,4860,0.0009676109,-2.155676779150963,0.010986328125,-0.004525543382624164,0.1,,
488,3748,20.656311010000003,92.25,266,999424,3e-05,1.4213570028543472,0.23710045218467712,0.9166268706321716,4870,0.0014124899,-2.124790334701538,0.01806640625,-0.005174946808256209,0.1,,
,,,,,1000000,3e-05,1.3377367798238993,0.1996268630027771,0.9195826649665833,4880,0.0017066324,-2.1467041105031965,0.026025390625,-0.004825023849844001,0.1,6.888164901733399,94.8
489,3754,19.997691449999994,94.22,266,1001472,,,,,,,,,,,,
490,3759,20.02066832,94.54,266,1003520,3e-05,1.1750509560108184,0.19092302024364471,0.9181885123252869,4890,0.0014366063,-2.180341050028801,0.015185546875,-0.005603748926660046,0.1,,
491,3764,20.216478549999998,94.21,267,1005568,3e-05,1.7479983262717724,0.24491314589977264,0.8889817595481873,4900,0.0016471378,-2.167360359430313,0.0255859375,-0.005649857173557394,0.1,,
492,3769,20.67607393,93.93,267,1007616,3e-05,1.501594602689147,0.21700410544872284,0.8997243642807007,4910,0.0012108993,-2.199696981906891,0.008740234375,-0.003901727651100373,0.1,,
493,3774,20.26721955,93.65,267,1009664,3e-05,1.1910447187721729,0.16473424434661865,0.9239505529403687,4920,0.0019641658,-2.121768069267273,0.02529296875,-0.005565608793403953,0.1,,
,,,,,1010000,3e-05,1.7064396534115076,0.17014142870903015,0.8858451247215271,4930,0.0010265573,-2.132076698541641,0.019677734375,-0.005647899030009285,0.1,19.181031036376954,94.2
494,3780,21.499518830000007,93.63,267,1011712,,,,,,,,,,,,
495,3785,21.64782748,92.99,267,1013760,3e-05,1.7451151926070452,0.36334043741226196,0.8944218754768372,4940,0.0011401052,-2.1845678478479384,0.010546875,-0.0032719433307647704,0.1,,
496,3790,21.443314110000003,93.52,267,1015808,3e-05,2.2596590273082255,0.4855313301086426,0.8955155611038208,4950,0.0010939599,-2.138303142786026,0.020166015625,-0.004259475585422478,0.1,,
497,3796,20.92588077,93.66,268,1017856,3e-05,1.6495620917528868,0.21182280778884888,0.8875347375869751,4960,0.0016701759,-2.1087568581104277,0.017578125,-0.005277042373927543,0.1,,
498,3801,20.70747206,92.96,268,1019904,3e-05,1.0462730061262846,0.12071260809898376,0.913764238357544,4970,0.002268276,-2.1473781377077104,0.041259765625,-0.005920896081079263,0.1,,
,,,,,1020000,3e-05,1.6067014571279288,0.21303881704807281,0.8768882155418396,4980,0.001642678,-2.111242014169693,0.0228515625,-0.004726999887498096,0.1,21.366005516052248,88.6
499,3807,20.548384040000002,93.58,268,1021952,,,,,,,,,,,,
500,3812,21.08469408,94.13,268,1024000,3e-05,1.6089993931353093,0.23246437311172485,0.8902857303619385,4990,0.0015143305,-2.118609920144081,0.01875,-0.005339305047527887,0.1,,
501,3817,21.248599,94.39,268,1026048,3e-05,1.8240245059132576,0.26082631945610046,0.893142580986023,5000,0.0009181839,-2.119173341989517,0.01103515625,-0.0033957036866922863,0.1,,
502,3822,22.484031959999996,93.33,268,1028096,3e-05,1.6412073627114296,0.21249501407146454,0.8887122869491577,5010,0.0011117163,-2.1201816707849503,0.0091796875,-0.004353935085237026,0.1,,
,,,,,1030000,3e-05,1.5832621563225984,0.5345436930656433,0.9204376935958862,5020,0.001350519,-2.1250481575727465,0.015576171875,-0.004394071953720413,0.1,24.193501281738282,99.2
503,3828,22.614360299999998,92.53,269,1030144,,,,,,,,,,,,
504,3833,22.374941510000003,93.33,269,1032192,3e-05,1.7802409641444683,0.3711605966091156,0.892135739326477,5030,0.0015466118,-2.1563594311475756,0.01552734375,-0.005828842331538908,0.1,,
505,3838,21.95971575,92.04,269,1034240,3e-05,1.3230355881154536,0.22909250855445862,0.8707287907600403,5040,0.001784693,-2.1372631192207336,0.032763671875,-0.00452547034365125,0.1,,
506,3843,21.158768719999998,94.45,269,1036288,3e-05,1.153526857867837,0.16002078354358673,0.9004961252212524,5050,0.002030037,-2.122867488861084,0.026953125,-0.004840139127918519,0.1,,
507,3848,20.08964956,94.29,269,1038336,3e-05,1.5249842263758182,0.19972822070121765,0.8775255084037781,5060,0.0014807539,-2.1654459953308107,0.022119140625,-0.004583012918010354,0.1,,
,,,,,1040000,3e-05,1.8074145555496215,0.21129736304283142,0.8331255912780762,5070,0.0016620223,-2.136610260605812,0.020751953125,-0.004969129170058295,0.1,19.10171298980713,98.8
508,3854,20.073066200000003,93.77,269,1040384,,,,,,,,,,,,
509,3859,20.971619450000002,93.63,270,1042432,3e-05,1.5561013951897622,0.1900077909231186,0.8541765809059143,5080,0.0012512627,-2.1184531331062315,0.011767578125,-0.004420330731954891,0.1,,
510,3864,21.72469344,93.19,270,1044480,3e-05,1.009378157556057,0.13127484917640686,0.9371781349182129,5090,0.0022351383,-2.1233677595853804,0.0443359375,-0.005715891534055118,0.1,,
511,3869,22.629302219999996,92.63,270,1046528,3e-05,0.9582231044769287,0.10138923674821854,0.9342222213745117,5100,0.002258366,-2.1372665792703627,0.041015625,-0.006261986732715741,0.1,,
512,3874,22.328567760000002,91.99,270,1048576,3e-05,0.790005274116993,0.1305062174797058,0.942635178565979,5110,0.0014760861,-2.1620507776737212,0.0173828125,-0.004476305877324194,0.1,,
,,,,,1050000,3e-05,1.6124156154692173,0.20293903350830078,0.8259516358375549,5120,0.0015621397,-2.1695619732141496,0.030322265625,-0.005529328281409107,0.1,20.033286380767823,92.8
513,3881,22.790274710000002,91.93,270,1050624,,,,,,,,,,,,
514,3886,21.804864909999996,93.52,270,1052672,3e-05,1.2639267191290855,0.15108157694339752,0.9046362638473511,5130,0.0014604245,-2.1577730268239974,0.01650390625,-0.004333158163353801,0.1,,
515,3891,21.274120550000003,94.8,271,1054720,3e-05,1.2460002187639474,0.16328644752502441,0.9216263890266418,5140,0.0011924505,-2.1940855026245116,0.013671875,-0.004243875303654931,0.1,,
516,3896,21.396534270000004,95.48,271,1056768,3e-05,1.2006851807236671,0.15982380509376526,0.9071967601776123,5150,0.001698128,-2.2083892434835435,0.02060546875,-0.005159964284393937,0.1,,
517,3901,22.43012829,94.91,271,1058816,3e-05,1.0989909809082747,0.13527777791023254,0.9216841459274292,5160,0.0014147698,-2.1769983977079392,0.01220703125,-0.003849485539831221,0.1,,
,,,,,1060000,3e-05,1.475838815048337,0.18322062492370605,0.873234748840332,5170,0.0012831916,-2.1511165857315064,0.017724609375,-0.004800112590601202,0.1,25.912340545654295,97.8
518,3907,21.433252049999997,94.41,271,1060864,,,,,,,,,,,,
519,3912,22.420990810000003,92.69,271,1062912,3e-05,1.514593853801489,0.17263735830783844,0.8478034734725952,5180,0.0017893931,-2.1602837055921555,0.02470703125,-0.00480547959159594,0.1,,
520,3917,22.444679380000004,91.59,271,1064960,3e-05,1.0681818451732397,0.1625329703092575,0.9051001667976379,5190,0.002118567,-2.1725298702716827,0.0330078125,-0.005313644604757428,0.1,,
521,3922,21.56635826,92.52,272,1067008,3e-05,1.3801755785942078,0.19349384307861328,0.9078131914138794,5200,0.0013357273,-2.159446728229523,0.01611328125,-0.005751610777224414,0.1,,
522,3927,21.164054710000006,93.49,272,1069056,3e-05,1.4550685871392488,0.18162742257118225,0.911765456199646,5210,0.0007520274,-2.133112096786499,0.01201171875,-0.004064933359040878,0.1,,
,,,,,1070000,3e-05,1.3721156414598226,0.26044532656669617,0.9366567730903625,5220,0.0009506583,-2.169033074378967,0.01953125,-0.004538808079087175,0.1,16.869779968261717,102.8
523,3933,21.11623939,94.78,272,1071104,,,,,,,,,,,,
524,3938,21.19807148,95.31,272,1073152,3e-05,1.1912904236465693,0.11126156151294708,0.9007823467254639,5230,0.0019538885,-2.173757630586624,0.033544921875,-0.00569916260719765,0.1,,
525,3943,21.456791589999998,95.36,272,1075200,3e-05,0.9257492054253816,0.11787436157464981,0.944417417049408,5240,0.0017495191,-2.1233232080936433,0.02080078125,-0.004821489306050353,0.1,,
526,3948,21.899991070000002,94.89,272,1077248,3e-05,1.3897803589701652,0.23680561780929565,0.9031984806060791,5250,0.0017602878,-2.1449491918087005,0.028076171875,-0.004961904833908193,0.1,,
527,3953,22.04351339999999,94.04,272,1079296,3e-05,1.154343244060874,0.18250784277915955,0.879054605960846,5260,0.0017487924,-2.139073905348778,0.03134765625,-0.00612142744648736,0.1,,
,,,,,1080000,3e-05,1.5634525183588266,0.22936205565929413,0.9033814668655396,5270,0.0014603994,-2.144305431842804,0.014111328125,-0.004369960425538011,0.1,22.08743324279785,103.2
528,3959,21.231931029999995,92.98,273,1081344,,,,,,,,,,,,
529,3964,21.141494380000005,93.96,273,1083392,3e-05,1.919421660900116,0.2908672094345093,0.8276656270027161,5280,0.0009805771,-2.1575502663850785,0.01025390625,-0.00407154766144231,0.1,,
530,3969,20.503691209999996,94.06,273,1085440,3e-05,1.3021451838314533,0.15953245759010315,0.8481942415237427,5290,0.0015550491,-2.153866332769394,0.01279296875,-0.004626863417797722,0.1,,
531,3974,20.00209453,94.4,273,1087488,3e-05,1.1057669781148434,0.10097092390060425,0.8373989462852478,5300,0.0011259045,-2.131509992480278,0.023681640625,-0.0049107001046650115,0.1,,
532,3979,19.69393724,95.23,273,1089536,3e-05,0.8381084993481636,0.0977209061384201,0.8684237003326416,5310,0.0019881474,-2.18162687420845,0.023193359375,-0.005040048228693195,0.1,,
,,,,,1090000,3e-05,1.1168259240686893,0.14317935705184937,0.8950222134590149,5320,0.001758612,-2.122421830892563,0.023486328125,-0.006042216907371767,0.1,24.325394248962404,90.4
533,3985,20.38191055,94.59,273,1091584,,,,,,,,,,,,
534,3990,20.348463719999994,95.25,274,1093632,3e-05,1.4437720742076636,0.23409605026245117,0.905259907245636,5330,0.0021636095,-2.15508571267128,0.042724609375,-0.006777426740154624,0.1,,
535,3995,20.801161549999996,94.97,274,1095680,3e-05,1.4072611469775438,0.27057701349258423,0.8637900948524475,5340,0.0012017644,-2.15802139043808,0.013525390625,-0.004275628298637457,0.1,,
536,4000,20.4868464,95.2,274,1097728,3e-05,1.3737325504422189,0.19873443245887756,0.8903340697288513,5350,0.0017286914,-2.1301592350006104,0.026025390625,-0.005115705914795399,0.1,,
537,4005,19.444363430000003,94.7,274,1099776,3e-05,2.0109793819487094,0.27899426221847534,0.8877845406532288,5360,0.0006892402,-2.1670099020004274,0.00537109375,-0.003822013171156868,0.1,,
,,,,,1100000,3e-05,2.042958216369152,0.3658501207828522,0.8667342662811279,5370,0.0008413516,-2.152439680695534,0.01015625,-0.0041792744537815455,0.1,21.437921714782714,94.2
538,4012,18.702707059999998,96.45,274,1101824,,,,,,,,,,,,
539,4017,19.3803642,95.45,274,1103872,3e-05,2.33307783678174,0.4054771363735199,0.8186511397361755,5380,0.0011097206,-2.21521258354187,0.012451171875,-0.004161112359724939,0.1,,
540,4022,19.84273117,95.28,274,1105920,3e-05,1.9834486447274684,0.32030385732650757,0.8932520747184753,5390,0.0009872679,-2.1239413142204286,0.011474609375,-0.003323555753740948,0.1,,
541,4027,20.118208309999996,94.56,275,1107968,3e-05,1.5844178926199675,0.17910727858543396,0.9023510217666626,5400,0.0018847776,-2.129856538772583,0.0271484375,-0.0056165396817959845,0.1,,
,,,,,1110000,3e-05,1.4301567934453487,0.21272456645965576,0.8824523091316223,5410,0.001758227,-2.0947762399911882,0.038232421875,-0.005880978782079183,0.1,20.188310623168945,90.8
542,4032,21.158542609999994,93.28,275,1110016,,,,,,,,,,,,
543,4037,21.53811520999999,93.86,275,1112064,3e-05,1.7508769363164902,0.3053351938724518,0.8716180920600891,5420,0.0013499309,-2.135160806775093,0.016455078125,-0.004489732213551178,0.1,,
544,4042,21.653755089999994,93.72,275,1114112,3e-05,1.5955802287906409,0.20029856264591217,0.8739036321640015,5430,0.0016330935,-2.1289724856615067,0.031884765625,-0.005470646193134599,0.1,,
545,4047,21.605547,93.67,275,1116160,3e-05,1.0096770267933608,0.12031945586204529,0.9341067671775818,5440,0.0027406868,-2.126937007904053,0.070849609375,-0.006308343257842353,0.1,,
546,4052,21.709349590000002,93.84,275,1118208,3e-05,1.2534970983862876,0.22897064685821533,0.8777135014533997,5450,0.0011994373,-2.1127328842878343,0.0197265625,-0.004947277682367713,0.1,,
,,,,,1120000,3e-05,1.0101312600076198,0.18051517009735107,0.9182917475700378,5460,0.0019229394,-2.0899496167898177,0.035595703125,-0.00535303822834976,0.1,25.000238609313964,93.2
547,4058,21.5588796,94.58,275,1120256,,,,,,,,,,,,
548,4063,21.768799920000006,94.55,276,1122304,3e-05,2.1404234312474726,0.34730181097984314,0.8859270215034485,5470,0.0010378055,-2.129774758219719,0.01044921875,-0.00471368131111376,0.1,,
549,4069,20.82519644,95.18,276,1124352,3e-05,1.1803520612418652,0.17361091077327728,0.9322317838668823,5480,0.002172189,-2.111552008986473,0.03798828125,-0.0065041232097428296,0.1,,
550,4074,21.215471309999998,94.34,276,1126400,3e-05,1.6785040691494941,0.2313815802335739,0.8871766924858093,5490,0.0014301997,-2.1674672782421114,0.0171875,-0.004988134169252589,0.1,,
551,4079,20.70108905,95.59,276,1128448,3e-05,1.80048293992877,0.24514570832252502,0.9076323509216309,5500,0.0014292798,-2.1565220206975937,0.015185546875,-0.004894571017939597,0.1,,
,,,,,1130000,3e-05,1.6574220642447473,0.30792364478111267,0.9110269546508789,5510,0.0012082373,-2.0984941154718397,0.009326171875,-0.004518867994192988,0.1,24.979446792602538,88.8
552,4085,21.053465480000003,94.96,276,1130496,,,,,,,,,,,,
553,4090,21.64350199,93.6,276,1132544,3e-05,1.717822377383709,0.26396116614341736,0.8698744773864746,5520,0.0012388496,-2.096601751446724,0.01015625,-0.003680455032736063,0.1,,
554,4095,21.10326381999999,94.27,277,1134592,3e-05,2.085245907306671,0.3154006898403168,0.8878049850463867,5530,0.0013655766,-2.0925293982028963,0.02734375,-0.005058470868971199,0.1,,
555,4100,21.38596509,94.76,277,1136640,3e-05,1.4519363071769475,0.24498246610164642,0.9007706046104431,5540,0.0014825378,-2.133274120092392,0.017333984375,-0.0044605834234971555,0.1,,
556,4105,20.91697581,95.23,277,1138688,3e-05,1.3615619905292988,0.19680644571781158,0.9056732058525085,5550,0.0010277162,-2.1068242728710174,0.01318359375,-0.004656550841173157,0.1,,
,,,,,1140000,3e-05,1.3119638830423355,0.2086811661720276,0.9117282629013062,5560,0.0013906881,-2.0887070670723915,0.020751953125,-0.004008880723267794,0.1,21.388894462585448,87.6
557,4111,21.260970099999998,94.61,277,1140736,,,,,,,,,,,,
558,4116,21.348977639999998,94.7,277,1142784,3e-05,1.630537074804306,0.3320375084877014,0.9085218906402588,5570,0.0014511747,-2.050618614256382,0.016796875,-0.004452731189667247,0.1,,
559,4121,22.04240894,93.6,277,1144832,3e-05,0.9995082225650549,0.12511825561523438,0.9315956830978394,5580,0.00221389,-2.06995532810688,0.03701171875,-0.006136326672276482,0.1,,
560,4126,21.523271670000003,93.41,277,1146880,3e-05,1.0802754435688258,0.1272255778312683,0.9127306938171387,5590,0.0026895104,-2.124795761704445,0.052490234375,-0.006076438323361799,0.1,,
561,4131,21.83711777,93.61,278,1148928,3e-05,1.4819344781339168,0.20136260986328125,0.888488233089447,5600,0.0016596932,-2.106486293673515,0.03017578125,-0.005070963487378321,0.1,,
,,,,,1150000,3e-05,1.2480753127485513,0.14617934823036194,0.9116663932800293,5610,0.0013922686,-2.100368285179138,0.028125,-0.005088441482803319,0.1,20.6921178817749,94.6
562,4137,21.68456137,94.05,278,1150976,,,,,,,,,,,,
563,4142,21.269613510000003,93.87,278,1153024,3e-05,1.5085435397922993,0.24771323800086975,0.8832921385765076,5620,0.0018060684,-2.074471278488636,0.028662109375,-0.005963616850203834,0.1,,
564,4147,20.988136619999995,95.13,278,1155072,3e-05,1.1577196303755044,0.2020033299922943,0.9281204342842102,5630,0.0017832115,-2.0708428412675857,0.022998046875,-0.005770071264123544,0.1,,
565,4152,20.909263860000006,96.29,278,1157120,3e-05,1.460997610539198,0.18315386772155762,0.8807281255722046,5640,0.0014305676,-2.09496890604496,0.021484375,-0.004396952799288556,0.1,,
566,4157,21.029440400000002,96.01,278,1159168,3e-05,0.8668785516172648,0.14251378178596497,0.9198063611984253,5650,0.0017174707,-2.1400023341178893,0.02158203125,-0.005581723101204261,0.1,,
,,,,,1160000,3e-05,1.7511159844696522,0.3790929317474365,0.8844500184059143,5660,0.000720651,-2.0953076004981996,0.00986328125,-0.004093318048398941,0.1,18.80744514465332,94.8
567,4163,20.83035317,96.74,278,1161216,,,,,,,,,,,,
568,4168,20.97874204,97.46,279,1163264,3e-05,1.824884193390608,0.3174850344657898,0.872948408126831,5670,0.0009345952,-2.054045929014683,0.012841796875,-0.004164097519242205,0.1,,
569,4173,21.77094465,95.36,279,1165312,3e-05,1.6921870447695255,0.23186996579170227,0.9084389805793762,5680,0.00095726503,-2.0525813147425653,0.015966796875,-0.004317785747116431,0.1,,
570,4178,22.024133780000003,94.84,279,1167360,3e-05,1.6156765200197696,0.23866286873817444,0.8979672789573669,5690,0.00087131327,-2.0954608738422396,0.009423828125,-0.004163915332173929,0.1,,
571,4183,21.818048180000005,94.99,279,1169408,3e-05,1.3276010803878306,0.26937687397003174,0.9031296968460083,5700,0.0009539597,-2.092120485007763,0.006640625,-0.004611009446671232,0.1,,
,,,,,1170000,3e-05,1.4991773895919323,0.2867211103439331,0.8844577074050903,5710,0.0011954504,-2.0966998130083083,0.01865234375,-0.004821387809352018,0.1,22.03806428909302,98.8
572,4189,21.620341540000005,95.43,279,1171456,,,,,,,,,,,,
573,4194,21.604568490000002,94.96,279,1173504,3e-05,1.4367389380931854,0.317538857460022,0.9174945950508118,5720,0.0014006991,-2.1266809046268462,0.019580078125,-0.005486187606584281,0.1,,
574,4199,21.54263217,94.73,279,1175552,3e-05,1.6928725682199002,0.22756491601467133,0.9009876847267151,5730,0.0011964248,-2.029345986247063,0.017333984375,-0.004657884346670471,0.1,,
575,4204,23.070644310000002,94.9,280,1177600,3e-05,1.3448299776762724,0.17037329077720642,0.9084228277206421,5740,0.00166159,-2.1029267489910124,0.031689453125,-0.004958430843544193,0.1,,
576,4209,23.36933019,93.83,280,1179648,3e-05,0.8863824781030416,0.12898942828178406,0.9449155926704407,5750,0.0030290599,-2.0560495883226393,0.052685546875,-0.0061054457735735925,0.1,,
,,,,,1180000,3e-05,1.404746311903,0.2045339196920395,0.9094075560569763,5760,0.0016110566,-2.050515203177929,0.045654296875,-0.004340122104622424,0.1,17.320844078063963,101.8
577,4215,23.49632506,94.11,280,1181696,,,,,,,,,,,,
578,4220,23.183614979999998,94.47,280,1183744,3e-05,1.4597308237105608,0.17213402688503265,0.8850550651550293,5770,0.0013011879,-2.0506550654768945,0.022509765625,-0.0049431185296271,0.1,,
579,4225,23.724998720000002,94.15,280,1185792,3e-05,1.3359905030578374,0.15635091066360474,0.8752682209014893,5780,0.0014383593,-2.0442214265465735,0.019580078125,-0.005492483903071843,0.1,,
580,4230,22.84028974,93.91,280,1187840,3e-05,0.983551231212914,0.0970628559589386,0.9103379249572754,5790,0.0019351535,-2.0797270059585573,0.0353515625,-0.005028289405163378,0.1,,
581,4235,22.52236798,92.48,280,1189888,3e-05,1.2454207070171832,0.20488713681697845,0.8852093815803528,5800,0.0015600563,-2.0370232999324798,0.0306640625,-0.004372660812805407,0.1,,
,,,,,1190000,3e-05,1.5241841573268176,0.12691479921340942,0.8880306482315063,5810,0.0015943653,-2.055715498328209,0.0287109375,-0.005534792153048329,0.1,27.826917266845705,92.8
582,4242,22.9049927,92.57,280,1191936,,,,,,,,,,,,
583,4246,22.44317195,92.37,281,1193984,3e-05,1.444765952602029,0.17485934495925903,0.8961978554725647,5820,0.0015994661,-2.042200282216072,0.022509765625,-0.004203773278277367,0.1,,
584,4251,22.92471353,92.06,281,1196032,3e-05,1.1865453090518714,0.13968923687934875,0.9117001891136169,5830,0.0017051467,-2.0903594970703123,0.02646484375,-0.005763997347094119,0.1,,
585,4256,23.39939202,91.05,281,1198080,3e-05,1.1310004748404026,0.11214743554592133,0.9406894445419312,5840,0.0012741974,-2.0683911100029944,0.01240234375,-0.0038779055612394586,0.1,,
,,,,,1200000,3e-05,1.2630829438567162,0.17067256569862366,0.9119211435317993,5850,0.0015707863,-2.0399551659822466,0.02744140625,-0.005354572381475009,0.1,29.19742546081543,89.0
586,4262,22.71369159,92.8,281,1200128,,,,,,,,,,,,
587,4267,22.543908079999998,94.54,281,1202176,3e-05,1.5573549538850784,0.16407224535942078,0.8949734568595886,5860,0.0015232052,-2.084857088327408,0.022998046875,-0.004976325604366139,0.1,,
588,4272,22.550993829999992,95.85,281,1204224,3e-05,1.5044091325253248,0.23252293467521667,0.8981398940086365,5870,0.0013845136,-2.0659686744213106,0.029541015625,-0.005035981663968414,0.1,,
589,4277,22.15661938,95.14,281,1206272,3e-05,1.410381120443344,0.13618984818458557,0.8986802101135254,5880,0.0018281671,-2.1147666603326796,0.027392578125,-0.005985831291764043,0.1,,
590,4282,23.447371439999998,94.26,282,1208320,3e-05,1.7007096722722053,0.29687798023223877,0.8896285891532898,5890,0.0012598541,-2.0690762028098106,0.019775390625,-0.005065130742150359,0.1,,
,,,,,1210000,3e-05,1.2386551301926374,0.15240465104579926,0.9057701826095581,5900,0.0016744091,-2.0661018788814545,0.027685546875,-0.005170738304150291,0.1,21.39738521575928,92.4
591,4288,22.71062066,94.52,282,1210368,,,,,,,,,,,,
592,4293,22.05302055,94.59,282,1212416,3e-05,1.0722214553505183,0.11413899809122086,0.8885164856910706,5910,0.0021326651,-2.09169779419899,0.0419921875,-0.005480932522914372,0.1,,
593,4298,22.065336649999995,94.31,282,1214464,3e-05,1.2943470776081085,0.2000981569290161,0.8677210211753845,5920,0.0017767192,-2.0824206501245497,0.02236328125,-0.0052612340077757835,0.1,,
594,4303,22.51696536,95.06,282,1216512,3e-05,1.1786938644945621,0.1774052083492279,0.8916139006614685,5930,0.0016396828,-2.0843380108475684,0.033056640625,-0.005888133494590875,0.1,,
595,4308,22.60677934,95.27,282,1218560,3e-05,1.313543513789773,0.2798196077346802,0.9223912954330444,5940,0.0015565504,-2.074542610347271,0.036376953125,-0.006844775698846206,0.1,,
,,,,,1220000,3e-05,1.4004124946892262,0.26600849628448486,0.9231839776039124,5950,0.0014907521,-2.054604637622833,0.018701171875,-0.004576024296693504,0.1,23.057448959350587,91.8
596,4314,24.010628049999994,93.85,282,1220608,,,,,,,,,,,,
597,4320,24.341761969999997,93.72,283,1222656,3e-05,1.8574452839791775,0.27663367986679077,0.8729081153869629,5960,0.0015707592,-2.0731335878372192,0.02119140625,-0.005545052749221213,0.1,,
598,4325,24.023944830000005,94.31,283,1224704,3e-05,1.142106432467699,0.18601056933403015,0.9094797372817993,5970,0.002010471,-2.0570590451359747,0.029150390625,-0.005981099759810604,0.1,,
599,4330,24.32769673,93.7,283,1226752,3e-05,0.9656389731913805,0.13751088082790375,0.9273808002471924,5980,0.0026270798,-2.062266580760479,0.0681640625,-0.007655647856881842,0.1,,
600,4335,23.59750529,94.4,283,1228800,3e-05,1.1251449834555387,0.178728386759758,0.9361165165901184,5990,0.0014719283,-2.0171939939260484,0.022900390625,-0.005194617470260709,0.1,,
,,,,,1230000,3e-05,1.6569724552333356,0.256208211183548,0.9013641476631165,6000,0.0010122135,-2.0534800410270693,0.011474609375,-0.004723111819475889,0.1,17.192457103729247,98.2
601,4341,23.90543545,92.84,283,1230848,,,,,,,,,,,,
602,4346,24.158836150000003,92.32,283,1232896,3e-05,1.676772479712963,0.22278179228305817,0.8747356534004211,6010,0.0015543478,-2.0458515331149103,0.018505859375,-0.005349895043764263,0.1,,
603,4351,24.1675142,92.26,283,1234944,3e-05,1.1938136704266071,0.12549680471420288,0.9065521359443665,6020,0.0017709613,-2.035627876222134,0.02939453125,-0.004753013799199834,0.1,,
604,4356,24.06032667,92.75,283,1236992,3e-05,1.4916887033730746,0.22397015988826752,0.8834549188613892,6030,0.0015975407,-2.0630689710378647,0.0259765625,-0.005298446517554112,0.1,,
605,4362,23.042007389999995,94.27,284,1239040,3e-05,1.67413120418787,0.23463793098926544,0.8764580488204956,6040,0.0007635392,-2.0717400327324866,0.011279296875,-0.004038303578272462,0.1,,
,,,,,1240000,3e-05,1.5040514104068279,0.14315645396709442,0.8351107239723206,6050,0.0013922722,-2.1140795946121216,0.020654296875,-0.006113076326437294,0.1,31.072255325317382,88.8
606,4368,22.76045792,95.7,284,1241088,,,,,,,,,,,,
607,4373,23.14610082,95.22,284,1243136,3e-05,1.4462545428425073,0.23453062772750854,0.9000145792961121,6060,0.0011760886,-2.0622544631361963,0.022705078125,-0.004901357110065873,0.1,,
608,4378,23.084379509999994,94.68,284,1245184,3e-05,1.0818198446184397,0.16923192143440247,0.9230461120605469,6070,0.0016302089,-2.0412620082497597,0.026171875,-0.004952171788318083,0.1,,
609,4383,24.14422743,93.3,284,1247232,3e-05,1.189464844018221,0.20018370449543,0.9309461116790771,6080,0.0020687762,-2.0331646129488945,0.036083984375,-0.00610697022639215,0.1,,
610,4388,24.20536555,93.74,284,1249280,3e-05,1.1583996776491403,0.16593411564826965,0.9516574144363403,6090,0.0024925969,-2.0565599873661995,0.040380859375,-0.0058019525196868925,0.1,,
,,,,,1250000,3e-05,1.0978247579187155,0.17507168650627136,0.9113609790802002,6100,0.002034964,-2.0817454725503923,0.042041015625,-0.0054608764447038995,0.1,22.29876842498779,96.2
611,4394,24.237483379999993,93.45,284,1251328,,,,,,,,,,,,
612,4399,24.457985709999992,93.21,284,1253376,3e-05,1.1333084288984536,0.22585806250572205,0.9203132390975952,6110,0.0017570284,-2.0525917053222655,0.0345703125,-0.005580654781078919,0.1,,
613,4404,22.997917549999997,94.58,285,1255424,3e-05,1.4043721970170737,0.14539164304733276,0.8941048383712769,6120,0.0022057025,-2.0236648872494696,0.035888671875,-0.006049998480011709,0.1,,
614,4409,23.06769689,94.68,285,1257472,3e-05,1.0470277719199657,0.14914706349372864,0.9185605645179749,6130,0.0015332375,-2.0386844292283057,0.02373046875,-0.00504811235005036,0.1,,
615,4414,23.065605330000004,94.78,285,1259520,3e-05,1.2194076843559742,0.14668655395507812,0.9332781434059143,6140,0.0014248507,-1.9973680019378661,0.0203125,-0.006047393736662343,0.1,,
,,,,,1260000,3e-05,1.5231618721038103,0.2544515132904053,0.9105769395828247,6150,0.0013058381,-1.9979280412197113,0.01943359375,-0.0060997071792371575,0.1,28.09958839416504,94.0
616,4420,23.4294926,94.19,285,1261568,,,,,,,,,,,,
617,4425,23.23036825,93.95,285,1263616,3e-05,1.4829418629407882,0.2684016227722168,0.9074718356132507,6160,0.0017634083,-2.0244981974363325,0.02265625,-0.004835642172838561,0.1,,
618,4430,24.50694592,93.49,285,1265664,3e-05,1.6173489820212126,0.19761443138122559,0.8991071581840515,6170,0.0024102,-2.0498292461037635,0.034326171875,-0.006566877316799946,0.1,,
619,4435,23.757009209999996,94.41,285,1267712,3e-05,1.3360691223293544,0.15458500385284424,0.9428514242172241,6180,0.0021036132,-2.0322676792740824,0.022412109375,-0.0054919322079513225,0.1,,
620,4440,24.488904549999997,92.61,285,1269760,3e-05,0.8748537741601468,0.12683285772800446,0.9266084432601929,6190,0.0018429419,-2.0397233828902244,0.0388671875,-0.006802470533875749,0.1,,
,,,,,1270000,3e-05,1.1055954147130251,0.13006213307380676,0.932964563369751,6200,0.0020651938,-2.0344240605831145,0.0400390625,-0.006328787369420752,0.1,30.973944091796874,93.4
621,4446,24.772543449999997,92.91,286,1271808,,,,,,,,,,,,
622,4451,24.53478983,93.59,286,1273856,3e-05,1.327185407280922,0.22769001126289368,0.8930209875106812,6210,0.0015076863,-2.0164342537522315,0.021533203125,-0.005321113184618298,0.1,,
623,4456,23.734566209999997,93.99,286,1275904,3e-05,1.4825116515159606,0.20030367374420166,0.8767806887626648,6220,0.0024767658,-2.0303830713033677,0.026123046875,-0.005016293691005558,0.1,,
624,4461,24.05537261,93.43,286,1277952,3e-05,1.0227096062153578,0.10880647599697113,0.9221603274345398,6230,0.002582016,-2.028298757970333,0.051220703125,-0.008060482729342766,0.1,,
,,,,,1280000,3e-05,1.4908659901469945,0.1969912201166153,0.8832991719245911,6240,0.0012872798,-1.996788777410984,0.018505859375,-0.004810786634334363,0.1,23.60158634185791,102.2
625,4467,23.69944366,92.4,286,1280000,,,,,,,,,,,,
626,4473,24.1421107,92.08,286,1282048,3e-05,1.474084410443902,0.20106971263885498,0.9055402278900146,6250,0.0016572254,-2.027035214006901,0.031201171875,-0.006123652300448157,0.1,,
627,4478,24.078385040000004,92.06,286,1284096,3e-05,1.0760516937822104,0.1605754792690277,0.9389964938163757,6260,0.0009989671,-1.9860738962888718,0.02294921875,-0.004300023365067318,0.1,,
628,4483,24.63231294,90.84,286,1286144,3e-05,1.0630392275750637,0.18974803388118744,0.9320968985557556,6270,0.0015808569,-2.022145111858845,0.0205078125,-0.0058660760143538935,0.1,,
629,4488,24.676932440000005,91.41,287,1288192,3e-05,1.2646815855056048,0.18795761466026306,0.9113451838493347,6280,0.001993027,-1.9935570016503334,0.03818359375,-0.006613452720921486,0.1,,
,,,,,1290000,3e-05,1.1581020701676608,0.19345998764038086,0.9065148234367371,6290,0.0016212853,-2.007404002547264,0.029541015625,-0.005380882747704163,0.1,21.50131015777588,94.4
630,4494,23.89404756,92.75,287,1290240,,,,,,,,,,,,
631,4499,23.482130700000003,92.68,287,1292288,3e-05,0.9712379846721888,0.12091068923473358,0.9336839914321899,6300,0.00173716,-1.9983143389225007,0.04306640625,-0.0056610926549183205,0.1,,
632,4503,23.783007320000003,92.42,287,1294336,3e-05,1.596827418729663,0.1927408128976822,0.895327627658844,6310,0.0013372187,-1.981763517856598,0.017919921875,-0.004905962664633989,0.1,,
633,4509,24.096530070000007,93.37,287,1296384,3e-05,1.3199473280459642,0.23860543966293335,0.9173297882080078,6320,0.0015779496,-1.9527686938643456,0.02255859375,-0.005242393488879315,0.1,,
634,4513,23.847807040000003,92.79,287,1298432,3e-05,1.0314772296696901,0.12202566862106323,0.9425710439682007,6330,0.00213122,-1.9538131684064866,0.0375,-0.005304194611380808,0.1,,
,,,,,1300000,3e-05,1.3823701679706573,0.16886575520038605,0.8892542719841003,6340,0.0019062151,-1.9784427851438522,0.031591796875,-0.007130385871278122,0.1,11.519988393783569,93.6
635,4519,24.167672319999998,92.67,287,1300480,,,,,,,,,,,,
636,4525,24.668513879999995,93.2,287,1302528,3e-05,1.2292321674525737,0.18863700330257416,0.927714467048645,6350,0.002200555,-1.9680394425988197,0.055859375,-0.008296663535293191,0.1,,
637,4530,23.676180929999997,94.27,287,1304576,3e-05,0.9562934130430222,0.15922635793685913,0.94083571434021,6360,0.0021455046,-1.965937103331089,0.043310546875,-0.005490463817841374,0.1,,
638,4535,23.159289960000002,95.09,288,1306624,3e-05,1.132043617218733,0.16348764300346375,0.9231300354003906,6370,0.0015144451,-1.9401563614606858,0.04130859375,-0.007116280723130331,0.1,,
639,4540,23.47258302,94.3,288,1308672,3e-05,1.2774733494967223,0.197531059384346,0.879133939743042,6380,0.0014815151,-1.9534478351473807,0.025732421875,-0.005768426513532177,0.1,,
,,,,,1310000,3e-05,1.3743988443166018,0.23106148838996887,0.9039497375488281,6390,0.0016044807,-1.9530261754989624,0.02041015625,-0.0062494448968209325,0.1,22.259490776062012,92.2
640,4546,22.43949222,94.9,288,1310720,,,,,,,,,,,,
641,4551,22.291413889999998,94.62,288,1312768,3e-05,1.6233990959823132,0.2677592635154724,0.877236545085907,6400,0.0013648598,-1.975733982026577,0.016064453125,-0.004731936566531658,0.1,,
642,4556,22.503831839999997,94.2,288,1314816,3e-05,1.4256762266159058,0.2801181375980377,0.8689705729484558,6410,0.0012748052,-1.9155284941196442,0.019580078125,-0.005444795693620108,0.1,,
643,4561,23.918845849999997,93.24,288,1316864,3e-05,1.678456898033619,0.24575500190258026,0.8960561752319336,6420,0.0008916538,-1.9002914875745773,0.025,-0.004801361678983085,0.1,,
644,4566,23.00922567,94.84,288,1318912,3e-05,1.4581368274986743,0.21220876276493073,0.9189971089363098,6430,0.0017428168,-1.9217876270413399,0.028076171875,-0.00545742601971142,0.1,,
,,,,,1320000,3e-05,2.0512571834027766,0.26688143610954285,0.8627404570579529,6440,0.0011631437,-1.9739131554961205,0.0251953125,-0.0044420403544791045,0.1,30.382170486450196,86.0
645,4572,23.778850230000003,93.72,288,1320960,,,,,,,,,,,,
646,4577,23.682109069999996,94.05,289,1323008,3e-05,1.254331413283944,0.15054510533809662,0.913953423500061,6450,0.002175856,-1.8778646439313889,0.044677734375,-0.005754843272734433,0.1,,
647,4582,23.857544650000005,93.35,289,1325056,3e-05,1.2086959019303323,0.18972159922122955,0.9240021705627441,6460,0.001718116,-1.9377205312252044,0.02900390625,-0.005625880311708897,0.1,,
648,4587,23.058010579999994,94.03,289,1327104,3e-05,0.996413616091013,0.12362369894981384,0.9400966167449951,6470,0.0023553772,-1.8930352240800858,0.04267578125,-0.006132998934481293,0.1,,
649,4592,22.73606547,94.23,289,1329152,3e-05,1.27172641903162,0.19770070910453796,0.8961151838302612,6480,0.0014482667,-1.9362249463796615,0.025634765625,-0.00505769296141807,0.1,,
,,,,,1330000,3e-05,1.5488206092268229,0.21541950106620789,0.9107759594917297,6490,0.0015966909,-1.9317659899592399,0.02275390625,-0.005518549261614681,0.1,28.77096824645996,91.6
650,4598,22.77837885,93.7,289,1331200,,,,,,,,,,,,
651,4603,23.057169400000003,93.74,289,1333248,3e-05,1.5923425085842609,0.1937461793422699,0.91032475233078,6500,0.0011061849,-1.8716565862298011,0.01591796875,-0.0040366776956943795,0.1,,
652,4609,22.30415536,94.4,289,1335296,3e-05,1.268387208878994,0.14390648901462555,0.9184298515319824,6510,0.0016727485,-1.8756303310394287,0.021337890625,-0.005411479991744272,0.1,,
653,4614,23.521349479999998,94.18,289,1337344,3e-05,1.6739558789879083,0.18063461780548096,0.8665339946746826,6520,0.0015102862,-1.9174681186676026,0.03544921875,-0.005001196096418426,0.1,,
654,4619,23.48744413,94.74,289,1339392,3e-05,1.2226567916572093,0.21203963458538055,0.9223949313163757,6530,0.0021268402,-1.882140465080738,0.03818359375,-0.0067556234018411486,0.1,,
,,,,,1340000,3e-05,0.8588055316358805,0.1229342520236969,0.9361959099769592,6540,0.0024736598,-1.9291088700294494,0.045947265625,-0.006973927345825359,0.1,20.698462867736815,94.6
655,4625,23.045320179999997,94.1,290,1341440,,,,,,,,,,,,
656,4630,23.301072999999995,94.46,290,1343488,3e-05,1.4356734812259675,0.20784398913383484,0.8925750255584717,6550,0.0019888645,-1.8672664135694503,0.02978515625,-0.004982405496411957,0.1,,
657,4635,23.382554689999996,93.49,290,1345536,3e-05,2.2720091953873633,0.29183512926101685,0.8243122696876526,6560,0.00083415816,-1.9103482782840728,0.0216796875,-0.00400880011729896,0.1,,
658,4641,22.94879046,92.96,290,1347584,3e-05,1.423550121858716,0.26964953541755676,0.9130113124847412,6570,0.0020538443,-1.8949409872293472,0.038037109375,-0.00682185601326637,0.1,,
659,4642,22.88343597,92.2,290,1349632,3e-05,1.5611854866147041,0.25972816348075867,0.8854013681411743,6580,0.0013972197,-1.9222440153360367,0.024658203125,-0.005439132044557482,0.1,,
,,,,,1350000,3e-05,2.4610654674470425,0.3894718885421753,0.8461618423461914,6590,0.0011218986,-1.9301275566220284,0.0154296875,-0.005311172176152468,0.1,26.100352478027343,100.0
660,4648,22.73034026,93.18,290,1351680,,,,,,,,,,,,
661,4653,22.159838520000005,94.11,290,1353728,3e-05,1.6414684914052486,0.2568540573120117,0.8986490964889526,6600,0.0018566846,-1.9620133340358734,0.027783203125,-0.005125166563084349,0.1,,
662,4658,22.753631719999998,94.6,291,1355776,3e-05,1.158149241656065,0.14079037308692932,0.9026980400085449,6610,0.0019427505,-1.938473404943943,0.041845703125,-0.00548845567391254,0.1,,
663,4663,23.418298050000004,94.98,291,1357824,3e-05,1.1577350988984108,0.13714131712913513,0.9260988831520081,6620,0.0023834128,-1.9338249266147614,0.042041015625,-0.006587349870824255,0.1,,
664,4669,23.131435709999995,95.42,291,1359872,3e-05,1.1614571571350099,0.18543767929077148,0.9276174902915955,6630,0.0021480091,-1.8966419979929925,0.04091796875,-0.005588092500693165,0.1,,
,,,,,1360000,3e-05,1.53267991989851,0.23614901304244995,0.9221519231796265,6640,0.0019092665,-1.924316516518593,0.03720703125,-0.006585457301116549,0.1,26.394487380981445,95.2
665,4675,23.193901999999998,95.35,291,1361920,,,,,,,,,,,,
666,4680,23.35802764,94.57,291,1363968,3e-05,1.610048445314169,0.2939567267894745,0.9117568731307983,6650,0.0009800852,-1.9285555437207222,0.020068359375,-0.005238476069644093,0.1,,
667,4685,23.927536540000002,93.25,291,1366016,3e-05,1.6700001157820226,0.27672070264816284,0.8839512467384338,6660,0.0012723135,-1.8955910876393318,0.02392578125,-0.004528364198631607,0.1,,
668,4690,23.45574924,93.43,291,1368064,3e-05,1.210741513967514,0.202756866812706,0.9008227586746216,6670,0.0017065292,-1.8757794231176377,0.0318359375,-0.00583430344122462,0.1,,
,,,,,1370000,3e-05,1.0201213732361794,0.13214188814163208,0.9152796268463135,6680,0.0020216336,-1.9479696959257127,0.048486328125,-0.006917731839348562,0.1,22.080364608764647,95.8
669,4696,22.83230286,93.07,291,1370112,,,,,,,,,,,,
670,4701,22.981758300000006,94.58,291,1372160,3e-05,1.2686831071972846,0.20714716613292694,0.9080862998962402,6690,0.0016478247,-1.9178827032446861,0.0302734375,-0.0059200551535468545,0.1,,
671,4706,23.20023361,94.22,291,1374208,3e-05,0.762512830272317,0.13319343328475952,0.9349410533905029,6700,0.0025343518,-1.8722636729478837,0.061328125,-0.007383606059011072,0.1,,
672,4712,23.4586818,94.6,292,1376256,3e-05,1.4151093956083058,0.19531594216823578,0.9002136588096619,6710,0.0014182712,-1.8737143769860267,0.026806640625,-0.00577858375327196,0.1,,
673,4717,23.382446530000003,94.22,292,1378304,3e-05,0.9492119727656245,0.12567289173603058,0.9298418760299683,6720,0.00217622,-1.9026018351316452,0.04287109375,-0.0059960106416838245,0.1,,
,,,,,1380000,3e-05,0.9477241832762957,0.10719434916973114,0.9330846667289734,6730,0.001779132,-1.8943462029099465,0.0447265625,-0.0056031595304375514,0.1,25.05165786743164,94.6
674,4723,24.113807929999997,93.78,292,1380352,,,,,,,,,,,,
675,4729,24.39880638,93.58,292,1382400,3e-05,1.0089487943798303,0.11610855162143707,0.9241989254951477,6740,0.0017968464,-1.8963798150420188,0.03583984375,-0.0063242141244700175,0.1,,
676,4734,24.49195699,93.76,292,1384448,3e-05,1.4889307260513305,0.19484853744506836,0.9215894937515259,6750,0.0016144447,-1.9069128513336182,0.025390625,-0.005688487841689493,0.1,,
677,4739,24.673077210000002,94.19,292,1386496,3e-05,1.5584444560110569,0.27301496267318726,0.8941469192504883,6760,0.0021103204,-1.9483356833457948,0.038525390625,-0.007326243902207352,0.1,,
678,4744,24.701616819999995,93.53,292,1388544,3e-05,0.9517795532941818,0.13557137548923492,0.9363842010498047,6770,0.0019337459,-1.9187897518277168,0.034619140625,-0.0059616731421556326,0.1,,
,,,,,1390000,3e-05,1.2637735035270452,0.20212207734584808,0.913769006729126,6780,0.001728887,-1.93584693223238,0.0421875,-0.006203423260012641,0.1,18.930495262145996,92.2
679,4750,24.275080130000003,94.4,292,1390592,,,,,,,,,,,,
680,4755,24.28632631,93.95,292,1392640,3e-05,1.7088727496564389,0.28453630208969116,0.90581876039505,6790,0.00145259,-1.953006201982498,0.022119140625,-0.005354217729473021,0.1,,
681,4760,25.000289020000004,93.59,292,1394688,3e-05,1.3062390699982642,0.21052786707878113,0.9252378940582275,6800,0.002068484,-1.9184934228658677,0.035791015625,-0.005957076279446483,0.1,,
682,4765,25.115837819999996,93.51,293,1396736,3e-05,1.1878402590751649,0.17081107199192047,0.936950147151947,6810,0.0016968987,-1.8913122475147248,0.03203125,-0.0062108598940540105,0.1,,
683,4770,25.724009200000005,92.98,293,1398784,3e-05,0.7860201936215162,0.11767618358135223,0.9470546245574951,6820,0.0025321522,-1.9317581444978713,0.05556640625,-0.005720505298813805,0.1,,
,,,,,1400000,3e-05,0.8354059595614671,0.13837720453739166,0.9386893510818481,6830,0.0026206393,-1.9482491984963417,0.045703125,-0.0065107487083878365,0.1,16.73047790527344,97.0
684,4776,25.967928920000006,93.08,293,1400832,,,,,,,,,,,,
685,4781,25.345969569999998,93.08,293,1402880,3e-05,1.2363474559038878,0.14743785560131073,0.911621630191803,6840,0.0014629831,-1.9455541238188743,0.044091796875,-0.00537388623051811,0.1,,
686,4786,24.789086899999997,93.3,293,1404928,3e-05,1.018748303502798,0.11921735107898712,0.900774359703064,6850,0.0024697268,-1.965357844531536,0.0412109375,-0.007234845738275908,0.1,,
687,4791,24.700632810000002,93.55,293,1406976,3e-05,1.3112557958811522,0.22320401668548584,0.9105451107025146,6860,0.0012208568,-1.9392709612846375,0.027685546875,-0.005207361018983647,0.1,,
688,4796,23.549042560000004,94.22,293,1409024,3e-05,1.0448955308645964,0.14442788064479828,0.9291967153549194,6870,0.0022935495,-1.9810476049780845,0.04296875,-0.005727076338371262,0.1,,
,,,,,1410000,3e-05,1.186735612154007,0.12354569137096405,0.9195944666862488,6880,0.0016790435,-2.012528529763222,0.037353515625,-0.0067470827605575325,0.1,23.106708145141603,95.4
689,4802,23.429499399999994,94.47,293,1411072,,,,,,,,,,,,
690,4807,23.358800140000003,93.63,293,1413120,3e-05,1.1740077693015336,0.1128164753317833,0.9143190979957581,6890,0.0017458613,-2.005896161496639,0.03720703125,-0.006909316289238632,0.1,,
691,4812,22.978031220000005,93.43,294,1415168,3e-05,2.141453628987074,0.2514798045158386,0.8395426869392395,6900,0.0010123776,-1.9429054975509643,0.019580078125,-0.00526236510486342,0.1,,
692,4817,22.583992320000004,93.73,294,1417216,3e-05,1.806519339978695,0.2593129873275757,0.8930969834327698,6910,0.0012830496,-1.9789846166968346,0.0232421875,-0.004760275359149091,0.1,,
693,4822,23.966458740000004,92.59,294,1419264,3e-05,1.0772837363183498,0.21487125754356384,0.9370091557502747,6920,0.002109179,-1.9761880800127982,0.041357421875,-0.006797290907707065,0.1,,
,,,,,1420000,3e-05,1.3479671958833932,0.17996764183044434,0.9314422011375427,6930,0.0013663628,-1.9479311034083366,0.0244140625,-0.005976527836173773,0.1,26.852472686767577,95.0
694,4828,23.85123928,92.4,294,1421312,,,,,,,,,,,,
695,4833,24.20037132,93.2,294,1423360,3e-05,1.1281164176762104,0.16226433217525482,0.9292511940002441,6940,0.0023387952,-2.0081831589341164,0.0427734375,-0.006899775119381957,0.1,,
696,4838,24.55934497,93.15,294,1425408,3e-05,1.1626418340951203,0.13835588097572327,0.9159584045410156,6950,0.0016203145,-1.9763532027602195,0.027783203125,-0.006285729954834096,0.1,,
697,4843,24.429715830000006,93.92,294,1427456,3e-05,0.6772410642355681,0.09000283479690552,0.9446590542793274,6960,0.0029818113,-1.9965879395604134,0.0630859375,-0.007988615386420862,0.1,,
698,4848,24.058748509999997,93.53,294,1429504,3e-05,0.6696450974792242,0.17404186725616455,0.9666854739189148,6970,0.0023105997,-2.0043918281793593,0.049609375,-0.006677129681338556,0.1,,
,,,,,1430000,3e-05,0.9295120170339942,0.09435790777206421,0.9097030162811279,6980,0.0023561195,-2.00170044451952,0.046826171875,-0.00799101787561085,0.1,19.661385536193848,95.8
699,4854,24.134401780000005,94.98,294,1431552,,,,,,,,,,,,
700,4859,23.630653699999996,94.89,295,1433600,3e-05,1.2901245970278978,0.20969420671463013,0.9201154112815857,6990,0.0018241189,-2.0287759974598885,0.039697265625,-0.006751431239536032,0.1,,
701,4864,23.183136750000003,94.88,295,1435648,3e-05,1.5636932894587516,0.2372882217168808,0.8764262795448303,7000,0.0010128461,-2.0003330051898955,0.015966796875,-0.004849716083845124,0.1,,
702,4869,22.841305909999992,95.22,295,1437696,3e-05,1.1508122086524963,0.1469830721616745,0.8730506300926208,7010,0.0016072604,-2.059850850701332,0.022802734375,-0.005332967202411965,0.1,,
703,4874,22.351444330000003,93.94,295,1439744,3e-05,0.9057147677987814,0.13858136534690857,0.9164835214614868,7020,0.0018652097,-2.013443906605244,0.04580078125,-0.005737096379743889,0.1,,
,,,,,1440000,3e-05,1.7232344027608633,0.1633489429950714,0.878932774066925,7030,0.0016052001,-2.0180317729711534,0.027294921875,-0.00524549800902605,0.1,20.4622465133667,99.0
704,4880,22.358117249999996,94.38,295,1441792,,,,,,,,,,,,
705,4885,22.484633440000003,94.16,295,1443840,3e-05,1.7618302188813686,0.19603249430656433,0.8846535086631775,7040,0.0011696855,-2.049502821266651,0.019970703125,-0.005719206498179119,0.1,,
706,4890,23.49197409,93.17,295,1445888,3e-05,1.2553062964230777,0.1631292700767517,0.9125723838806152,7050,0.0022448834,-2.0152032122015955,0.03740234375,-0.00673367123818025,0.1,,
707,4895,23.762487649999994,93.17,295,1447936,3e-05,1.05803166590631,0.18306419253349304,0.9274861812591553,7060,0.0018166316,-2.027678555250168,0.036767578125,-0.005759011147893034,0.1,,
708,4900,24.480614590000002,92.5,295,1449984,3e-05,0.9741167854517698,0.1492065191268921,0.9496288895606995,7070,0.0022453973,-2.0349838942289353,0.0431640625,-0.006564522592816502,0.1,,
,,,,,1450000,3e-05,0.8982714746147394,0.12202062457799911,0.9406847357749939,7080,0.0025208285,-2.0353506028652193,0.058984375,-0.006764367799041793,0.1,28.819930648803712,86.0
709,4906,24.34650893,93.81,295,1452032,,,,,,,,,,,,
710,4912,24.47510839000001,93.35,296,1454080,3e-05,0.9800670430064201,0.16371914744377136,0.9189501404762268,7090,0.0019184587,-2.005701172351837,0.0359375,-0.007642557809595019,0.1,,
711,4916,24.47461595,93.47,296,1456128,3e-05,0.9587569164112211,0.08426091820001602,0.9253136515617371,7100,0.0023361084,-2.0090319603681563,0.039306640625,-0.007253654551459476,0.1,,
712,4921,23.93680637,94.52,296,1458176,3e-05,1.159291171655059,0.1858987808227539,0.9164578914642334,7110,0.0019115809,-1.9754194155335427,0.032763671875,-0.005980011433712207,0.1,,
,,,,,1460000,3e-05,1.1253736425191163,0.15732190012931824,0.9289213418960571,7120,0.0020894832,-1.9855203181505203,0.042333984375,-0.007916732836747542,0.1,27.849879837036134,87.4
713,4927,24.23868704,93.54,296,1460224,,,,,,,,,,,,
714,4932,23.8360649,93.88,296,1462272,3e-05,1.3951640602201223,0.1425880789756775,0.897513210773468,7130,0.0019802516,-1.988691231608391,0.025439453125,-0.005633656057761982,0.1,,
715,4937,23.44915359,93.84,296,1464320,3e-05,1.1205524623394012,0.16486240923404694,0.9208675622940063,7140,0.0017182098,-2.023244023323059,0.02734375,-0.006207909859949723,0.1,,
716,4942,23.121075630000004,94.56,296,1466368,3e-05,1.4741636890918017,0.1989462822675705,0.8753864765167236,7150,0.0017029103,-1.9984174832701682,0.0359375,-0.005985004059039056,0.1,,
717,4947,22.86212207,94.94,296,1468416,3e-05,1.3166250113397837,0.14966759085655212,0.881542980670929,7160,0.0015725812,-2.020544248819351,0.0279296875,-0.007420162303606048,0.1,,
,,,,,1470000,3e-05,1.0430487036705016,0.19677919149398804,0.9131461381912231,7170,0.0019903532,-2.027136631309986,0.0412109375,-0.007317194121424109,0.1,26.263986015319823,87.2
718,4953,23.482302909999998,94.02,296,1470464,,,,,,,,,,,,
719,4958,23.011279899999998,94.86,296,1472512,3e-05,1.243832978606224,0.22836992144584656,0.9262646436691284,7180,0.0014024716,-1.9641774222254753,0.037255859375,-0.006676363485166803,0.1,,
720,4963,23.78808301,93.93,297,1474560,3e-05,1.2127562556415796,0.15547576546669006,0.9123131632804871,7190,0.0025882549,-2.039246068894863,0.049560546875,-0.00754060770268552,0.1,,
721,4969,24.378917890000004,92.59,297,1476608,3e-05,0.8751324038952589,0.12106457352638245,0.9477474689483643,7200,0.0025809105,-1.9439226701855659,0.049853515625,-0.007486503917607479,0.1,,
722,4974,24.628660689999997,92.81,297,1478656,3e-05,1.271665835380554,0.15416008234024048,0.9103893637657166,7210,0.002333789,-1.9846544608473777,0.041259765625,-0.0067850128980353475,0.1,,
,,,,,1480000,3e-05,1.0424865704029798,0.2259242683649063,0.9449706077575684,7220,0.0016350939,-1.9736023247241974,0.029638671875,-0.005287343368399889,0.1,26.284959411621095,96.2
723,4980,25.007635189999995,91.91,297,1480704,,,,,,,,,,,,
724,4985,25.6412865,91.43,297,1482752,3e-05,1.1215537283569574,0.08024731278419495,0.9039426445960999,7230,0.0024724961,-2.014416624605656,0.04775390625,-0.006919153976195957,0.1,,
725,4990,25.346630820000005,91.51,297,1484800,3e-05,0.7539242694154382,0.06418844312429428,0.9542818069458008,7240,0.0028196739,-2.0191180989146233,0.052783203125,-0.007286615477642045,0.1,,
726,4995,25.15019989,92.1,297,1486848,3e-05,0.9416040305048228,0.15610197186470032,0.9235032796859741,7250,0.0016111801,-2.0185582011938097,0.037060546875,-0.006142066945903935,0.1,,
727,5000,25.517641489999995,92.53,297,1488896,3e-05,0.7823535013943911,0.09147461503744125,0.9455126523971558,7260,0.002887533,-1.9837175652384758,0.055615234375,-0.007744524965528399,0.1,,
,,,,,1490000,3e-05,0.9023609511554241,0.10171721875667572,0.945070743560791,7270,0.0016743696,-2.0159600779414175,0.036767578125,-0.007280226616421715,0.1,24.02611427307129,96.8
728,5006,25.407633580000002,92.53,297,1490944,,,,,,,,,,,,
729,5011,25.05575754,93.46,297,1492992,3e-05,1.218843914195895,0.26394110918045044,0.9168499112129211,7280,0.001499518,-2.0115311205387116,0.02939453125,-0.005560133108519949,0.1,,
730,5016,25.56385948,92.56,298,1495040,3e-05,1.0123805321753025,0.10523384064435959,0.9425256848335266,7290,0.0022458734,-2.023178866505623,0.048681640625,-0.007895232332521119,0.1,,
731,5022,25.424827979999996,92.01,298,1497088,3e-05,0.8578238463029265,0.11946815252304077,0.932951807975769,7300,0.0017461355,-1.9912335067987441,0.029052734375,-0.006303168690646998,0.1,,
732,5027,25.7272122,90.29,298,1499136,3e-05,0.9882306724786758,0.08300963789224625,0.936630368232727,7310,0.002437046,-2.009546507894993,0.04716796875,-0.00829367061960511,0.1,,
,,,,,1500000,3e-05,0.8041447393596173,0.10807274281978607,0.942206859588623,7320,0.0022882,-1.9574588984251022,0.05224609375,-0.007222292368533089,0.1,25.00455436706543,85.8
733,5033,26.040431080000005,90.56,298,1501184,,,,,,,,,,,,
734,5038,25.65971427,91.04,298,1503232,3e-05,2.305007787793875,0.3084739148616791,0.836207389831543,7330,0.0016374005,-2.022258345782757,0.04453125,-0.005064280220540241,0.1,,
735,5043,25.535811400000004,91.52,298,1505280,3e-05,1.5311082504689693,0.16050292551517487,0.8752486109733582,7340,0.0014495377,-1.994647416472435,0.029736328125,-0.006350202398607507,0.1,,
736,5048,25.452618270000002,91.77,298,1507328,3e-05,1.1241842228919268,0.1368142068386078,0.9149481654167175,7350,0.0018330337,-1.971698772907257,0.0345703125,-0.007505065482109785,0.1,,
737,5053,24.9282839,91.47,298,1509376,3e-05,1.0910490158945323,0.11866006255149841,0.9245514869689941,7360,0.0017149199,-1.9694903075695038,0.041845703125,-0.006065143569139763,0.1,,
,,,,,1510000,3e-05,1.3456499483436346,0.24017062783241272,0.9319585561752319,7370,0.0014447772,-2.015695685148239,0.0310546875,-0.00491180750541389,0.1,30.664348220825197,90.6
738,5059,25.18236592,91.11,298,1511424,,,,,,,,,,,,
739,5064,24.80056193,91.36,298,1513472,3e-05,1.4445436593145131,0.22572284936904907,0.8821510672569275,7380,0.0018541616,-1.9794966608285904,0.0345703125,-0.005282151157734916,0.1,,
740,5069,24.993396860000008,92.01,298,1515520,3e-05,1.0318386666476727,0.11505640298128128,0.9155579805374146,7390,0.0018986292,-1.9797079205513,0.033447265625,-0.006173182011116296,0.1,,
741,5074,24.52136175,93.33,299,1517568,3e-05,1.064567642658949,0.2314419448375702,0.9398276209831238,7400,0.0018293008,-1.9991485923528671,0.047802734375,-0.007490179142041598,0.1,,
742,5079,24.33828559,93.37,299,1519616,3e-05,1.0567453034222125,0.1387396901845932,0.9244977235794067,7410,0.0018894135,-2.000114490091801,0.034521484375,-0.00680757676018402,0.1,,
,,,,,1520000,3e-05,1.0851734809577465,0.10787829011678696,0.9135414361953735,7420,0.002175421,-2.0165955454111097,0.057568359375,-0.005620605728472583,0.1,27.99859485626221,90.2
743,5085,23.387802110000003,94.34,299,1521664,,,,,,,,,,,,
744,5090,22.79067235,94.28,299,1523712,3e-05,1.3694254480302335,0.17144785821437836,0.8800476789474487,7430,0.0018830022,-2.0840628147125244,0.044580078125,-0.005652063520392403,0.1,,
745,5095,22.842968850000002,93.4,299,1525760,3e-05,1.2353764802217484,0.132473886013031,0.909232497215271,7440,0.0020705673,-2.0329479426145554,0.033544921875,-0.00648862325178925,0.1,,
746,5100,22.472214389999994,92.94,299,1527808,3e-05,1.2029690112918616,0.11895498633384705,0.9233261942863464,7450,0.0016849934,-1.9762660548090936,0.02744140625,-0.004902971547562629,0.1,,
747,5106,21.851231199999997,92.91,299,1529856,3e-05,0.8602432876825332,0.12222545593976974,0.9209766983985901,7460,0.0024861866,-2.0407709926366806,0.0419921875,-0.005408585368422791,0.1,,
,,,,,1530000,3e-05,1.265575834736228,0.1480315923690796,0.913052499294281,7470,0.0010198983,-1.9938686668872834,0.03173828125,-0.0056468290160410104,0.1,21.676771068572997,95.2
748,5112,22.906105249999996,93.23,299,1531904,,,,,,,,,,,,
749,5118,23.347114379999994,93.34,299,1533952,3e-05,1.171565419062972,0.11725321412086487,0.9104381799697876,7480,0.002363974,-2.06453767567873,0.03466796875,-0.0064907119987765325,0.1,,
750,5123,23.241371270000005,93.79,299,1536000,3e-05,0.9070750817656517,0.1115647479891777,0.9462199211120605,7490,0.002538098,-2.0404164612293245,0.045556640625,-0.006569758895784617,0.1,,
751,5128,23.44363469,94.11,299,1538048,3e-05,1.414106721058488,0.14793431758880615,0.8986127972602844,7500,0.001459958,-2.0116095513105394,0.029345703125,-0.0059750529762823135,0.1,,
,,,,,1540000,3e-05,1.365867419168353,0.21671994030475616,0.909700334072113,7510,0.0021883887,-2.0053991049528124,0.040771484375,-0.006060263715335168,0.1,22.079442405700682,90.6
752,5134,24.27331706,94.44,299,1540096,,,,,,,,,,,,
753,5139,24.89247742,94.45,300,1542144,3e-05,1.3476602159440518,0.22090277075767517,0.9232890605926514,7520,0.0013507453,-1.981764329969883,0.022607421875,-0.005037290186737664,0.1,,
754,5144,24.690134979999996,94.2,300,1544192,3e-05,1.4020371120423079,0.19950705766677856,0.9187173843383789,7530,0.0014044603,-1.9900691404938697,0.021826171875,-0.004796488553984091,0.1,,
755,5149,24.172686609999996,93.72,300,1546240,3e-05,1.162222334370017,0.1447487324476242,0.8647294044494629,7540,0.002126777,-2.0329535111784933,0.046875,-0.005864470804226585,0.1,,
756,5154,23.77523346,94.16,300,1548288,3e-05,0.9933960381895304,0.1378529816865921,0.9354352951049805,7550,0.0019768851,-2.002748554944992,0.0306640625,-0.006625339845777489,0.1,,
,,,,,1550000,3e-05,1.0681782379746436,0.1287740170955658,0.9235697388648987,7560,0.002352835,-1.936191800236702,0.04140625,-0.006327982223592698,0.1,23.968341064453124,94.4
757,5160,23.61730612,93.64,300,1550336,,,,,,,,,,,,
758,5165,23.687947270000006,94.21,300,1552384,3e-05,1.2681459829211235,0.19544844329357147,0.9033462405204773,7570,0.0020151646,-1.9505308002233506,0.046240234375,-0.007045069430023432,0.1,,
759,5170,23.572602220000004,93.97,300,1554432,3e-05,0.7702576514333487,0.10558398067951202,0.9501193761825562,7580,0.0024893153,-2.0196363642811774,0.0521484375,-0.008565992797957733,0.1,,
760,5175,22.97456388,93.53,300,1556480,3e-05,1.0592321287840605,0.142960786819458,0.9218776226043701,7590,0.002539013,-1.9952555298805237,0.049072265625,-0.007241524671553634,0.1,,
761,5181,22.821569049999997,93.87,300,1558528,3e-05,0.8413557890802622,0.10754092782735825,0.9365662336349487,7600,0.0028366453,-2.0189078986644744,0.056396484375,-0.005482837298768572,0.1,,
,,,,,1560000,3e-05,0.9127905361354351,0.10460709035396576,0.9223595857620239,7610,0.003124328,-2.009594589471817,0.07763671875,-0.003995469183428213,0.1,22.72821922302246,93.2
762,5187,22.809972000000002,95.02,300,1560576,,,,,,,,,,,,
763,5192,22.824030409999995,94.29,300,1562624,3e-05,1.7478574927896262,0.29201963543891907,0.8955903649330139,7620,0.001018483,-1.9947367399930953,0.030712890625,-0.004475129608181305,0.1,,
764,5197,24.021223790000004,94.9,301,1564672,3e-05,1.3891299210488797,0.2168506234884262,0.9093411564826965,7630,0.0011847082,-1.9739875435829162,0.0203125,-0.004106146187405102,0.1,,
765,5202,24.970498590000002,94.5,301,1566720,3e-05,1.3885314878076316,0.21216700971126556,0.9438015222549438,7640,0.0015323679,-1.9775421753525735,0.03310546875,-0.004895139471045695,0.1,,
766,5207,25.531664410000005,93.09,301,1568768,3e-05,1.1122533842921256,0.1411859393119812,0.9354097843170166,7650,0.001782366,-2.002186280488968,0.035302734375,-0.00581724607909564,0.1,,
,,,,,1570000,3e-05,1.2300308294594289,0.19631998240947723,0.9188827276229858,7660,0.0029130462,-1.9554644331336022,0.036474609375,-0.004921169771114365,0.1,24.67164192199707,92.4
767,5214,24.858196640000003,93.37,301,1570816,,,,,,,,,,,,
768,5219,25.12753383,93.33,301,1572864,3e-05,0.9109722113236784,0.08742354065179825,0.9389967918395996,7670,0.0018053013,-2.0565303057432174,0.046435546875,-0.005696864039055072,0.1,,
769,5224,24.08621348,93.88,301,1574912,3e-05,0.9123204562813043,0.12434443831443787,0.9162968993186951,7680,0.002198922,-1.9755704775452614,0.0572265625,-0.00704140262096189,0.1,,
770,5229,23.89491299,94.49,301,1576960,3e-05,0.6073687680065631,0.06997860968112946,0.9597318768501282,7690,0.0027207127,-1.971495020389557,0.0587890625,-0.007744909462053329,0.1,,
771,5234,23.649810599999995,94.01,301,1579008,3e-05,0.9093866132199764,0.07645455002784729,0.9210153222084045,7700,0.0019530328,-1.9907099440693856,0.052880859375,-0.00617234887322411,0.1,,
,,,,,1580000,3e-05,1.4202129002660513,0.243798166513443,0.9274117350578308,7710,0.002391656,-1.9502142876386643,0.036572265625,-0.006039275400689803,0.1,29.873720169067383,88.6
772,5240,24.007162510000004,94.1,301,1581056,,,,,,,,,,,,
773,5245,23.7792758,94.69,301,1583104,3e-05,1.3009638845920564,0.20023509860038757,0.9309167861938477,7720,0.0022425028,-2.041097916662693,0.0544921875,-0.007975561928469687,0.1,,
774,5250,24.12415943,94.66,301,1585152,3e-05,1.1683053374290466,0.23826295137405396,0.9269876480102539,7730,0.0017682002,-1.901503112912178,0.03642578125,-0.005791826875065453,0.1,,
775,5255,24.178687019999998,94.37,301,1587200,3e-05,1.2703751653432847,0.24980542063713074,0.9308972358703613,7740,0.002092895,-1.9610396400094032,0.0296875,-0.006540686264634133,0.1,,
776,5260,25.09271107,93.61,302,1589248,3e-05,1.1053569938987493,0.131483793258667,0.9321951270103455,7750,0.0026586084,-1.939680601656437,0.056005859375,-0.008703195746056736,0.1,,
,,,,,1590000,3e-05,1.1852438788861037,0.1702156960964203,0.9100642800331116,7760,0.0019060987,-1.9501767382025719,0.030322265625,-0.006534027628367767,0.1,29.489901733398437,90.8
777,5266,25.127493360000003,93.15,302,1591296,,,,,,,,,,,,
778,5271,24.760504959999995,92.13,302,1593344,3e-05,0.9904636036604643,0.12429516762495041,0.9176134467124939,7770,0.0020828422,-1.935110007226467,0.045361328125,-0.007023305963957682,0.1,,
779,5276,25.022264720000003,91.8,302,1595392,3e-05,1.3286396596580743,0.19601911306381226,0.9041330814361572,7780,0.001520681,-1.9003895834088325,0.04248046875,-0.006322107778396457,0.1,,
780,5281,24.325634680000004,92.77,302,1597440,3e-05,0.8421071033924818,0.09003078937530518,0.9389886856079102,7790,0.0030045013,-1.9228089466691016,0.059814453125,-0.007120945109636523,0.1,,
781,5287,24.32778729,92.75,302,1599488,3e-05,0.9835516095161438,0.1370798945426941,0.9282116889953613,7800,0.0023844882,-2.0198700979351996,0.071142578125,-0.006327477504964918,0.1,,
,,,,,1600000,3e-05,0.9801167571917176,0.09620591998100281,0.9202229976654053,7810,0.0023358702,-1.9606348052620888,0.039208984375,-0.007283643522532657,0.1,21.545479202270506,98.0
782,5294,23.962178619999996,94.31,302,1601536,,,,,,,,,,,,
783,5299,24.573986920000003,94.34,302,1603584,3e-05,0.8885161412879825,0.1090778186917305,0.9363024830818176,7820,0.0026251615,-1.9835934281349181,0.06748046875,-0.008422189694829284,0.1,,
784,5304,23.98849693,95.26,302,1605632,3e-05,0.9505080293864012,0.10548580437898636,0.9387399554252625,7830,0.0026686653,-1.983014813065529,0.050830078125,-0.007998260023305193,0.1,,
785,5310,24.32206977,94.87,302,1607680,3e-05,0.87840476334095,0.08564750850200653,0.936465859413147,7840,0.0022850744,-1.9638332962989806,0.054345703125,-0.0076635754565359095,0.1,,
786,5315,24.026711010000003,93.53,302,1609728,3e-05,0.7408295655623078,0.11994807422161102,0.9482628107070923,7850,0.0021023736,-1.9464163482189178,0.04033203125,-0.00618262622738257,0.1,,
,,,,,1610000,3e-05,1.4014401026070118,0.1716657280921936,0.8964036703109741,7860,0.0014696193,-1.925741146504879,0.02197265625,-0.006374380411580205,0.1,21.646072578430175,95.8
787,5321,24.488032550000003,93.07,302,1611776,,,,,,,,,,,,
788,5326,24.51611607,93.33,303,1613824,3e-05,0.9343861106783151,0.11813822388648987,0.9351468682289124,7870,0.0018206305,-1.9249480292201042,0.038525390625,-0.007364753377623856,0.1,,
789,5331,25.09884629,92.48,303,1615872,3e-05,0.7796984082087874,0.08447889238595963,0.9412659406661987,7880,0.0016065857,-1.9616613671183587,0.044091796875,-0.005879803716379683,0.1,,
790,5336,25.499885669999998,92.47,303,1617920,3e-05,0.9235156822949648,0.10041791945695877,0.948294460773468,7890,0.0027726204,-1.9583580479025842,0.076123046875,-0.0072366957494523374,0.1,,
791,5341,24.466796980000005,94.86,303,1619968,3e-05,1.036457807943225,0.15517234802246094,0.9427328109741211,7900,0.002048348,-1.9118508785963058,0.042138671875,-0.006096398283261806,0.1,,
,,,,,1620000,3e-05,1.264826302230358,0.17520834505558014,0.8949858546257019,7910,0.0019390485,-2.02183091789484,0.04453125,-0.006995659880340099,0.1,24.604978561401367,92.6
792,5347,24.056775949999995,96.24,303,1622016,,,,,,,,,,,,
793,5352,23.921237759999993,95.71,303,1624064,3e-05,1.084711655601859,0.10575048625469208,0.9298408031463623,7920,0.0024723879,-1.9213034063577652,0.039111328125,-0.00648614349483978,0.1,,
794,5357,23.566644699999998,95.17,303,1626112,3e-05,1.120983062684536,0.12217661738395691,0.9099258184432983,7930,0.0017079812,-1.9308363750576973,0.0388671875,-0.005124037034693174,0.1,,
795,5362,23.915966700000002,94.78,303,1628160,3e-05,0.8210002290084958,0.09767048805952072,0.9425551891326904,7940,0.0026879634,-1.989971747994423,0.0591796875,-0.008570813393453136,0.1,,
,,,,,1630000,3e-05,0.7396234761923551,0.07847350090742111,0.9409239292144775,7950,0.0031491625,-1.9153730228543282,0.051611328125,-0.007102802296867594,0.1,23.5016788482666,102.0
796,5369,24.654516409999996,93.19,303,1630208,,,,,,,,,,,,
797,5374,24.511121999999997,93.9,303,1632256,3e-05,0.6906222546473145,0.08305197954177856,0.9612504839897156,7960,0.002360348,-1.952947123348713,0.059716796875,-0.007962427972233854,0.1,,
798,5379,24.859305229999997,93.59,303,1634304,3e-05,0.7564833797514439,0.08281071484088898,0.9295929074287415,7970,0.004129641,-1.9625652566552163,0.0802734375,-0.007612573518417776,0.1,,
799,5384,24.709828339999994,94.42,303,1636352,3e-05,1.0796943794935943,0.13446128368377686,0.9294123649597168,7980,0.0021246271,-1.9044249907135964,0.03408203125,-0.006807839934481308,0.1,,
800,5389,24.97450079,93.75,303,1638400,3e-05,0.967996564693749,0.08653190732002258,0.9235900044441223,7990,0.0028628213,-1.9590135991573334,0.0544921875,-0.007775691454298794,0.1,,
,,,,,1640000,3e-05,1.0599534859880806,0.13414029777050018,0.9245935082435608,8000,0.0031451725,-1.9197783932089805,0.06552734375,-0.008337380603188648,0.1,29.038697052001954,88.8
801,5395,25.030873300000003,92.68,304,1640448,,,,,,,,,,,,
802,5400,24.19484665,92.14,304,1642496,3e-05,0.945309878885746,0.13431039452552795,0.9271061420440674,8010,0.002607481,-2.0078394562005997,0.069921875,-0.007613611075794324,0.1,,
803,5405,23.388538580000002,93.0,304,1644544,3e-05,1.415646955370903,0.12784525752067566,0.898909330368042,8020,0.0018666077,-2.05527191311121,0.030078125,-0.007230214489391073,0.1,,
804,5410,22.579796519999995,93.94,304,1646592,3e-05,1.0592469997704028,0.11279726028442383,0.9148957133293152,8030,0.0027237404,-2.020463316142559,0.04765625,-0.007936652525677346,0.1,,
805,5415,22.59173309,93.85,304,1648640,3e-05,0.992603375390172,0.11628791689872742,0.9252218008041382,8040,0.0024220091,-1.981977032124996,0.050830078125,-0.008136855764314532,0.1,,
,,,,,1650000,3e-05,1.0538722202181816,0.1584097295999527,0.931938648223877,8050,0.002319767,-1.9942339584231377,0.04169921875,-0.00816630299668759,0.1,24.13542022705078,87.4
806,5421,22.621206599999997,94.81,304,1650688,,,,,,,,,,,,
807,5426,23.374389710000006,94.29,304,1652736,3e-05,1.0595173463225365,0.13714665174484253,0.921371340751648,8060,0.0020167972,-2.012045110762119,0.035693359375,-0.007455812598345801,0.1,,
808,5432,23.51738899,94.28,304,1654784,3e-05,1.1687908429652452,0.12734007835388184,0.9342957139015198,8070,0.0018670369,-1.9733901664614677,0.033984375,-0.005906347907148302,0.1,,
809,5437,24.143351909999996,94.08,304,1656832,3e-05,1.0959557097405195,0.16564492881298065,0.9341268539428711,8080,0.0019028535,-1.9907454580068589,0.03232421875,-0.006343767332145945,0.1,,
810,5442,24.6909253,94.21,304,1658880,3e-05,0.9115929858759045,0.11249750852584839,0.9532394409179688,8090,0.0023327325,-1.9505131289362907,0.049072265625,-0.005965307445148937,0.1,,
,,,,,1660000,3e-05,0.6864927949383854,0.07423664629459381,0.9599119424819946,8100,0.002900048,-1.9893387421965598,0.070361328125,-0.008017162565374747,0.1,23.104943084716798,93.2
811,5448,25.074046929999998,94.29,304,1660928,,,,,,,,,,,,
812,5453,24.95860467,93.6,304,1662976,3e-05,1.0980878196656705,0.1530502587556839,0.9243553876876831,8110,0.0016673828,-1.9514876082539558,0.029736328125,-0.006671332335099578,0.1,,
813,5458,24.656419530000008,92.92,305,1665024,3e-05,1.2987616233527661,0.22612690925598145,0.9052354097366333,8120,0.0024353159,-1.9408809170126915,0.04189453125,-0.006870671594515443,0.1,,
814,5463,24.653498999999996,92.0,305,1667072,3e-05,1.3010173492133617,0.15334582328796387,0.9119964241981506,8130,0.0016982392,-1.8993086233735084,0.033984375,-0.005352121788018849,0.1,,
815,5468,24.885947669999997,91.29,305,1669120,3e-05,0.8479706380516291,0.09039196372032166,0.9401910901069641,8140,0.0022393912,-1.9453861594200135,0.03896484375,-0.005845290748402477,0.1,,
,,,,,1670000,3e-05,0.9525516482070089,0.09125098586082458,0.9273627996444702,8150,0.0020983755,-1.9319925084710121,0.04296875,-0.006102479493711144,0.1,23.049187088012694,93.2
816,5474,24.121859940000004,92.88,305,1671168,,,,,,,,,,,,
817,5479,24.536561530000004,92.78,305,1673216,3e-05,1.539217822998762,0.26508206129074097,0.8673311471939087,8160,0.0016314818,-1.9295046985149384,0.027099609375,-0.005857667795498856,0.1,,
818,5484,23.672112659999996,94.14,305,1675264,3e-05,1.0140375073999166,0.11198632419109344,0.9202930927276611,8170,0.002619831,-2.009788265824318,0.049951171875,-0.007809651750721969,0.1,,
819,5489,23.84679329,93.74,305,1677312,3e-05,1.0093102358281612,0.12977713346481323,0.9290593266487122,8180,0.0021191526,-1.9249602556228638,0.038916015625,-0.005955745032406412,0.1,,
820,5494,23.74886074,94.52,305,1679360,3e-05,0.8918086521327495,0.1651133894920349,0.9361168146133423,8190,0.0021747274,-1.9538402646780013,0.02958984375,-0.006693718687165529,0.1,,
,,,,,1680000,3e-05,0.9682095292955637,0.12221047282218933,0.9512137174606323,8200,0.002788175,-1.931443277001381,0.03935546875,-0.007613605121150613,0.1,16.426859283447264,103.2
821,5500,24.28476089,93.92,305,1681408,,,,,,,,,,,,
822,5506,24.535934999999995,95.07,305,1683456,3e-05,0.9068820230662823,0.13511167466640472,0.9495497345924377,8210,0.0015210651,-1.8696123898029327,0.034228515625,-0.004929910553619266,0.1,,
823,5511,25.25604905,95.3,305,1685504,3e-05,1.0858355145901442,0.14364981651306152,0.9247680306434631,8220,0.0019473531,-1.9004015013575555,0.035400390625,-0.00547074152273126,0.1,,
824,5516,25.465742759999998,94.51,305,1687552,3e-05,0.8079450622200965,0.10841487348079681,0.9284566044807434,8230,0.0018917947,-1.8864994004368782,0.0380859375,-0.006098890831344761,0.1,,
825,5522,25.473307080000005,94.05,305,1689600,3e-05,0.9143083108589053,0.09637311846017838,0.9317270517349243,8240,0.0021957066,-1.9082377284765244,0.046142578125,-0.007077150841359981,0.1,,
,,,,,1690000,3e-05,1.0657050898298621,0.09666641056537628,0.9350582957267761,8250,0.002012956,-1.8612258970737456,0.04287109375,-0.0052601315343054015,0.1,21.614908599853514,95.8
826,5528,24.965923429999997,94.13,306,1691648,,,,,,,,,,,,
827,5533,23.96955123,95.3,306,1693696,3e-05,1.3590227868407965,0.2591099441051483,0.899443507194519,8260,0.0020699706,-1.9778355300426482,0.037109375,-0.006796886504162103,0.1,,
828,5538,23.96811335,95.32,306,1695744,3e-05,1.2467587281018495,0.171560600399971,0.9180307984352112,8270,0.0016584474,-1.9673873245716096,0.0375,-0.006249693786958233,0.1,,
829,5543,23.68468915,96.81,306,1697792,3e-05,0.9795669354498386,0.15099836885929108,0.9377689957618713,8280,0.0018124685,-1.9434411227703094,0.041552734375,-0.006742229324299842,0.1,,
830,5548,23.388528830000006,95.9,306,1699840,3e-05,0.99321678429842,0.1499803066253662,0.9098491668701172,8290,0.0017489197,-1.8878620520234108,0.03984375,-0.0059888652729569005,0.1,,
,,,,,1700000,3e-05,0.8391320822760463,0.09616957604885101,0.9358677864074707,8300,0.003962641,-1.9595907375216484,0.06923828125,-0.01035852724162396,0.1,20.261503410339355,97.2
831,5555,24.141496439999997,95.86,306,1701888,,,,,,,,,,,,
832,5560,24.48363232,95.6,306,1703936,3e-05,0.8286726050078869,0.08214958012104034,0.9432041645050049,8310,0.002220153,-1.9288198575377464,0.052587890625,-0.007574563060188666,0.1,,
833,5566,24.216335880000003,95.57,306,1705984,3e-05,0.8727416159585119,0.08512294292449951,0.939004123210907,8320,0.0024439301,-1.9056132718920709,0.0439453125,-0.005404155742144212,0.1,,
834,5571,24.873375179999996,94.72,306,1708032,3e-05,0.6865482073277235,0.09670336544513702,0.9541899561882019,8330,0.0026318603,-1.9280094861984254,0.045068359375,-0.0071623330179136245,0.1,,
,,,,,1710000,3e-05,0.858659290894866,0.11625958234071732,0.9498317837715149,8340,0.0031494284,-1.9367274597287178,0.04853515625,-0.004611852936795913,0.1,27.764156341552734,86.6
835,5577,25.32842813,93.81,306,1710080,,,,,,,,,,,,
836,5582,25.1644658,94.06,306,1712128,3e-05,0.8359567882493139,0.10316363722085953,0.9550979137420654,8350,0.0024279072,-1.9177781343460083,0.046923828125,-0.007076469555613585,0.1,,
837,5587,24.82874577,93.78,306,1714176,3e-05,1.7630020678043365,0.2248808741569519,0.8981754779815674,8360,0.0017086567,-1.9718855261802672,0.0283203125,-0.006070664196158759,0.1,,
838,5592,24.419168319999994,94.16,306,1716224,3e-05,1.4174021292477845,0.2213795781135559,0.9095370769500732,8370,0.00175964,-1.9098775118589402,0.028125,-0.006109801447018981,0.1,,
839,5597,25.177581640000003,94.17,306,1718272,3e-05,0.8536694321781397,0.09816334396600723,0.9502800107002258,8380,0.0032243058,-1.9680570274591447,0.068212890625,-0.008559614775003865,0.1,,
,,,,,1720000,3e-05,0.8504728481173516,0.11932779103517532,0.9472808241844177,8390,0.0029258565,-1.9198317676782608,0.05517578125,-0.008296494054957294,0.1,27.053539276123047,87.4
840,5603,24.63289974,94.83,307,1720320,,,,,,,,,,,,
841,5608,25.14852936,95.45,307,1722368,3e-05,1.434888942539692,0.1533898264169693,0.9016386270523071,8400,0.0022672645,-1.9853830948472022,0.042333984375,-0.0077311106986599045,0.1,,
842,5613,25.14699957,95.29,307,1724416,3e-05,1.2050822511315347,0.15257081389427185,0.9265414476394653,8410,0.0016611486,-1.9177965477108956,0.0298828125,-0.006314557253790554,0.1,,
843,5618,25.45152576,95.84,307,1726464,3e-05,0.9617560692131519,0.10344362258911133,0.9432205557823181,8420,0.0018974198,-1.9204839617013931,0.033740234375,-0.006318885018117726,0.1,,
844,5623,24.32657163,95.63,307,1728512,3e-05,1.0144887235015632,0.13283292949199677,0.9474139213562012,8430,0.002087776,-1.9147688627243042,0.050244140625,-0.005385649285744876,0.1,,
,,,,,1730000,3e-05,1.1362381976097822,0.17083708941936493,0.9316880106925964,8440,0.0022646906,-2.0040086314082144,0.048974609375,-0.007724764448357746,0.1,24.872714805603028,89.0
845,5629,24.61709296,95.83,307,1730560,,,,,,,,,,,,
846,5635,24.249242990000003,94.97,307,1732608,3e-05,1.5290768641978503,0.18325406312942505,0.9049097299575806,8450,0.0013603144,-2.003346273303032,0.041259765625,-0.005997096694773063,0.1,,
847,5640,23.700394059999994,95.19,307,1734656,3e-05,1.1034174412488937,0.14171969890594482,0.9234007596969604,8460,0.0022535105,-1.996745516359806,0.039892578125,-0.006634856591699645,0.1,,
848,5645,22.645644909999998,95.76,307,1736704,3e-05,1.0572277190163732,0.09960859268903732,0.9302509427070618,8470,0.0020859689,-1.934218443930149,0.031298828125,-0.006522027048049495,0.1,,
849,5650,22.993837739999993,95.54,307,1738752,3e-05,0.9086965933442116,0.1894281953573227,0.9276224374771118,8480,0.0019081149,-2.010181725025177,0.039697265625,-0.007308429959812202,0.1,,
,,,,,1740000,3e-05,1.0529104745015503,0.12695780396461487,0.9122041463851929,8490,0.0025690116,-1.998319111764431,0.047216796875,-0.007696662790840492,0.1,30.31597785949707,87.4
850,5656,23.915978650000007,94.25,307,1740800,,,,,,,,,,,,
851,5661,24.714778999999993,93.92,307,1742848,3e-05,0.7668262861669064,0.12467498332262039,0.9554955959320068,8500,0.0032251084,-1.9503053575754166,0.0587890625,-0.007293576802476309,0.1,,
852,5666,24.98783879,93.56,307,1744896,3e-05,0.6209967581555247,0.05819530785083771,0.947447657585144,8510,0.0032661085,-1.9803560093045234,0.078759765625,-0.008272283276892268,0.1,,
853,5671,26.110847059999998,93.02,308,1746944,3e-05,0.8672480996698141,0.09124132245779037,0.9454160332679749,8520,0.0030686022,-1.9350412145256997,0.063916015625,-0.0075082380761159586,0.1,,
854,5676,25.29625956,94.04,308,1748992,3e-05,0.9801862118765712,0.1053590476512909,0.9467875957489014,8530,0.0030880223,-1.9362382471561432,0.067578125,-0.007662285066908225,0.1,,
,,,,,1750000,3e-05,1.2593120649456977,0.2093205749988556,0.9249290823936462,8540,0.0016204228,-1.991158364713192,0.031787109375,-0.006985745165729895,0.1,26.079331588745116,97.2
855,5682,25.01921326,94.03,308,1751040,,,,,,,,,,,,
856,5688,24.82188717,93.93,308,1753088,3e-05,0.806032245978713,0.12938645482063293,0.9510317444801331,8550,0.0029646575,-1.9695695236325264,0.066552734375,-0.00857140975422226,0.1,,
857,5693,24.269068019999995,93.76,308,1755136,3e-05,1.4848453674465418,0.13188578188419342,0.8952938914299011,8560,0.0018960637,-1.9358036667108536,0.03369140625,-0.006540356393088587,0.1,,
858,5699,23.89136594000001,94.07,308,1757184,3e-05,1.3079109665006399,0.17338190972805023,0.9282603859901428,8570,0.0018182028,-1.895813450217247,0.02919921875,-0.007004628964932635,0.1,,
859,5704,24.40141104,93.15,308,1759232,3e-05,1.0771217346191406,0.1559160202741623,0.9190619587898254,8580,0.0030119568,-1.9357197344303132,0.0509765625,-0.007813735149102285,0.1,,
,,,,,1760000,3e-05,1.0795141842216254,0.11852266639471054,0.8924782872200012,8590,0.0031567998,-1.9788155794143676,0.05263671875,-0.006475739274173975,0.1,28.996217727661133,89.0
860,5711,23.84044907,93.69,308,1761280,,,,,,,,,,,,
861,5716,24.127171410000003,92.84,308,1763328,3e-05,1.1425080217421055,0.13169635832309723,0.9254072904586792,8600,0.002116627,-1.8866200923919678,0.045166015625,-0.0057599460589699445,0.1,,
862,5721,24.39582097,93.13,308,1765376,3e-05,1.2416677687317133,0.2036537230014801,0.9360522627830505,8610,0.0017338749,-1.8703460365533828,0.02724609375,-0.006027059344341978,0.1,,
863,5726,24.848621240000003,93.47,308,1767424,3e-05,0.8690028434619308,0.0936693474650383,0.9384551048278809,8620,0.0017660535,-1.915569293498993,0.040576171875,-0.0072951885958900675,0.1,,
864,5731,25.99142676,92.98,308,1769472,3e-05,1.0842086266726256,0.1317286640405655,0.8950514197349548,8630,0.001631717,-1.9399108186364173,0.034619140625,-0.005951122636906803,0.1,,
,,,,,1770000,3e-05,0.8778783276677131,0.10380855202674866,0.9471167325973511,8640,0.0027555402,-1.9202314376831056,0.051708984375,-0.00763677918293979,0.1,22.929127502441407,103.0
865,5737,25.776215970000003,94.45,308,1771520,,,,,,,,,,,,
866,5742,26.343933220000004,94.16,308,1773568,3e-05,1.0220810629427433,0.12954926490783691,0.9216121435165405,8650,0.0024948418,-1.913185492157936,0.05234375,-0.00892415197158698,0.1,,
867,5748,25.963074739999996,93.39,308,1775616,3e-05,1.0909219980239868,0.16636638343334198,0.9352431893348694,8660,0.0025990352,-1.87142733335495,0.0423828125,-0.007629656116478145,0.1,,
868,5753,25.862105790000008,93.79,308,1777664,3e-05,1.5745676312595607,0.20198175311088562,0.8659734725952148,8670,0.0013397641,-1.8597747534513474,0.02900390625,-0.005139429803239182,0.1,,
869,5758,24.513786430000003,93.7,309,1779712,3e-05,0.8254493691027165,0.12039817124605179,0.9357233643531799,8680,0.0015574375,-1.876834425330162,0.0271484375,-0.006590696948114783,0.1,,
,,,,,1780000,3e-05,1.2634002551436425,0.17657093703746796,0.9300991892814636,8690,0.0019519997,-1.935269546508789,0.033740234375,-0.007065356193925254,0.1,24.638976287841796,103.2
870,5764,24.079055889999996,93.79,309,1781760,,,,,,,,,,,,
871,5769,24.012356299999993,94.19,309,1783808,3e-05,1.1431166250258684,0.2009924203157425,0.9037147760391235,8700,0.0020592294,-1.9219195902347566,0.04150390625,-0.006530981755349785,0.1,,
872,5774,24.245086459999992,93.73,309,1785856,3e-05,1.1206927821040154,0.1333743929862976,0.9143441915512085,8710,0.0019295512,-1.8530005484819412,0.030908203125,-0.005270733736688271,0.1,,
873,5779,24.627384730000003,93.67,309,1787904,3e-05,0.8174555256962777,0.1308683305978775,0.9340791702270508,8720,0.0037799834,-1.8589494198560714,0.068994140625,-0.009565735803334974,0.1,,
874,5784,25.114067390000006,92.36,309,1789952,3e-05,0.9368653107434511,0.14857611060142517,0.9389119148254395,8730,0.0017072198,-1.927072036266327,0.040966796875,-0.0060012014699168505,0.1,,
,,,,,1790000,3e-05,1.3015621423721313,0.1544422060251236,0.929093599319458,8740,0.0026248582,-1.8331958875060081,0.04423828125,-0.007747142534935847,0.1,27.195038986206054,87.4
875,5790,24.340564280000002,93.86,309,1792000,,,,,,,,,,,,
876,5796,23.98251437,94.36,309,1794048,3e-05,2.169611159712076,0.6221601366996765,0.9160454273223877,8750,0.002059633,-1.9662358790636063,0.06826171875,-0.004924237742670812,0.1,,
877,5801,24.14360267,94.22,309,1796096,3e-05,1.4097800821065902,0.2874391973018646,0.8992936015129089,8760,0.001998133,-1.9409334018826485,0.05634765625,-0.007250680366996676,0.1,,
878,5806,23.65703564,95.37,309,1798144,3e-05,0.8902192525565624,0.1314091980457306,0.9303951263427734,8770,0.0027864743,-1.904402032494545,0.055859375,-0.008187330077635124,0.1,,
,,,,,1800000,3e-05,0.7306883327662945,0.11415895819664001,0.9543389678001404,8780,0.002410551,-1.916339886188507,0.04912109375,-0.008280880874372088,0.1,21.069004249572753,100.6
879,5812,24.166047439999996,95.09,309,1800192,,,,,,,,,,,,
880,5817,24.476705209999995,95.13,309,1802240,3e-05,0.7691338304430246,0.11209303140640259,0.9458571076393127,8790,0.002227867,-1.8877060160040855,0.045654296875,-0.0079621216194937,0.1,,
881,5822,24.85658245,94.54,309,1804288,3e-05,1.2521141655743122,0.20525529980659485,0.9087245464324951,8800,0.001430685,-1.8389897286891936,0.0275390625,-0.007611513740266673,0.1,,
882,5827,24.98330562,93.96,309,1806336,3e-05,0.9835291855037213,0.10145945847034454,0.9122365117073059,8810,0.0029459344,-1.882813423871994,0.046630859375,-0.006501125049544499,0.1,,
883,5832,24.73038835,92.98,310,1808384,3e-05,0.9595109965652228,0.11684934794902802,0.9444414377212524,8820,0.0028915007,-1.8790412694215775,0.061572265625,-0.00882840623962693,0.1,,
,,,,,1810000,3e-05,0.9564592693001032,0.13178974390029907,0.9414368867874146,8830,0.0033638352,-1.8533724531531335,0.064990234375,-0.010082846586010418,0.1,23.83662338256836,89.0
884,5838,25.500301480000005,92.4,310,1810432,,,,,,,,,,,,
885,5843,26.104847250000002,92.38,310,1812480,3e-05,1.2457498833537102,0.1824432909488678,0.9292232394218445,8840,0.0022589718,-1.8256103053689003,0.046875,-0.006690549646737054,0.1,,
886,5849,25.83282905,92.95,310,1814528,3e-05,1.073956986516714,0.1101638525724411,0.9344263672828674,8850,0.0025895683,-1.8676186472177505,0.054736328125,-0.008515314196120016,0.1,,
887,5854,24.848202210000004,92.96,310,1816576,3e-05,0.8279151178896427,0.11895276606082916,0.9394250512123108,8860,0.0026477026,-1.8721666201949119,0.063427734375,-0.009165817478788085,0.1,,
888,5859,25.759130010000003,92.12,310,1818624,3e-05,1.4269003599882126,0.16338619589805603,0.8747804164886475,8870,0.002475454,-1.9160287171602248,0.0576171875,-0.006957110750954598,0.1,,
,,,,,1820000,3e-05,1.0548056673258543,0.18334095180034637,0.947353720664978,8880,0.0016098146,-1.8656929805874825,0.03662109375,-0.00649689972633496,0.1,18.0281623840332,94.6
889,5865,24.65298067,92.76,310,1820672,,,,,,,,,,,,
890,5870,24.761676290000004,92.05,310,1822720,3e-05,1.321678100526333,0.24649900197982788,0.9229044318199158,8890,0.002397068,-1.8945768401026726,0.05087890625,-0.009404524858109654,0.1,,
891,5875,25.672204259999997,91.73,310,1824768,3e-05,0.9773269977420569,0.11328233033418655,0.9319652915000916,8900,0.0023260429,-1.9090097546577454,0.06171875,-0.010016332572558895,0.1,,
892,5880,25.51333514,91.63,310,1826816,3e-05,0.7754906350746751,0.07668077200651169,0.9335382580757141,8910,0.0027678367,-1.9063533782958983,0.055126953125,-0.00874949682620354,0.1,,
893,5885,24.7701251,92.85,310,1828864,3e-05,1.3044405680149793,0.22801856696605682,0.9039118885993958,8920,0.0019031785,-1.8513467743992806,0.045263671875,-0.007431089080637321,0.1,,
,,,,,1830000,3e-05,1.392108979448676,0.1950867921113968,0.9142336845397949,8930,0.0016402428,-1.8292053788900375,0.04052734375,-0.0072346477812970985,0.1,15.710157012939453,103.6
894,5891,24.9716788,93.66,310,1830912,,,,,,,,,,,,
895,5896,25.438010719999998,92.98,310,1832960,3e-05,1.0117135401815176,0.14332067966461182,0.9173218607902527,8940,0.0028901072,-1.8041852399706841,0.0509765625,-0.006692032370483503,0.1,,
896,5902,24.998024619999995,94.06,310,1835008,3e-05,0.9676448611542583,0.08840654045343399,0.9319143891334534,8950,0.0028223083,-1.9070958197116852,0.06982421875,-0.006365885902778245,0.1,,
897,5907,25.113434709999996,93.92,310,1837056,3e-05,0.905671276897192,0.09918583929538727,0.923186719417572,8960,0.0038032376,-1.8610694423317908,0.061767578125,-0.007655896453070454,0.1,,
898,5912,25.545572550000006,94.09,311,1839104,3e-05,1.2855913430452346,0.1830075979232788,0.8969364762306213,8970,0.0021962712,-1.8923560053110122,0.050390625,-0.007605855193105526,0.1,,
,,,,,1840000,3e-05,1.007862901315093,0.10776010155677795,0.9385526180267334,8980,0.0029050189,-1.8647915437817573,0.046044921875,-0.006233493087347597,0.1,28.149951553344728,93.6
899,5918,25.278832299999998,93.49,311,1841152,,,,,,,,,,,,
900,5923,25.931295360000004,93.05,311,1843200,3e-05,1.575364949926734,0.21651817858219147,0.9153820872306824,8990,0.0017969513,-1.8932013899087905,0.0537109375,-0.007223726969095878,0.1,,
901,5928,25.328531400000003,93.11,311,1845248,3e-05,1.038856539875269,0.12314365804195404,0.9351102709770203,9000,0.0023998334,-1.8966032430529594,0.04892578125,-0.008850635713315569,0.1,,
902,5933,25.411692099999996,93.03,311,1847296,3e-05,1.4542510360479355,0.22763118147850037,0.9355958104133606,9010,0.0019558405,-1.9308417648077012,0.035009765625,-0.006917071869247593,0.1,,
903,5938,25.581540939999996,92.4,311,1849344,3e-05,0.8873580049723386,0.09414036571979523,0.9471195936203003,9020,0.002657122,-1.8556160762906075,0.057080078125,-0.007429948475328274,0.1,,
,,,,,1850000,3e-05,0.8971510609611869,0.10627911984920502,0.931415855884552,9030,0.0019519775,-1.9013885289430619,0.04736328125,-0.006632646539947018,0.1,24.319354248046874,87.0
904,5944,24.85072439,94.91,311,1851392,,,,,,,,,,,,
905,5950,25.55715422,95.16,311,1853440,3e-05,0.6615289365872741,0.07753162086009979,0.9401838779449463,9040,0.0036048621,-1.907625639438629,0.07470703125,-0.007958359026815742,0.1,,
906,5955,25.22788075,95.7,311,1855488,3e-05,0.9752456925809383,0.12154047191143036,0.9455620646476746,9050,0.002494763,-1.8623809784650802,0.050341796875,-0.007166935878922231,0.1,,
907,5960,24.93264758,96.03,311,1857536,3e-05,1.0066199373453855,0.10377706587314606,0.9378319382667542,9060,0.002730735,-1.937963806092739,0.064013671875,-0.007723140442976728,0.1,,
908,5965,25.609669209999993,95.69,311,1859584,3e-05,0.8513831168413162,0.1397208571434021,0.9424845576286316,9070,0.0028377434,-1.8657502502202987,0.05830078125,-0.00878918566450011,0.1,,
,,,,,1860000,3e-05,0.7898643232882023,0.10714097321033478,0.950694739818573,9080,0.0023771839,-1.8643496870994567,0.051171875,-0.007977373476023786,0.1,29.426019287109376,97.2
909,5971,24.755399200000003,95.56,311,1861632,,,,,,,,,,,,
910,5976,25.02156304000001,94.29,311,1863680,3e-05,1.396362743899226,0.15288046002388,0.9090535044670105,9090,0.0025209272,-1.89003676623106,0.04609375,-0.007679276374983601,0.1,,
911,5981,24.878950810000003,93.84,311,1865728,3e-05,1.103464438393712,0.1364794820547104,0.9232584238052368,9100,0.0018678817,-1.9022808328270913,0.038427734375,-0.007260895284707658,0.1,,
912,5986,24.349644520000002,93.74,311,1867776,3e-05,1.3218156468123197,0.12376098334789276,0.8977242708206177,9110,0.0014330703,-1.8941547632217408,0.028173828125,-0.005901377514237538,0.1,,
913,5991,24.382994099999998,93.63,312,1869824,3e-05,1.05412165671587,0.13357141613960266,0.9314025640487671,9120,0.0029675341,-1.8631518319249154,0.049462890625,-0.009591767250094562,0.1,,
,,,,,1870000,3e-05,1.3197573345154523,0.19370706379413605,0.8757579326629639,9130,0.0014681845,-1.861341492831707,0.043408203125,-0.005986103352915962,0.1,27.87233238220215,93.4
914,5997,24.614966670000005,94.45,312,1871872,,,,,,,,,,,,
915,6003,24.473302040000004,94.61,312,1873920,3e-05,1.051776533946395,0.12887626886367798,0.9096182584762573,9140,0.0047054677,-1.9042598992586135,0.06591796875,-0.00572728380211629,0.1,,
916,6008,23.776872389999998,95.91,312,1875968,3e-05,1.5974723611027002,0.152891144156456,0.85044264793396,9150,0.0017697902,-1.8798081293702125,0.045556640625,-0.00603488564665895,0.1,,
917,6013,24.47216166,94.89,312,1878016,3e-05,0.9937581691890955,0.11860935389995575,0.9235307574272156,9160,0.0031716772,-1.8640886649489403,0.057421875,-0.008159710073960014,0.1,,
,,,,,1880000,3e-05,0.9510760575532913,0.1219717413187027,0.9372177124023438,9170,0.003352581,-1.7743756532669068,0.060693359375,-0.007449403806822375,0.1,24.71792221069336,86.8
918,6019,25.15642031,93.61,312,1880064,,,,,,,,,,,,
919,6024,25.269117,93.91,312,1882112,3e-05,1.2359820615500212,0.1833282709121704,0.9304951429367065,9180,0.003329816,-1.7900165662169456,0.04619140625,-0.007391351321712136,0.1,,
920,6029,25.88053575,94.62,312,1884160,3e-05,1.1093598797917366,0.13415822386741638,0.9203070402145386,9190,0.002784561,-1.876080183684826,0.051513671875,-0.006503706137300469,0.1,,
921,6034,25.663629419999996,94.75,312,1886208,3e-05,1.0834233317524196,0.13894760608673096,0.9362735152244568,9200,0.0017844419,-1.8392286613583564,0.03955078125,-0.006152513599954545,0.1,,
922,6040,25.456416310000005,94.78,312,1888256,3e-05,1.212395365536213,0.19679269194602966,0.9155851602554321,9210,0.0024697687,-1.8442674309015274,0.047412109375,-0.008300173247698694,0.1,,
,,,,,1890000,3e-05,1.1463444676250218,0.1513753980398178,0.9422726035118103,9220,0.0023070045,-1.8424015074968338,0.053076171875,-0.006633898374275304,0.1,26.04512825012207,98.8
923,6046,24.864705779999998,94.81,312,1890304,,,,,,,,,,,,
924,6052,25.58955546,93.38,312,1892352,3e-05,0.967140919342637,0.12357915937900543,0.936760663986206,9230,0.0033587504,-1.8493334546685218,0.062841796875,-0.008558100269874558,0.1,,
925,6057,26.419522150000002,92.79,312,1894400,3e-05,1.262970195710659,0.16696664690971375,0.9351348876953125,9240,0.0017956983,-1.8211733460426331,0.03125,-0.006716201147355605,0.1,,
926,6062,26.23984152,92.24,312,1896448,3e-05,0.9600483164191246,0.12761914730072021,0.9517538547515869,9250,0.0025814555,-1.7532227709889412,0.0546875,-0.007807373825926334,0.1,,
927,6067,26.80512892999999,91.56,312,1898496,3e-05,0.6955874232575298,0.08411955833435059,0.9463582634925842,9260,0.0027482293,-1.833591964840889,0.06181640625,-0.008303229455486871,0.1,,
,,,,,1900000,3e-05,0.7050824185833335,0.047773756086826324,0.9487051367759705,9270,0.0046248506,-1.79672072827816,0.071044921875,-0.00884939978714101,0.1,23.438373374938966,99.4
928,6073,27.41822243,91.13,312,1900544,,,,,,,,,,,,
929,6078,27.433970139999996,90.77,313,1902592,3e-05,1.0069057818502187,0.11556776612997055,0.9376664161682129,9280,0.0028812,-1.7922499284148217,0.0638671875,-0.0056924005970358845,0.1,,
930,6083,26.92056312,91.76,313,1904640,3e-05,1.0761587973684072,0.12869161367416382,0.9244310855865479,9290,0.0025744415,-1.780422107875347,0.046337890625,-0.005192019016249105,0.1,,
931,6088,27.03143614,91.93,313,1906688,3e-05,0.5850152438506484,0.09810243546962738,0.9622970223426819,9300,0.0034259441,-1.7534062951803207,0.080029296875,-0.008819748752284796,0.1,,
932,6093,26.817356779999997,92.11,313,1908736,3e-05,1.175691856816411,0.16221585869789124,0.9099169969558716,9310,0.0021536518,-1.740962216258049,0.05078125,-0.006361153951729648,0.1,,
,,,,,1910000,3e-05,0.9038116896525026,0.10281527042388916,0.9288018941879272,9320,0.0023298268,-1.7435111582279206,0.04033203125,-0.006843782085343264,0.1,27.181246948242187,91.2
933,6099,26.34842016,92.36,313,1910784,,,,,,,,,,,,
934,6105,26.414087209999998,92.4,313,1912832,3e-05,0.8911891579627991,0.16801145672798157,0.946785569190979,9330,0.0038194978,-1.7720743328332902,0.06025390625,-0.007686171526438556,0.1,,
935,6111,25.93408294,94.12,313,1914880,3e-05,0.9408959913998842,0.21324636042118073,0.9483180642127991,9340,0.0024106964,-1.6825932741165162,0.042333984375,-0.006621505998191423,0.1,,
936,6116,25.94683407,93.75,313,1916928,3e-05,0.7280296521261335,0.09034585952758789,0.9526739120483398,9350,0.0028336383,-1.7696034923195838,0.05791015625,-0.008925147599074989,0.1,,
937,6121,26.15313005,94.12,313,1918976,3e-05,1.4610508300364018,0.19603222608566284,0.909361720085144,9360,0.0015439389,-1.7011782631278038,0.028125,-0.006790114927571267,0.1,,
,,,,,1920000,3e-05,0.810987101495266,0.11112868040800095,0.9427116513252258,9370,0.0022704552,-1.6991482213139535,0.05234375,-0.008169995178468526,0.1,25.09493179321289,101.2
938,6128,25.22844548,95.13,313,1921024,,,,,,,,,,,,
939,6133,26.04349816,95.18,313,1923072,3e-05,1.095063991099596,0.13885951042175293,0.9261056184768677,9380,0.0030844635,-1.833959124982357,0.0552734375,-0.008499203849351034,0.1,,
940,6138,26.645980590000004,94.88,313,1925120,3e-05,0.9040937431156635,0.2181599736213684,0.9489870071411133,9390,0.003319927,-1.77199844121933,0.06796875,-0.007047837122809142,0.1,,
941,6143,26.299334099999996,95.07,313,1927168,3e-05,1.007604854926467,0.12716558575630188,0.9464023113250732,9400,0.00267031,-1.7549759492278099,0.053076171875,-0.008860254879982677,0.1,,
942,6448,26.331327519999995,94.65,299,1929216,3e-05,1.3700211562216282,0.1342073380947113,0.9045076370239258,9410,0.0023693815,-1.740605965256691,0.041455078125,-0.007161517738131807,0.1,,
,,,,,1930000,3e-05,0.868221465870738,0.1052272766828537,0.9395753145217896,9420,0.0017529349,-1.7535697221755981,0.03603515625,-0.006532985687954351,0.1,26.442727661132814,93.2
943,6455,26.559468829999997,94.81,299,1931264,,,,,,,,,,,,
944,6465,26.829547549999997,94.54,299,1933312,3e-05,1.1323631996288896,0.126471608877182,0.9191371202468872,9430,0.0022596046,-1.7674446925520897,0.049267578125,-0.007331757203792222,0.1,,
945,6474,26.371039940000006,93.04,298,1935360,3e-05,1.1628212094306947,0.16995811462402344,0.9215547442436218,9440,0.0020520478,-1.7329288229346276,0.038818359375,-0.006089874179451726,0.1,,
946,6480,25.86365664,93.67,298,1937408,3e-05,0.9339085705578327,0.12351293116807938,0.9362714290618896,9450,0.002999722,-1.8051039397716522,0.0525390625,-0.008376584644429386,0.1,,
947,6485,25.52525877,93.11,299,1939456,3e-05,0.902007600851357,0.11633309721946716,0.9213100671768188,9460,0.0031227292,-1.8324187129735947,0.054052734375,-0.008045827760361135,0.1,,
,,,,,1940000,3e-05,0.8485672697424889,0.13289982080459595,0.9148246049880981,9470,0.0033858998,-1.7392508834600449,0.066357421875,-0.008608570729847997,0.1,26.240666389465332,94.0
948,6492,24.656982049999993,93.29,299,1941504,,,,,,,,,,,,
949,6498,24.50546638,94.22,299,1943552,3e-05,1.0005180221050978,0.14655862748622894,0.9247220158576965,9480,0.0031655722,-1.8184623166918754,0.066015625,-0.008816361380741,0.1,,
950,6503,25.351367130000003,93.94,299,1945600,3e-05,0.9487077265977859,0.12279216200113297,0.9315162897109985,9490,0.0028101117,-1.839276371896267,0.0556640625,-0.00797211188764777,0.1,,
951,6509,24.830552700000002,94.08,299,1947648,3e-05,0.7109731985256076,0.12550684809684753,0.9601141214370728,9500,0.004423596,-1.741436906158924,0.058251953125,-0.007560165316681378,0.1,,
952,6514,25.53297739,93.22,299,1949696,3e-05,1.1215860430151223,0.10836844146251678,0.8887560367584229,9510,0.004145664,-1.834108366072178,0.055712890625,-0.006770187323854771,0.1,,
,,,,,1950000,3e-05,0.7560204766690731,0.09445585310459137,0.9580773711204529,9520,0.0031633098,-1.8416749730706214,0.06787109375,-0.008081119428970851,0.1,25.351604652404784,99.8
953,6521,25.728003090000005,93.38,299,1951744,,,,,,,,,,,,
954,6526,25.399987630000002,93.42,299,1953792,3e-05,2.403880002349615,0.23816490173339844,0.8396437168121338,9530,0.0014448594,-1.8539675801992417,0.027294921875,-0.005969868798274547,0.1,,
955,6532,25.9725285,92.6,299,1955840,3e-05,0.9119758572429418,0.09841164946556091,0.9291001558303833,9540,0.0044256262,-1.853986570239067,0.0658203125,-0.008349060802720487,0.1,,
956,6537,25.653511449999996,93.6,299,1957888,3e-05,0.8846468368545175,0.1214790940284729,0.9276454448699951,9550,0.0026339348,-1.805520461499691,0.042919921875,-0.006143848306965083,0.1,,
957,6542,25.12085021,94.2,299,1959936,3e-05,1.4342791926115752,0.278128057718277,0.902991533279419,9560,0.0022881702,-1.920444779098034,0.05009765625,-0.006880419090157375,0.1,,
,,,,,1960000,3e-05,1.107833898998797,0.11098051816225052,0.9272831082344055,9570,0.0022622952,-1.9038467139005661,0.064404296875,-0.007365962903713807,0.1,27.326748657226563,93.8
958,6548,24.804071760000003,94.49,299,1961984,,,,,,,,,,,,
959,6553,24.758064349999998,94.17,299,1964032,3e-05,1.873590014502406,0.2822331190109253,0.8516532778739929,9580,0.0026646655,-1.8972870662808419,0.051123046875,-0.007953229523263872,0.1,,
960,6558,24.13935106,94.57,299,1966080,3e-05,1.2608379699289798,0.2180209457874298,0.9254550337791443,9590,0.0024479,-1.9254030242562294,0.046533203125,-0.00819298131391406,0.1,,
961,6563,24.790746210000002,92.46,299,1968128,3e-05,1.0325267173349857,0.13169081509113312,0.9085276126861572,9600,0.0024377322,-1.8419989928603173,0.046240234375,-0.006936692091403529,0.1,,
,,,,,1970000,3e-05,1.0818535942584275,0.12367355823516846,0.9231257438659668,9610,0.0030255863,-1.874789048731327,0.0625,-0.0072878091363236305,0.1,20.21390962600708,97.8
962,6569,26.310988290000004,92.22,299,1970176,,,,,,,,,,,,
963,6574,26.350503830000008,91.48,299,1972224,3e-05,1.3263067409396172,0.15307864546775818,0.9219939112663269,9620,0.0027002315,-1.8734965458512307,0.050830078125,-0.007118130789604038,0.1,,
964,6579,26.454273710000002,92.69,300,1974272,3e-05,0.8775180645287037,0.12678635120391846,0.93840491771698,9630,0.0025670598,-1.8868306592106818,0.053173828125,-0.008131132984999567,0.1,,
965,6584,26.974864649999994,92.68,300,1976320,3e-05,0.6848787300288677,0.06666164100170135,0.9436947107315063,9640,0.0041227164,-1.8847548052668572,0.0865234375,-0.01124094391707331,0.1,,
966,6589,26.676325929999994,93.01,300,1978368,3e-05,1.1150247944518923,0.08517912030220032,0.9147074818611145,9650,0.0039633256,-1.8219962209463119,0.072119140625,-0.012046438828110694,0.1,,
,,,,,1980000,3e-05,0.8084834288805723,0.09820270538330078,0.928020715713501,9660,0.0025269655,-1.8387128487229347,0.055224609375,-0.00840236922085751,0.1,25.934917831420897,98.2
967,6595,26.755553850000002,92.51,300,1980416,,,,,,,,,,,,
968,6600,26.3412477,93.56,300,1982464,3e-05,0.8493172099813819,0.10792824625968933,0.9459201097488403,9670,0.0023700935,-1.7680229127407074,0.057421875,-0.007977603902691043,0.1,,
969,6605,26.23927932,94.13,300,1984512,3e-05,0.7435132773593068,0.08977410197257996,0.9426627159118652,9680,0.003661173,-1.8540886893868447,0.075830078125,-0.01124912750092335,0.1,,
970,6610,25.499030030000007,95.54,300,1986560,3e-05,1.027871075645089,0.11842122673988342,0.9347761273384094,9690,0.0021255766,-1.898585134744644,0.0494140625,-0.007400571944890544,0.1,,
971,6615,25.583230860000004,95.02,300,1988608,3e-05,0.8534343449398876,0.08806748688220978,0.9524948596954346,9700,0.0037021788,-1.8835361137986184,0.06904296875,-0.008136671874672175,0.1,,
,,,,,1990000,3e-05,1.4372364297509193,0.1804068684577942,0.8953580856323242,9710,0.002100754,-1.7984720021486282,0.04404296875,-0.00716051745112054,0.1,23.70484561920166,93.8
972,6621,25.29684791,94.87,300,1990656,,,,,,,,,,,,
973,6626,26.11828408,94.09,300,1992704,3e-05,1.2087264265865088,0.17884933948516846,0.9394168853759766,9720,0.0023983864,-1.8337408512830735,0.036181640625,-0.007888157293200493,0.1,,
974,6631,25.932901729999994,93.83,300,1994752,3e-05,0.8023682612925768,0.11419522017240524,0.9458193778991699,9730,0.0043026023,-1.7960508033633231,0.06640625,-0.00799479958077427,0.1,,
975,6636,26.363695279999998,93.49,300,1996800,3e-05,1.2457223396748305,0.11482632905244827,0.9197738170623779,9740,0.002721102,-1.7951221957802772,0.06787109375,-0.007778073672670871,0.1,,
976,6642,26.503274579999996,93.13,300,1998848,3e-05,0.8590582624077797,0.1304292529821396,0.9409340023994446,9750,0.0024510166,-1.800888116657734,0.053271484375,-0.00838801717327442,0.1,,
,,,,,2000000,3e-05,0.9715554926544427,0.09445950388908386,0.9366421103477478,9760,0.0042764256,-1.8777577087283135,0.070361328125,-0.0060534929914865645,0.1,28.459220504760744,92.4
977,6648,26.329856739999997,94.12,300,2000896,,,,,,,,,,,,
978,6653,26.75299124,94.07,301,2002944,3e-05,0.8526966780424118,0.12886175513267517,0.9448418021202087,9770,0.0033335863,-1.8154616460204125,0.081201171875,-0.009302464494248852,0.1,,
979,6658,27.314008749999992,94.27,301,2004992,3e-05,1.0014265906065702,0.10427481681108475,0.9421539306640625,9780,0.0027703084,-1.7709023118019105,0.04443359375,-0.006166429378208704,0.1,,
980,6663,27.47792465,94.13,301,2007040,3e-05,1.226833014190197,0.19105225801467896,0.937043309211731,9790,0.0027128202,-1.8067382588982581,0.061181640625,-0.006606779040885158,0.1,,
981,6668,27.960018630000008,92.55,301,2009088,3e-05,1.2081815391778945,0.10789696872234344,0.9283891916275024,9800,0.002432363,-1.8251913368701935,0.048779296875,-0.008574176963884383,0.1,,
,,,,,2010000,3e-05,1.3304366178810596,0.16692085564136505,0.892429530620575,9810,0.0036867906,-1.8436541840434075,0.053466796875,-0.007355157574056648,0.1,31.862307739257812,90.6
982,6674,26.61414475,92.95,301,2011136,,,,,,,,,,,,
983,6679,26.5875099,93.13,301,2013184,3e-05,1.0667007125914096,0.14316940307617188,0.9410843253135681,9820,0.0021346025,-1.8521945759654046,0.04912109375,-0.007800363641581498,0.1,,
984,6684,26.86712831,93.26,301,2015232,3e-05,0.7154717152938247,0.0671449825167656,0.9524192214012146,9830,0.0034819127,-1.8185323983430863,0.06884765625,-0.01079074753797613,0.1,,
985,6689,27.105278360000003,93.23,301,2017280,3e-05,1.1947416193783282,0.13590306043624878,0.9384486675262451,9840,0.0029306654,-1.7971588656306268,0.05087890625,-0.008061316779640037,0.1,,
986,6694,26.787736600000002,94.1,301,2019328,3e-05,0.9048170974478126,0.11237424612045288,0.9502747654914856,9850,0.0041905646,-1.8615698158740996,0.05,-0.007547907339176163,0.1,,
,,,,,2020000,3e-05,1.1589360184967519,0.19913262128829956,0.939825713634491,9860,0.0021414307,-1.8216372072696685,0.042822265625,-0.006060604822414462,0.1,25.152964973449706,94.8
987,6700,26.796263730000007,94.88,301,2021376,,,,,,,,,,,,
988,6705,26.439078380000005,94.56,301,2023424,3e-05,0.9251753903925419,0.12030049413442612,0.95082688331604,9870,0.0032078957,-1.8502590745687484,0.055712890625,-0.00935434580751462,0.1,,
989,6710,25.88642766,93.99,301,2025472,3e-05,0.935681788623333,0.12795323133468628,0.9473565220832825,9880,0.0025128066,-1.7696032419800758,0.05302734375,-0.008056345715885982,0.1,,
990,6715,25.475746530000002,94.51,301,2027520,3e-05,1.749304236844182,0.20440979301929474,0.9068588614463806,9890,0.0024293521,-1.7996440351009368,0.0412109375,-0.00853037073975429,0.1,,
991,6720,25.966332480000002,93.55,301,2029568,3e-05,1.1933418605476618,0.1533201038837433,0.9262796640396118,9900,0.0019132562,-1.7997952535748483,0.047998046875,-0.006227865844266489,0.1,,
,,,,,2030000,3e-05,0.8353960029780865,0.11717741936445236,0.9213986396789551,9910,0.0027015745,-1.7831900000572205,0.06103515625,-0.006171717811957933,0.1,28.51785011291504,92.2
992,6727,25.79290448,93.82,301,2031616,,,,,,,,,,,,
993,6732,26.388768399999993,94.27,302,2033664,3e-05,1.6108022790402174,0.21872207522392273,0.883981466293335,9920,0.002008036,-1.8135445803403853,0.039208984375,-0.007114147901302203,0.1,,
994,6947,26.355309800000004,95.75,293,2035712,3e-05,1.1496109750121832,0.13459694385528564,0.9455385804176331,9930,0.001483547,-1.7822214618325234,0.032568359375,-0.005875503498828039,0.1,,
995,6952,26.459367029999996,94.46,293,2037760,3e-05,0.8799706745892764,0.12360908091068268,0.9347574710845947,9940,0.002525987,-1.754122942686081,0.048876953125,-0.007898247134289705,0.1,,
996,6957,26.875659650000003,93.19,293,2039808,3e-05,1.0870573544874786,0.08478985726833344,0.9307446479797363,9950,0.003217022,-1.7874263122677803,0.058544921875,-0.00832844749384094,0.1,,
,,,,,2040000,3e-05,0.70444205570966,0.07448194921016693,0.9408352375030518,9960,0.004472639,-1.7408177182078362,0.08076171875,-0.010506975901080295,0.1,30.62786521911621,87.6
997,6963,26.46188718999999,93.44,293,2041856,,,,,,,,,,,,
998,6968,26.27186811,93.45,293,2043904,3e-05,1.1920857328921557,0.24756917357444763,0.9327672719955444,9970,0.0026086338,-1.812523151934147,0.0541015625,-0.008363341740914621,0.1,,
999,6974,26.38457495,92.86,293,2045952,3e-05,1.0083388183265924,0.11687400937080383,0.9411449432373047,9980,0.003154593,-1.7514047279953957,0.058544921875,-0.0070090023044031115,0.1,,
1000,6979,26.653733950000007,93.8,293,2048000,3e-05,0.9358665701001883,0.1278669238090515,0.9287153482437134,9990,0.003190712,-1.7713619098067284,0.07119140625,-0.010062778208521195,0.1,,
,,,,,2050000,3e-05,1.0052978843450546,0.0927317813038826,0.9419495463371277,10000,0.0043569244,-1.7328799441456795,0.057861328125,-0.007546901149908081,0.1,23.68011360168457,92.4
1001,6986,26.794210250000003,92.86,293,2050048,,,,,,,,,,,,
1002,6991,27.336873249999993,92.58,293,2052096,3e-05,1.0198477309197187,0.12181561440229416,0.9392651319503784,10010,0.0027016003,-1.8278110012412072,0.053271484375,-0.007338635461928788,0.1,,
1003,6996,26.78292243,92.9,293,2054144,3e-05,0.7831731677055359,0.12863603234291077,0.955916702747345,10020,0.0029162979,-1.8140570938587188,0.058837890625,-0.00882734558545053,0.1,,
1004,7001,26.31865006,94.09,293,2056192,3e-05,1.1845367189496756,0.16821348667144775,0.9290087223052979,10030,0.0025808034,-1.8232988685369491,0.049560546875,-0.00889256612281315,0.1,,
1005,7006,25.60864624,95.2,293,2058240,3e-05,0.9792284831404686,0.11991982161998749,0.9483838677406311,10040,0.004112135,-1.8495603531599045,0.07431640625,-0.010307580608059651,0.1,,
,,,,,2060000,3e-05,1.1365488812327385,0.15070544183254242,0.9215432405471802,10050,0.0020711506,-1.7741933405399322,0.04912109375,-0.006970008462667465,0.1,31.61167640686035,96.0
1006,7012,25.565671199999997,95.67,293,2060288,,,,,,,,,,,,
1007,7017,25.665367399999994,94.91,293,2062336,3e-05,1.755075091868639,0.22150497138500214,0.9093984961509705,10060,0.0016094784,-1.8361044153571129,0.05380859375,-0.005367983254836872,0.1,,
1008,7022,26.31188151,94.57,293,2064384,3e-05,1.2808175835758449,0.18808171153068542,0.9420512318611145,10070,0.0029942314,-1.813614621758461,0.055419921875,-0.009058671817183495,0.1,,
1009,7027,26.746543260000003,94.03,294,2066432,3e-05,1.2729508731514216,0.22789961099624634,0.9240212440490723,10080,0.002862056,-1.798260124027729,0.056884765625,-0.00855969499098137,0.1,,
1010,7032,27.04052608,92.99,294,2068480,3e-05,1.43315966501832,0.16109342873096466,0.9246595501899719,10090,0.0022764122,-1.7462677106261253,0.042236328125,-0.006990836042677984,0.1,,
,,,,,2070000,3e-05,1.0031190928071738,0.10039374977350235,0.9273484349250793,10100,0.0033214032,-1.814302459359169,0.0640625,-0.009717238912708126,0.1,24.35204620361328,93.2
1011,7038,28.01297157,92.52,294,2070528,,,,,,,,,,,,
1012,7043,28.1021596,93.09,294,2072576,3e-05,1.4065150529146195,0.15661832690238953,0.9276150465011597,10110,0.0032174247,-1.7812310844659804,0.056591796875,-0.006481502941460349,0.1,,
1013,7048,27.540996740000004,93.46,294,2074624,3e-05,1.035109881311655,0.11040007323026657,0.9438158273696899,10120,0.0026052175,-1.7511205524206161,0.044384765625,-0.008370786427985877,0.1,,
1014,7054,27.168235139999997,93.87,294,2076672,3e-05,1.205121149495244,0.16758796572685242,0.9061030745506287,10130,0.0035548187,-1.7843013435602189,0.072900390625,-0.009727661425131373,0.1,,
1015,7059,26.489108,94.04,294,2078720,3e-05,1.2241364486515522,0.15507055819034576,0.9175475835800171,10140,0.0028306365,-1.8682891860604287,0.061279296875,-0.008908310291008092,0.1,,
,,,,,2080000,3e-05,1.0604305863380432,0.11472675204277039,0.9228971004486084,10150,0.0028317126,-1.8203882157802582,0.05078125,-0.007450063872965984,0.1,23.940003204345704,95.8
1016,7065,25.49674165,93.84,294,2080768,,,,,,,,,,,,
1017,7072,25.50682091,93.12,294,2082816,3e-05,1.3420771718025208,0.1890251636505127,0.9041922092437744,10160,0.0032042079,-1.7881163343787194,0.0576171875,-0.008500133268535137,0.1,,
1018,7078,25.644804450000002,92.65,294,2084864,3e-05,1.1561158191412688,0.11701374500989914,0.9297860860824585,10170,0.0035355906,-1.7983959704637527,0.058935546875,-0.0063916685001458974,0.1,,
1019,7083,26.2874327,92.42,294,2086912,3e-05,0.971601003408432,0.12066254019737244,0.9184609651565552,10180,0.0050351177,-1.7471894532442094,0.080517578125,-0.008196716551901772,0.1,,
1020,7088,27.121663260000005,92.2,294,2088960,3e-05,0.8986163347959518,0.10003941506147385,0.931596040725708,10190,0.0024462778,-1.686614653468132,0.046044921875,-0.006147703123860993,0.1,,
,,,,,2090000,3e-05,0.7916369421407581,0.1079137772321701,0.9559199810028076,10200,0.004003646,-1.745055976510048,0.059326171875,-0.007910474202071782,0.1,28.270636749267577,89.8
1021,7094,27.715873829999996,91.34,294,2091008,,,,,,,,,,,,
1022,7100,27.73743514,91.47,294,2093056,3e-05,0.8865099795162678,0.12463473528623581,0.9438108801841736,10210,0.0042520557,-1.7278101071715355,0.076171875,-0.009401708486257121,0.1,,
1023,7105,27.443506230000004,93.12,294,2095104,3e-05,0.9913808533921837,0.10230916738510132,0.9364707469940186,10220,0.0031447122,-1.770727026462555,0.05927734375,-0.008184762496966869,0.1,,
1024,7110,26.924584610000007,93.81,294,2097152,3e-05,1.0368200041353703,0.12853220105171204,0.9430432915687561,10230,0.0032602795,-1.7710137635469436,0.06123046875,-0.009074053034419194,0.1,,
1025,7115,27.37493069,94.07,295,2099200,3e-05,0.7987318631261587,0.08647992461919785,0.9442731738090515,10240,0.002850366,-1.7766767591238022,0.052001953125,-0.006439523378503509,0.1,,
,,,,,2100000,3e-05,1.1231063805520534,0.16839751601219177,0.9474097490310669,10250,0.0026551308,-1.7443499475717545,0.05087890625,-0.008070736227091401,0.1,27.124457550048827,101.6
1026,7122,26.532219920000003,94.66,295,2101248,,,,,,,,,,,,
1027,7127,26.667054389999993,94.91,295,2103296,3e-05,1.357108910754323,0.25857430696487427,0.9120069146156311,10260,0.0028512524,-1.8001713827252388,0.057763671875,-0.0072301457053981725,0.1,,
1028,7132,27.197577600000002,93.59,295,2105344,3e-05,0.8203800331801177,0.08488728106021881,0.9415132403373718,10270,0.0030519022,-1.7023727282881738,0.049462890625,-0.007249401824083179,0.1,,
1029,7137,27.118066820000003,93.47,295,2107392,3e-05,0.8056448617950082,0.06339631229639053,0.9466720223426819,10280,0.00337931,-1.6692622542381286,0.068310546875,-0.01036200418457156,0.1,,
1030,7143,27.89238897,92.74,295,2109440,3e-05,0.7704989399760962,0.08631617575883865,0.9587728381156921,10290,0.0047810404,-1.7284113124012948,0.081298828125,-0.009106410195818171,0.1,,
,,,,,2110000,3e-05,0.822138917632401,0.09559433162212372,0.9370120763778687,10300,0.0029196036,-1.7293919384479524,0.082568359375,-0.00687753960955888,0.1,26.78881597518921,88.4
1031,7149,28.244119499999996,92.61,295,2111488,,,,,,,,,,,,
1032,7154,27.89178843,93.44,295,2113536,3e-05,1.3366575267165899,0.24118442833423615,0.9162980914115906,10310,0.0024611168,-1.746031779050827,0.0578125,-0.007304656167980284,0.1,,
1033,7160,26.775190369999997,94.81,295,2115584,3e-05,0.7602950982749462,0.10521748661994934,0.9436571598052979,10320,0.0028813384,-1.717445896565914,0.059814453125,-0.007327836475451477,0.1,,
1034,7165,25.95594706,95.97,295,2117632,3e-05,0.7148230791091919,0.07092955708503723,0.953652024269104,10330,0.0033368124,-1.7154562592506408,0.0580078125,-0.006880858217482455,0.1,,
1035,7170,25.987371630000002,96.27,295,2119680,3e-05,0.9701425950974226,0.1430000364780426,0.9272857904434204,10340,0.0025115595,-1.7704877719283103,0.05029296875,-0.008219732357247267,0.1,,
,,,,,2120000,3e-05,0.9044712889939547,0.13340459764003754,0.9486766457557678,10350,0.0029986897,-1.7213497817516328,0.04453125,-0.006838772128685377,0.1,27.81405563354492,95.6
1036,7176,26.103195589999995,96.27,295,2121728,,,,,,,,,,,,
1037,7181,26.585866250000002,94.61,295,2123776,3e-05,0.6248698018491268,0.0916590541601181,0.9655570983886719,10360,0.0038512135,-1.7692883759737015,0.078662109375,-0.009386150585487484,0.1,,
1038,7186,26.561055490000005,93.64,295,2125824,3e-05,0.8721827495843172,0.10561773180961609,0.9489405155181885,10370,0.0030565844,-1.7296894058585166,0.05302734375,-0.008709715312579646,0.1,,
1039,7192,27.00243471,93.33,295,2127872,3e-05,0.6478799311444163,0.044982582330703735,0.9443668127059937,10380,0.0035829358,-1.8128751143813133,0.069921875,-0.010391394991893321,0.1,,
1040,7197,27.195701479999997,92.48,295,2129920,3e-05,1.0808428760617972,0.12313777208328247,0.9242966771125793,10390,0.002540794,-1.7359858974814415,0.053125,-0.009123443640419282,0.1,,
,,,,,2130000,3e-05,0.8239237999543547,0.08388243615627289,0.9383770823478699,10400,0.0032365313,-1.7650774225592614,0.06171875,-0.008809059372288175,0.1,26.203426361083984,91.4
1041,7203,26.031678939999995,93.85,295,2131968,,,,,,,,,,,,
1042,7208,26.271384249999997,93.72,296,2134016,3e-05,1.9208274200558662,0.18337923288345337,0.8871908783912659,10410,0.0018324254,-1.7646901667118073,0.055419921875,-0.008507711108541116,0.1,,
1043,7214,26.85883404,92.21,296,2136064,3e-05,1.0406812209635974,0.17273545265197754,0.9294458627700806,10420,0.0030452954,-1.7860465243458747,0.06171875,-0.010599308053497226,0.1,,
1044,7219,26.196421890000007,92.97,296,2138112,3e-05,1.3137203823775052,0.1907084882259369,0.9279077053070068,10430,0.002826317,-1.810739094018936,0.0580078125,-0.007361058343667537,0.1,,
,,,,,2140000,3e-05,1.1048695798963308,0.11943390220403671,0.9261026978492737,10440,0.0037253238,-1.8514041855931282,0.05849609375,-0.008065096469363198,0.1,29.945113754272462,92.6
1045,7226,26.315577470000004,92.52,296,2140160,,,,,,,,,,,,
1046,7231,26.539076490000006,93.19,296,2142208,3e-05,1.0298627357929946,0.12914863228797913,0.9484412670135498,10450,0.0027129487,-1.7483646661043166,0.0646484375,-0.008865137744578533,0.1,,
1047,7236,26.35359604,94.43,296,2144256,3e-05,0.9636332157999277,0.11738865822553635,0.9455410838127136,10460,0.0027140288,-1.7048897579312325,0.044189453125,-0.006361609199666418,0.1,,
1048,7241,26.62465442,94.44,296,2146304,3e-05,1.0004052624106408,0.20297664403915405,0.9342895150184631,10470,0.0032138475,-1.756137101352215,0.062841796875,-0.007664459370425902,0.1,,
1049,7247,26.373859330000002,94.31,296,2148352,3e-05,0.7972581703215837,0.11115327477455139,0.9430364370346069,10480,0.0035514617,-1.7688697800040245,0.081982421875,-0.007857751488336362,0.1,,
,,,,,2150000,3e-05,0.9712287519127131,0.10630068928003311,0.9188985228538513,10490,0.0027232165,-1.776146826148033,0.05908203125,-0.009141971741337329,0.1,23.101532554626466,100.2
1050,7253,26.545722610000002,94.32,296,2150400,,,,,,,,,,,,
1051,7258,26.473285070000003,93.66,296,2152448,3e-05,1.2160738818347454,0.18469952046871185,0.9312188625335693,10500,0.0031186263,-1.8087777078151703,0.0533203125,-0.007864955088007265,0.1,,
1052,7263,27.65133559,92.69,296,2154496,3e-05,1.2702538382261992,0.12828072905540466,0.9322549700737,10510,0.0034845583,-1.7138550519943236,0.040625,-0.006492629830609076,0.1,,
1053,7268,26.902981110000006,93.76,296,2156544,3e-05,0.99342878498137,0.12039872258901596,0.9419893622398376,10520,0.004111166,-1.7607821717858314,0.072216796875,-0.006114104222797323,0.1,,
1054,7273,26.566942909999998,94.01,296,2158592,3e-05,1.055637339502573,0.1753804087638855,0.9390779137611389,10530,0.0032021492,-1.802292527258396,0.071875,-0.01004275043378584,0.1,,
,,,,,2160000,3e-05,1.312634825706482,0.1887425184249878,0.9234760403633118,10540,0.0020205886,-1.7579115182161331,0.042822265625,-0.006650525750592351,0.1,26.577225112915038,90.4
1055,7279,26.97197074999999,92.59,296,2160640,,,,,,,,,,,,
1056,7284,26.61150963,93.77,296,2162688,3e-05,0.9099656868726015,0.12825362384319305,0.9502087831497192,10550,0.0028965333,-1.7320320039987565,0.051025390625,-0.009355693610268645,0.1,,
1057,7289,26.95507976,93.16,296,2164736,3e-05,0.7556708129122853,0.0749661922454834,0.9494439363479614,10560,0.0031859386,-1.7649896413087844,0.073095703125,-0.010801398556213825,0.1,,
1058,7294,26.887672170000002,93.34,297,2166784,3e-05,0.9103317068889737,0.06062045693397522,0.9317783117294312,10570,0.0038475427,-1.7948690697550773,0.061962890625,-0.008441349654458464,0.1,,
1059,7299,27.26707793000001,93.96,297,2168832,3e-05,0.8393650563433767,0.08038224279880524,0.9425890445709229,10580,0.003068895,-1.782714569568634,0.068017578125,-0.0069775047391885895,0.1,,
,,,,,2170000,3e-05,0.8089655408635735,0.09050938487052917,0.9446706771850586,10590,0.002910776,-1.814570564031601,0.05810546875,-0.007767303421860561,0.1,22.451087760925294,93.4
1060,7305,27.042636839999997,94.87,297,2170880,,,,,,,,,,,,
1061,7310,26.32479677,94.54,297,2172928,3e-05,0.5989745723083615,0.07278890162706375,0.9661797285079956,10600,0.0052560954,-1.7603279769420623,0.078369140625,-0.007444564907927997,0.1,,
1062,7315,26.46605621,95.17,297,2174976,3e-05,1.1221965458244085,0.08842282742261887,0.9213637709617615,10610,0.002508894,-1.770010420680046,0.071484375,-0.004696898220572621,0.1,,
1063,7320,27.162694009999996,93.98,297,2177024,3e-05,0.9177146822214126,0.12079092860221863,0.9524606466293335,10620,0.0031282105,-1.7848526045680047,0.054150390625,-0.008540455164620653,0.1,,
1064,7325,27.777940729999997,93.15,297,2179072,3e-05,1.0914593357592821,0.14260241389274597,0.9371205568313599,10630,0.0041944967,-1.722208781540394,0.062353515625,-0.008208923391066492,0.1,,
,,,,,2180000,3e-05,0.831285348162055,0.1662021279335022,0.9606528878211975,10640,0.0018398687,-1.6459003791213036,0.048779296875,-0.005616619059583172,0.1,27.80121612548828,99.2
1065,7331,28.325697,92.33,297,2181120,,,,,,,,,,,,
1066,7337,27.930158950000006,92.59,297,2183168,3e-05,1.1528677258640527,0.1806637942790985,0.929724931716919,10650,0.0050843954,-1.759902960062027,0.0625,-0.007578055612975731,0.1,,
1067,7342,27.313600250000004,92.85,297,2185216,3e-05,1.0618859618902206,0.09232907742261887,0.9317576289176941,10660,0.003276383,-1.7167392045259475,0.06298828125,-0.006595599590218626,0.1,,
1068,7347,27.412453009999993,92.28,297,2187264,3e-05,1.0738570306450128,0.10994444042444229,0.9272855520248413,10670,0.0034146458,-1.7945202723145486,0.0564453125,-0.007984675525221974,0.1,,
1069,7352,26.9059375,93.2,297,2189312,3e-05,1.0007904972881079,0.08166276663541794,0.9357099533081055,10680,0.0024656104,-1.7296307131648063,0.052392578125,-0.0068559885490685705,0.1,,
,,,,,2190000,3e-05,0.6640171902254224,0.07254219800233841,0.9527245759963989,10690,0.003753616,-1.7659140899777412,0.082958984375,-0.008794293316896074,0.1,27.319224548339843,90.2
1070,7358,27.602584670000002,92.27,297,2191360,,,,,,,,,,,,
1071,7363,27.451692590000004,92.82,297,2193408,3e-05,0.8452279418706894,0.09433941543102264,0.9538678526878357,10700,0.0035142517,-1.7496257960796355,0.05986328125,-0.008172131088213064,0.1,,
1072,7368,26.72970069,93.55,297,2195456,3e-05,0.7862169701606035,0.08962449431419373,0.9521604776382446,10710,0.004595248,-1.7097906097769737,0.07763671875,-0.007417187266401015,0.1,,
1073,7373,27.276537899999997,92.9,298,2197504,3e-05,0.9131709845736623,0.0836949497461319,0.9278869032859802,10720,0.0025356757,-1.8112147063016892,0.069921875,-0.005830784601857886,0.1,,
1074,7378,26.719156879999996,93.22,298,2199552,3e-05,0.9716530993580819,0.114016093313694,0.942408561706543,10730,0.0035312357,-1.76679584980011,0.07109375,-0.009551144682336598,0.1,,
,,,,,2200000,3e-05,1.2190895199775695,0.13093996047973633,0.9255967140197754,10740,0.0020262022,-1.7846768200397491,0.038330078125,-0.006333336618263274,0.1,23.916031646728516,95.2
1075,7385,26.794407120000002,95.14,298,2201600,,,,,,,,,,,,
1076,7390,26.48997493,95.3,298,2203648,3e-05,1.1407073732465505,0.1878781020641327,0.9407427310943604,10750,0.0041164313,-1.7073088794946671,0.069091796875,-0.007928216562140733,0.1,,
1077,7395,26.321703479999996,95.8,298,2205696,3e-05,0.9957327473908663,0.1482543647289276,0.9225767850875854,10760,0.0029390268,-1.7981421560049058,0.052783203125,-0.00780532636854332,0.1,,
1078,7400,25.856923579999993,96.7,298,2207744,3e-05,1.0213757514953614,0.1525917649269104,0.9173847436904907,10770,0.0026904254,-1.7520759284496308,0.048291015625,-0.007007249798334669,0.1,,
1079,7405,25.72842217,95.69,298,2209792,3e-05,0.8293462296947837,0.09911400824785233,0.940925657749176,10780,0.003725185,-1.76740420460701,0.09072265625,-0.010104840283747762,0.1,,
,,,,,2210000,3e-05,1.113301222026348,0.1325942873954773,0.9333627820014954,10790,0.002969876,-1.7002501845359803,0.060888671875,-0.008886678799171932,0.1,27.856468200683594,93.2
1080,7411,25.762678660000002,95.19,298,2211840,,,,,,,,,,,,
1081,7416,26.52185339,94.71,298,2213888,3e-05,1.1927636101841927,0.16062499582767487,0.9295656681060791,10800,0.0032774748,-1.7029152020812035,0.064111328125,-0.006843726511579007,0.1,,
1082,7422,26.186570429999996,94.34,298,2215936,3e-05,1.0826632495969535,0.12956304848194122,0.9450381398200989,10810,0.004090105,-1.7542689800262452,0.061865234375,-0.009422706757322884,0.1,,
1083,7427,26.515470680000004,94.38,298,2217984,3e-05,0.8860184844583273,0.1177440956234932,0.9428925514221191,10820,0.0031630623,-1.783558912575245,0.067578125,-0.009203164132486563,0.1,,
,,,,,2220000,3e-05,1.0017147779464721,0.16942378878593445,0.9430813193321228,10830,0.0020871407,-1.6956046611070632,0.0501953125,-0.006470265105599537,0.1,25.880521774291992,98.0
1084,7433,27.09805441,93.14,298,2220032,,,,,,,,,,,,
1085,7438,27.736295319999996,93.08,298,2222080,3e-05,0.982764590345323,0.09428881108760834,0.9406363368034363,10840,0.003882667,-1.7255594626069068,0.073388671875,-0.010080243390984834,0.1,,
1086,7443,27.93822287,92.89,298,2224128,3e-05,0.8021487981081009,0.10393792390823364,0.9574207067489624,10850,0.0029010547,-1.7360344916582107,0.055419921875,-0.008047135750530288,0.1,,
1087,7612,27.49998374,92.57,292,2226176,3e-05,0.684309970587492,0.057432908564805984,0.9586955904960632,10860,0.0039079795,-1.740253783762455,0.06650390625,-0.010060327471001074,0.1,,
1088,7618,27.764866380000004,92.74,292,2228224,3e-05,1.026279041916132,0.11150968074798584,0.9390432834625244,10870,0.0037061162,-1.78878663033247,0.075146484375,-0.008145523795974441,0.1,,
,,,,,2230000,3e-05,0.8321069929748773,0.11778903007507324,0.957312822341919,10880,0.004044192,-1.666842132806778,0.0802734375,-0.006399526205495931,0.1,30.317522048950195,96.0
1089,7624,27.659049579999998,93.32,292,2230272,,,,,,,,,,,,
1090,7630,27.460624390000007,93.1,292,2232320,3e-05,1.1566979866474867,0.12080680578947067,0.9347018003463745,10890,0.0023450968,-1.742508639395237,0.0482421875,-0.008381274566636421,0.1,,
1091,7635,27.872399210000005,92.96,292,2234368,3e-05,0.8025533232837916,0.10392329096794128,0.9487102031707764,10900,0.0023040795,-1.6987738654017448,0.045166015625,-0.00652142358594574,0.1,,
1092,7640,27.5743803,93.16,292,2236416,3e-05,0.7053627751767635,0.06778431683778763,0.9515294432640076,10910,0.0033063206,-1.6914660587906838,0.056787109375,-0.00906734197633341,0.1,,
1093,7646,26.95727314,94.22,292,2238464,3e-05,0.751420833170414,0.12539130449295044,0.9505457878112793,10920,0.0034311512,-1.7039111584424973,0.07880859375,-0.008109182282350958,0.1,,
,,,,,2240000,3e-05,1.1890280939638616,0.13156455755233765,0.9229259490966797,10930,0.002231794,-1.739981184899807,0.050390625,-0.008860736546921544,0.1,26.617515563964844,92.8
1094,7652,26.47743169,93.96,292,2240512,,,,,,,,,,,,
1095,7658,27.227200659999994,93.84,292,2242560,3e-05,1.1618937145918609,0.1374693661928177,0.9308506846427917,10940,0.0027091177,-1.7407967463135718,0.045458984375,-0.00696651708567515,0.1,,
1096,7663,26.845111779999996,94.19,292,2244608,3e-05,0.8993254497647285,0.11153918504714966,0.94496089220047,10950,0.0023355773,-1.6728941589593886,0.058544921875,-0.0072615198791027066,0.1,,
1097,7668,27.551089939999997,94.29,292,2246656,3e-05,0.7044450270012022,0.15245015919208527,0.953088641166687,10960,0.0032947692,-1.651505446434021,0.05771484375,-0.008848540438339113,0.1,,
1098,7673,28.4183039,93.35,293,2248704,3e-05,0.8177687726914883,0.10360848158597946,0.9440975189208984,10970,0.003630576,-1.6553902357816697,0.051318359375,-0.0067283624957781285,0.1,,
,,,,,2250000,3e-05,1.0363664662465453,0.08601321280002594,0.9314754009246826,10980,0.0028957948,-1.644210934638977,0.06142578125,-0.007642232382204383,0.1,25.507031440734863,96.4
1099,7680,28.295682980000002,93.9,293,2250752,,,,,,,,,,,,
1100,7685,28.258344460000004,94.07,293,2252800,3e-05,1.1315854460000991,0.16757071018218994,0.9211313724517822,10990,0.0038512873,-1.7311793863773346,0.06357421875,-0.006146992996218614,0.1,,
1101,7691,28.268324870000004,93.53,293,2254848,3e-05,0.7759384987875819,0.128072589635849,0.9525609612464905,11000,0.0032121488,-1.7597702339291572,0.05517578125,-0.008519057038938627,0.1,,
1102,7696,28.062500029999995,94.12,293,2256896,3e-05,0.807567697763443,0.08460505306720734,0.9348828196525574,11010,0.0030806437,-1.6671093299984932,0.061279296875,-0.008466931438306347,0.1,,
1103,7701,28.516678719999994,93.57,293,2258944,3e-05,0.6314845498651266,0.04138411581516266,0.9467344880104065,11020,0.0048437067,-1.6853114083409308,0.07421875,-0.009319366043200716,0.1,,
,,,,,2260000,3e-05,0.8087251424789429,0.1732325255870819,0.9461092352867126,11030,0.0031671626,-1.6568166807293891,0.073583984375,-0.009515419724630192,0.1,28.818213653564452,87.0
1104,7707,28.39382614,92.94,293,2260992,,,,,,,,,,,,
1105,7712,28.037333529999998,93.96,293,2263040,3e-05,1.2863134264945983,0.12062016874551773,0.9236035346984863,11040,0.0031297219,-1.7354358673095702,0.055810546875,-0.008187953004380688,0.1,,
1106,7718,27.99903996,94.24,293,2265088,3e-05,0.978485495224595,0.15934628248214722,0.9414989352226257,11050,0.0034196489,-1.6364744409918786,0.05341796875,-0.007458444073563442,0.1,,
1107,7723,27.62598074,94.99,293,2267136,3e-05,1.2998805232346058,0.14121517539024353,0.9093072414398193,11060,0.001797073,-1.7026888564229012,0.0400390625,-0.006733156024711207,0.1,,
1108,7728,26.573063349999998,96.19,293,2269184,3e-05,0.9658666046336293,0.11232788115739822,0.9457963109016418,11070,0.002136652,-1.6830137476325036,0.052294921875,-0.006812081189127639,0.1,,
,,,,,2270000,3e-05,1.009205472096801,0.10308043658733368,0.9274337291717529,11080,0.0031185765,-1.739022496342659,0.066845703125,-0.007237372390227393,0.1,26.66157760620117,93.4
1109,7734,27.59614149,95.39,293,2271232,,,,,,,,,,,,
1110,7740,27.67438394,95.42,293,2273280,3e-05,0.9018559198826551,0.16080564260482788,0.9505634307861328,11090,0.0025056787,-1.653580440580845,0.0435546875,-0.006911335201584734,0.1,,
1111,7745,27.872371500000003,95.0,293,2275328,3e-05,0.8163713827729225,0.11631913483142853,0.9492805004119873,11100,0.002545425,-1.7992154106497764,0.0494140625,-0.0069493387913098555,0.1,,
1112,7750,28.43583996,94.2,293,2277376,3e-05,0.6006690572947264,0.07469014078378677,0.965812623500824,11110,0.0026844318,-1.6814881891012192,0.056396484375,-0.009085560103994795,0.1,,
1113,7755,28.85232529,94.29,293,2279424,3e-05,0.6009740764275193,0.04230467975139618,0.9557836055755615,11120,0.0037083575,-1.7723140195012093,0.081591796875,-0.008943813055520878,0.1,,
,,,,,2280000,3e-05,0.7066799404099584,0.08327353000640869,0.9600743055343628,11130,0.0037777512,-1.7354112535715103,0.067822265625,-0.008271035115467385,0.1,31.500842666625978,87.4
1114,7761,28.186846889999998,94.67,293,2281472,,,,,,,,,,,,
1115,7766,28.5955051,93.89,294,2283520,3e-05,0.6975481180474162,0.07405221462249756,0.9591689705848694,11140,0.004036987,-1.7481721982359886,0.051806640625,-0.007914301770506426,0.1,,
1116,7772,28.19377837,94.09,294,2285568,3e-05,0.6253878539428115,0.07879184186458588,0.9630370736122131,11150,0.00333606,-1.7242243871092797,0.057275390625,-0.008344710501842201,0.1,,
1117,7778,28.873022650000003,93.34,294,2287616,3e-05,0.8896688286215066,0.12190282344818115,0.9442809820175171,11160,0.0030665477,-1.7761400476098061,0.049755859375,-0.008195675018941983,0.1,,
1118,7784,29.0966889,92.62,294,2289664,3e-05,0.7122776659205556,0.07672947645187378,0.9615361094474792,11170,0.003219931,-1.7229701384902,0.06630859375,-0.01070379683515057,0.1,,
,,,,,2290000,3e-05,0.7574014248326421,0.1047840267419815,0.9643429517745972,11180,0.0028646756,-1.7091636925935745,0.055224609375,-0.008528007328277454,0.1,30.775871658325194,88.2
1119,7791,29.28142895,93.69,294,2291712,,,,,,,,,,,,
1120,7797,29.25127068,94.16,294,2293760,3e-05,1.5569978650659322,0.2211938053369522,0.9015767574310303,11190,0.0020251032,-1.7339099511504172,0.0369140625,-0.00573206118424423,0.1,,
1121,7802,28.82705258,95.17,294,2295808,3e-05,0.5967833153903485,0.03418127819895744,0.9491797685623169,11200,0.004443216,-1.7207694798707962,0.068017578125,-0.009846110531361774,0.1,,
1122,7808,28.30606414,94.52,294,2297856,3e-05,0.5571496279910206,0.06835345923900604,0.9624021053314209,11210,0.0032522797,-1.7293794855475426,0.089208984375,-0.006087071474757977,0.1,,
1123,7813,28.1614952,94.07,294,2299904,3e-05,0.6131186652928591,0.047466155141592026,0.9574307799339294,11220,0.0040777856,-1.6714256659150124,0.06259765625,-0.0073605428595328705,0.1,,
,,,,,2300000,3e-05,0.5639792554080486,0.04777788370847702,0.9615435004234314,11230,0.0063953376,-1.6910528138279914,0.097119140625,-0.009695488709257915,0.1,29.58144187927246,93.6
1124,7820,28.47923058,93.22,294,2301952,,,,,,,,,,,,
1125,7825,28.267618130000002,94.14,294,2304000,3e-05,0.5644726211205124,0.05255211517214775,0.9598907828330994,11240,0.003630008,-1.7422141551971435,0.078125,-0.008914642623858526,0.1,,
1126,7831,28.815620950000003,93.69,294,2306048,3e-05,0.7843796046450734,0.06385913491249084,0.9456691741943359,11250,0.0035388358,-1.6981754645705223,0.056982421875,-0.007652344662346877,0.1,,
1127,7837,28.68459753,93.39,294,2308096,3e-05,0.5364517347887159,0.057753343135118484,0.9647010564804077,11260,0.004967387,-1.7398887991905212,0.079833984375,-0.007301516138250008,0.1,,
,,,,,2310000,3e-05,0.7916243365034461,0.052277177572250366,0.935914158821106,11270,0.0051466646,-1.684944997727871,0.092041015625,-0.008371531992452219,0.1,27.69647560119629,95.2
1128,7844,28.128711499999998,93.9,294,2310144,,,,,,,,,,,,
1129,7850,27.56850862,92.88,294,2312192,3e-05,1.0365235518664122,0.10544108599424362,0.9108500480651855,11280,0.003102899,-1.76327203810215,0.059521484375,-0.007618986116722226,0.1,,
1130,7856,26.980207870000005,92.31,294,2314240,3e-05,1.0904067691415549,0.1413831114768982,0.9068317413330078,11290,0.0022448266,-1.7804252624511718,0.0533203125,-0.008805312588810921,0.1,,
1131,7862,25.841879409999997,93.25,294,2316288,3e-05,0.8795514481142164,0.07723592966794968,0.9433648586273193,11300,0.0034317523,-1.7850221052765847,0.056494140625,-0.008301966363796964,0.1,,
1132,7867,26.283655330000002,93.6,294,2318336,3e-05,1.851750086247921,0.23187977075576782,0.8798947930335999,11310,0.0021568304,-1.7742080688476562,0.0486328125,-0.007786271828808822,0.1,,
,,,,,2320000,3e-05,0.7621808720752596,0.10596016049385071,0.9549197554588318,11320,0.0030442406,-1.7230068847537041,0.070263671875,-0.008528802561340854,0.1,34.02245941162109,84.2
1133,7873,27.575096999999996,93.42,294,2320384,,,,,,,,,,,,
1134,7879,27.535063299999997,93.76,294,2322432,3e-05,0.7969057094305754,0.11148172616958618,0.9562206268310547,11330,0.0036764648,-1.6811269640922546,0.060498046875,-0.008034613635390996,0.1,,
1135,7884,27.95893882,94.45,294,2324480,3e-05,0.7127541128546,0.07485488802194595,0.9515682458877563,11340,0.0036247019,-1.7007411211729049,0.079248046875,-0.009123561545857228,0.1,,
1136,7889,28.441291859999996,94.36,294,2326528,3e-05,0.7253953337669372,0.08535603433847427,0.9600721597671509,11350,0.0032631028,-1.7343773186206817,0.065771484375,-0.008540005213581026,0.1,,
1137,7895,28.82964499,94.56,294,2328576,3e-05,0.7690386660397053,0.1151578426361084,0.949518620967865,11360,0.0044058873,-1.6873616427183151,0.056982421875,-0.007329151086742059,0.1,,
,,,,,2330000,3e-05,0.6456036400049925,0.04515688866376877,0.9613326191902161,11370,0.004323321,-1.6820483595132827,0.077197265625,-0.008175216292147524,0.1,24.21324005126953,102.0
1138,7901,28.903033500000003,94.43,294,2330624,,,,,,,,,,,,
1139,7907,29.110002369999997,93.81,294,2332672,3e-05,0.6518012572079896,0.0692138820886612,0.9586275815963745,11380,0.0030116555,-1.6645692110061645,0.072314453125,-0.007139565555553418,0.1,,
1140,7912,28.65193638,93.42,295,2334720,3e-05,1.0864294443279505,0.0952453464269638,0.9401053190231323,11390,0.002753443,-1.6709478318691253,0.042724609375,-0.0074808484816458075,0.1,,
1141,7917,28.306495719999997,92.85,295,2336768,3e-05,0.7639813788235188,0.10585623979568481,0.9437708854675293,11400,0.0030878298,-1.7208465948700904,0.047998046875,-0.008006153465248644,0.1,,
1142,7923,26.78096732,93.95,295,2338816,3e-05,0.5797509359195828,0.07369799166917801,0.956255316734314,11410,0.0041874973,-1.6873677790164947,0.064697265625,-0.008143100957386195,0.1,,
,,,,,2340000,3e-05,0.8403154766187072,0.08973221480846405,0.9448988437652588,11420,0.0035629994,-1.6992526561021806,0.06611328125,-0.008755741367349402,0.1,29.00223579406738,91.6
1143,7930,26.695116470000002,93.9,295,2340864,,,,,,,,,,,,
1144,7935,27.178146659999996,93.91,295,2342912,3e-05,0.6458904350176453,0.05305027216672897,0.9621158242225647,11430,0.0041275457,-1.7048160567879678,0.068603515625,-0.007583678531227633,0.1,,
1145,7941,27.037043690000004,94.18,295,2344960,3e-05,1.2934736177325248,0.2007989138364792,0.9302182793617249,11440,0.0020401487,-1.6309558600187302,0.043310546875,-0.007109191815834493,0.1,,
1146,7946,27.54367388,94.14,295,2347008,3e-05,1.273838632926345,0.1563372164964676,0.9141589999198914,11450,0.002414494,-1.7237306013703346,0.04306640625,-0.007545225371723063,0.1,,
1147,7952,27.28681675,94.46,295,2349056,3e-05,0.810242298617959,0.13457095623016357,0.9536634683609009,11460,0.002180809,-1.661166277527809,0.0421875,-0.006514321567374281,0.1,,
,,,,,2350000,3e-05,0.6783963710069656,0.11176970601081848,0.9519148468971252,11470,0.004307726,-1.6762260422110558,0.06689453125,-0.008168115865555593,0.1,29.124167251586915,97.8
1148,7959,27.485118770000003,93.57,295,2351104,,,,,,,,,,,,
1149,7964,27.013575,94.27,295,2353152,3e-05,0.7473563367500902,0.10270053148269653,0.938692033290863,11480,0.0025159647,-1.675899949669838,0.0447265625,-0.007271752841188572,0.1,,
1150,7970,27.03280131,95.53,295,2355200,3e-05,1.1598014567047357,0.17101135849952698,0.9227262139320374,11490,0.0022699893,-1.696855579316616,0.040283203125,-0.007709779345896095,0.1,,
1151,7976,26.85086533,95.43,295,2357248,3e-05,0.9234483102336526,0.09974794089794159,0.9362686276435852,11500,0.0038817886,-1.6802651762962342,0.0583984375,-0.008196422120090575,0.1,,
1152,7982,26.102471089999998,96.14,295,2359296,3e-05,0.616120520234108,0.053471121937036514,0.9562166929244995,11510,0.00432631,-1.6807275041937828,0.072705078125,-0.011185012527857908,0.1,,
,,,,,2360000,3e-05,0.9745581870898604,0.08574460446834564,0.9141837954521179,11520,0.0036804476,-1.6867304220795631,0.078125,-0.00801486847922206,0.1,23.898709106445313,96.4
1153,7988,25.600839099999998,96.66,295,2361344,,,,,,,,,,,,
1154,7994,26.247679560000005,95.59,295,2363392,3e-05,0.8734457002952695,0.05061717703938484,0.917722225189209,11530,0.0039219186,-1.6905943319201469,0.06650390625,-0.0077390536549501125,0.1,,
1155,7999,26.388646029999997,94.9,295,2365440,3e-05,1.1018948594108224,0.06789835542440414,0.9364460110664368,11540,0.0037045353,-1.6975503042340279,0.07685546875,-0.008267508252174594,0.1,,
1156,8005,25.854642810000005,95.37,295,2367488,3e-05,0.6108374886214734,0.060112446546554565,0.9412195086479187,11550,0.004593732,-1.6934558644890785,0.084130859375,-0.007195658955606632,0.1,,
1157,8010,26.085658449999997,94.8,295,2369536,3e-05,0.7225359328091144,0.07848259806632996,0.9389094710350037,11560,0.0024204424,-1.6884448006749153,0.05244140625,-0.008218820538604631,0.1,,
,,,,,2370000,3e-05,1.2178860664367677,0.10870203375816345,0.9143401980400085,11570,0.0024067569,-1.7711653426289558,0.04482421875,-0.00742818228318356,0.1,25.62138843536377,95.8
1158,8017,26.803198479999992,95.17,295,2371584,,,,,,,,,,,,
1159,8022,27.502479240000003,94.62,295,2373632,3e-05,0.9917191376909613,0.11195796728134155,0.9507009983062744,11580,0.00265409,-1.6698958724737167,0.046630859375,-0.00675883527728729,0.1,,
1160,8028,27.708981050000002,95.14,295,2375680,3e-05,1.2307102285325526,0.12041373550891876,0.935888409614563,11590,0.0020948397,-1.6668925628066062,0.03857421875,-0.0064516312442719935,0.1,,
1161,8033,27.438488000000003,95.12,295,2377728,3e-05,1.0031452350318433,0.10975200682878494,0.9373612403869629,11600,0.002996514,-1.7529854878783226,0.060009765625,-0.009311748566688038,0.1,,
1162,8038,27.436978330000002,92.78,296,2379776,3e-05,0.9772846667096019,0.1180555447936058,0.9235862493515015,11610,0.003682843,-1.6992805942893028,0.067626953125,-0.00879066820780281,0.1,,
,,,,,2380000,3e-05,1.1555196141824127,0.08845081925392151,0.9041781425476074,11620,0.0031347335,-1.784084779024124,0.084130859375,-0.009388799278531224,0.1,22.68284902572632,87.6
1163,8045,26.43088798,93.98,296,2381824,,,,,,,,,,,,
1164,8050,25.988135730000003,93.48,296,2383872,3e-05,1.573380720987916,0.23117205500602722,0.8680950403213501,11630,0.0035192403,-1.7634728208184243,0.06689453125,-0.008557615720201283,0.1,,
1165,8055,26.269684270000003,93.76,296,2385920,3e-05,1.427180403470993,0.16773489117622375,0.8806207180023193,11640,0.0020681475,-1.698629429936409,0.037939453125,-0.007406538401846774,0.1,,
1166,8060,26.278792499999998,94.2,296,2387968,3e-05,1.0601661140099168,0.114047572016716,0.9342737793922424,11650,0.003575929,-1.7293009608983994,0.05830078125,-0.007951019227039068,0.1,,
,,,,,2390000,3e-05,0.8755344146862626,0.08545204252004623,0.9386982917785645,11660,0.0037303783,-1.708686538040638,0.06162109375,-0.008309947157977149,0.1,24.84600410461426,97.0
1167,8067,27.07842888,93.46,296,2390016,,,,,,,,,,,,
1168,8072,27.73784736,94.22,296,2392064,3e-05,1.9567328203469514,0.6309438943862915,0.9049118161201477,11670,0.003149549,-1.7167696237564087,0.04365234375,-0.00616287246812135,0.1,,
1169,8077,27.9886884,93.81,296,2394112,3e-05,0.8042685706168413,0.13124418258666992,0.9505305886268616,11680,0.0032075783,-1.6757761090993881,0.063818359375,-0.008710858237463981,0.1,,
1170,8083,28.378491920000002,92.81,296,2396160,3e-05,0.9599264018237591,0.11260201781988144,0.9386418461799622,11690,0.003341103,-1.6904347315430641,0.066162109375,-0.009645668149460107,0.1,,
1171,8088,27.668069149999997,94.47,296,2398208,3e-05,0.9806154802441597,0.10624033212661743,0.9435474872589111,11700,0.0036895487,-1.7012961894273757,0.075439453125,-0.006526298282551579,0.1,,
,,,,,2400000,3e-05,0.8826991492882371,0.08597259223461151,0.9327214360237122,11710,0.0038567453,-1.7225213140249251,0.0625,-0.00783674646227155,0.1,31.44621124267578,92.4
1172,8095,27.208505549999998,94.51,296,2400256,,,,,,,,,,,,
1173,8100,26.85636496,94.9,296,2402304,3e-05,0.8712636277079582,0.12392282485961914,0.9329169988632202,11720,0.0031072677,-1.757441933453083,0.058984375,-0.009529155638301746,0.1,,
1174,8105,26.694179600000005,95.98,296,2404352,3e-05,0.9715540841221809,0.13845349848270416,0.9296754002571106,11730,0.0036173621,-1.620833344757557,0.062744140625,-0.006280179409077391,0.1,,
1175,8110,26.494000939999996,95.6,296,2406400,3e-05,0.9072151055559516,0.25321799516677856,0.9404734373092651,11740,0.0034242172,-1.7205198556184769,0.0578125,-0.008579121646471321,0.1,,
1176,8116,27.13946593,94.4,296,2408448,3e-05,1.0542777109891177,0.12860511243343353,0.9241307973861694,11750,0.0026437934,-1.6063997879624368,0.0458984375,-0.006710916181327775,0.1,,
,,,,,2410000,3e-05,0.7220161033794283,0.09894038736820221,0.9617131948471069,11760,0.004313114,-1.730520062148571,0.074365234375,-0.0091640870901756,0.1,31.89854164123535,91.0
1177,8122,28.034932920000003,93.7,296,2410496,,,,,,,,,,,,
1178,8127,28.59301819,93.76,296,2412544,3e-05,0.7607534848153591,0.08860019594430923,0.9663516283035278,11770,0.004097673,-1.6392891615629197,0.0603515625,-0.007415152169414796,0.1,,
1179,8132,28.941248960000003,92.86,296,2414592,3e-05,1.0919210482388735,0.1935541033744812,0.9476923942565918,11780,0.0024687662,-1.612084300816059,0.04716796875,-0.007775128644425422,0.1,,
1180,8137,28.83930342,93.19,296,2416640,3e-05,0.6609907891601324,0.1049928292632103,0.9572885632514954,11790,0.005045901,-1.600996619462967,0.094384765625,-0.008464911812916398,0.1,,
1181,8142,28.323602849999997,93.74,297,2418688,3e-05,0.9504393016919493,0.08432374894618988,0.906183123588562,11800,0.003981867,-1.6181037038564683,0.05966796875,-0.007737829678808339,0.1,,
,,,,,2420000,3e-05,0.9909266766160727,0.13379642367362976,0.9365765452384949,11810,0.00341774,-1.559319218993187,0.05810546875,-0.00817699841572903,0.1,28.233618927001952,91.0
1182,8149,28.56703011,93.84,297,2420736,,,,,,,,,,,,
1183,8155,28.12885843,94.32,297,2422784,3e-05,0.6358557419851423,0.0715823695063591,0.9651905298233032,11820,0.004290582,-1.650135587155819,0.06865234375,-0.008664470229996368,0.1,,
1184,8160,27.997908679999995,94.89,297,2424832,3e-05,0.6668542673811316,0.09637153893709183,0.9606483578681946,11830,0.0044970266,-1.609027473628521,0.081884765625,-0.009713038522750139,0.1,,
1185,8165,27.796235229999997,95.65,297,2426880,3e-05,0.8958992086350918,0.10135670751333237,0.9493366479873657,11840,0.00310116,-1.5659298673272133,0.0544921875,-0.00712017759506125,0.1,,
1186,8171,27.539500449999995,94.97,297,2428928,3e-05,0.7912509771063924,0.11254586279392242,0.9344972372055054,11850,0.003540626,-1.6650731533765792,0.0521484375,-0.00841733659763122,0.1,,
,,,,,2430000,3e-05,0.9269795635715127,0.11100995540618896,0.9478511810302734,11860,0.0039890674,-1.5859198778867722,0.06875,-0.007968421431723983,0.1,30.84957046508789,92.2
1187,8177,27.725404939999997,94.12,297,2430976,,,,,,,,,,,,
1188,8183,27.65972754,94.98,297,2433024,3e-05,1.5960260763764382,0.18924513459205627,0.9061462879180908,11870,0.0021220604,-1.5884443894028664,0.067236328125,-0.006535983760841191,0.1,,
1189,8188,28.895683220000002,93.35,297,2435072,3e-05,0.856496324762702,0.08835378289222717,0.9424647688865662,11880,0.0044814222,-1.6299399062991142,0.07099609375,-0.007860309106763452,0.1,,
1190,8194,28.91647317,94.21,297,2437120,3e-05,0.9562647540122271,0.14981584250926971,0.9527074098587036,11890,0.0033404732,-1.6244830295443535,0.054443359375,-0.00811588393698912,0.1,,
1191,8199,28.739138069999996,94.68,297,2439168,3e-05,0.7500807199627161,0.12883026897907257,0.9590305089950562,11900,0.0030762404,-1.626058828830719,0.05654296875,-0.007425284647615627,0.1,,
,,,,,2440000,3e-05,0.5639238700270652,0.07400974631309509,0.9652994871139526,11910,0.0044244817,-1.5905936747789382,0.0703125,-0.00719763368324493,0.1,24.552361297607423,96.2
1192,8205,28.787274670000002,94.8,297,2441216,,,,,,,,,,,,
1193,8210,28.061745110000007,95.64,297,2443264,3e-05,1.0254719253629445,0.129411518573761,0.9327001571655273,11920,0.0053813625,-1.6694248855113982,0.077880859375,-0.006530604427098297,0.1,,
1194,8216,28.251663309999998,95.99,297,2445312,3e-05,0.7857151675969363,0.10010606795549393,0.9440891742706299,11930,0.003852759,-1.6116082847118378,0.06484375,-0.0065749109955504535,0.1,,
1195,8222,27.86411616,96.15,297,2447360,3e-05,1.0856848780065775,0.11581890285015106,0.9222121238708496,11940,0.0016373587,-1.5684004038572312,0.03447265625,-0.0064295363787096,0.1,,
1196,8228,28.264236010000005,95.2,297,2449408,3e-05,0.9259917812421918,0.07056336104869843,0.9420525431632996,11950,0.0029567275,-1.6251685827970506,0.049609375,-0.00775924192275852,0.1,,
,,,,,2450000,3e-05,0.8072902681306005,0.09196385741233826,0.9453396201133728,11960,0.0041857604,-1.6100274085998536,0.065283203125,-0.006788321351632476,0.1,29.797050094604494,83.4
1197,8234,28.093477429999997,95.26,297,2451456,,,,,,,,,,,,
1198,8239,29.47835029,93.14,297,2453504,3e-05,1.0817390110343694,0.12114544212818146,0.9447546601295471,11970,0.004271536,-1.6580083444714546,0.076513671875,-0.009603051911108195,0.1,,
1199,8245,28.75548665,93.48,297,2455552,3e-05,0.683825726620853,0.06637495756149292,0.9512399435043335,11980,0.005015441,-1.658585511147976,0.0755859375,-0.008426213277562055,0.1,,
1200,8250,27.91595307,94.33,297,2457600,3e-05,0.9750807117670774,0.09269292652606964,0.9251089096069336,11990,0.0042376984,-1.6775721058249473,0.0646484375,-0.008530104358214885,0.1,,
1201,8256,28.269753779999995,93.15,297,2459648,3e-05,0.7218195198103785,0.10763398557901382,0.9576899409294128,12000,0.005652923,-1.6104734048247338,0.085498046875,-0.00898281144327484,0.1,,
,,,,,2460000,3e-05,0.6971916869282723,0.11381933093070984,0.9538145065307617,12010,0.0055291303,-1.6675670862197876,0.085986328125,-0.008784422097960487,0.1,21.561926651000977,96.6
1202,8262,28.040289,93.43,297,2461696,,,,,,,,,,,,
1203,8268,27.842499650000004,94.13,297,2463744,3e-05,0.9639683786779643,0.07464256137609482,0.940199077129364,12020,0.004548864,-1.6505113661289215,0.0810546875,-0.008686453494010492,0.1,,
1204,8273,28.07054391,94.13,298,2465792,3e-05,1.1615572061389685,0.13322818279266357,0.9173558354377747,12030,0.0023983319,-1.597298154234886,0.0521484375,-0.007463447214104235,0.1,,
1205,8279,28.28217418,94.11,298,2467840,3e-05,0.7112753944471478,0.11127938330173492,0.9545629620552063,12040,0.0031720228,-1.5934069529175758,0.065234375,-0.009348080461495555,0.1,,
1206,8284,28.227482040000005,93.43,298,2469888,3e-05,0.7560799503698945,0.0881497785449028,0.9557240605354309,12050,0.0037034503,-1.6899085178971291,0.07734375,-0.008271623926702887,0.1,,
,,,,,2470000,3e-05,0.7013264946639538,0.07582744210958481,0.9659756422042847,12060,0.0037405232,-1.607290905714035,0.074609375,-0.008652618038468063,0.1,28.094771957397462,95.6
1207,8291,28.425940849999996,93.44,298,2471936,,,,,,,,,,,,
1208,8296,29.157141819999996,92.82,298,2473984,3e-05,0.9998498685657978,0.08839101344347,0.9397504329681396,12070,0.004436296,-1.6353989139199256,0.06376953125,-0.007814348189276643,0.1,,
1209,8301,29.733300199999995,92.4,298,2476032,3e-05,0.59610704947263,0.05004456639289856,0.9577255249023438,12080,0.0044349795,-1.6583037748932838,0.067529296875,-0.007260466119623743,0.1,,
1210,8307,29.43272403,93.24,298,2478080,3e-05,0.7732906430959702,0.05630255118012428,0.9335577487945557,12090,0.0036930353,-1.6674585312604904,0.06787109375,-0.007500327134039253,0.1,,
,,,,,2480000,3e-05,0.7253837998956442,0.053229592740535736,0.9512655138969421,12100,0.00420528,-1.6413745120167733,0.07138671875,-0.007821298955241219,0.1,28.713858795166015,96.4
1211,8314,29.92577468,92.57,298,2480128,,,,,,,,,,,,
1212,8319,29.44393135,93.5,298,2482176,3e-05,1.0040895599871873,0.09610165655612946,0.9405944347381592,12110,0.0037014852,-1.6236631348729134,0.063623046875,-0.008392235237988644,0.1,,
1213,8325,28.726429570000004,93.27,298,2484224,3e-05,1.141791782528162,0.11170691251754761,0.9163004755973816,12120,0.0030894987,-1.720610712468624,0.062158203125,-0.007118831633124501,0.1,,
1214,8330,28.165919879999997,93.99,298,2486272,3e-05,1.2827285673469304,0.1191122904419899,0.9016920328140259,12130,0.003101068,-1.6227158427238464,0.059375,-0.008018609491409734,0.1,,
1215,8335,27.785298470000008,94.54,298,2488320,3e-05,0.8773444816470146,0.10591405630111694,0.9454761743545532,12140,0.00349249,-1.6411281377077103,0.060400390625,-0.00848235362500418,0.1,,
,,,,,2490000,3e-05,0.4898839121684432,0.04058757424354553,0.9629507660865784,12150,0.004949368,-1.6448025763034821,0.107861328125,-0.011145528726046905,0.1,31.813808822631835,90.6
1216,8342,27.72383886,94.01,298,2490368,,,,,,,,,,,,
1217,8347,27.60069686,94.87,298,2492416,3e-05,0.5688735328614711,0.04501453787088394,0.9595357179641724,12160,0.004839754,-1.6869348123669625,0.086962890625,-0.006697782431729138,0.1,,
1218,8352,27.429952439999997,94.7,298,2494464,3e-05,0.7220881063491106,0.06436839699745178,0.9500554203987122,12170,0.0041311635,-1.7217948511242867,0.083154296875,-0.011160823947284371,0.1,,
1219,8361,27.041763049999997,94.87,298,2496512,3e-05,0.6209167495369912,0.06006835401058197,0.9508076906204224,12180,0.0029154336,-1.6055360421538354,0.073486328125,-0.008673852300853468,0.1,,
1220,8367,27.02808127000001,94.93,298,2498560,3e-05,0.8225927272811532,0.11197317391633987,0.9400390386581421,12190,0.0034272266,-1.6091651797294617,0.06142578125,-0.008889517057104968,0.1,,
,,,,,2500000,3e-05,0.571042743138969,0.04557157680392265,0.951126754283905,12200,0.0046749907,-1.6425095215439796,0.086767578125,-0.008131586841773241,0.1,27.840413284301757,93.4
1221,8373,26.51468133,96.49,298,2500608,,,,,,,,,,,,
1222,8378,27.116531639999998,95.45,298,2502656,3e-05,0.984418048709631,0.06824873387813568,0.9283050298690796,12210,0.0025757013,-1.626677168905735,0.07099609375,-0.006812207389157265,0.1,,
1223,8384,27.475520300000003,94.99,298,2504704,3e-05,0.7512320293113589,0.04410145431756973,0.9506704211235046,12220,0.002854805,-1.626201531291008,0.063232421875,-0.009604326821863652,0.1,,
1224,8389,28.18930311,94.81,298,2506752,3e-05,0.6737046664580703,0.07898115366697311,0.9547681212425232,12230,0.0029316484,-1.6596068754792213,0.060009765625,-0.00982498044904787,0.1,,
1225,8394,28.133252680000002,94.27,298,2508800,3e-05,0.8196681151166558,0.0791274756193161,0.9447644948959351,12240,0.0055099195,-1.5363052502274512,0.061767578125,-0.007030642335303127,0.1,,
,,,,,2510000,3e-05,0.6414701852947473,0.06702090054750443,0.9514816999435425,12250,0.0029123507,-1.6374505192041398,0.054736328125,-0.008326833590399475,0.1,29.42075958251953,78.8
1226,8401,28.45476958,94.67,298,2510848,,,,,,,,,,,,
1227,8406,27.872796449999996,94.47,298,2512896,3e-05,2.17163917273283,0.43124550580978394,0.8656630516052246,12260,0.0011744308,-1.577759398519993,0.0322265625,-0.006544993567513302,0.1,,
1228,8412,27.96763851,94.96,298,2514944,3e-05,1.0096523413434624,0.12146975100040436,0.9340401291847229,12270,0.0033651483,-1.6300543770194054,0.042578125,-0.007091663498431444,0.1,,
1229,8417,27.704109669999994,94.42,299,2516992,3e-05,0.6075735727325082,0.10295752435922623,0.951440691947937,12280,0.0024844015,-1.6305361971259118,0.067041015625,-0.008442830620333552,0.1,,
1230,8422,27.75695729,93.37,299,2519040,3e-05,0.4531785372644663,0.056560397148132324,0.971400797367096,12290,0.00466652,-1.6665447309613228,0.07998046875,-0.009525032184319571,0.1,,
,,,,,2520000,3e-05,0.9565126702189446,0.13846270740032196,0.9511331915855408,12300,0.002693715,-1.598808044195175,0.059130859375,-0.006987964664585888,0.1,24.390942001342772,105.2
1231,8428,28.16112436,93.74,299,2521088,,,,,,,,,,,,
1232,8434,28.071831630000002,92.89,299,2523136,3e-05,2.035007718577981,0.28718769550323486,0.8997195363044739,12310,0.00197019,-1.582805408537388,0.044580078125,-0.004346793424338103,0.1,,
1233,8439,28.16873846,92.09,299,2525184,3e-05,1.0712744165211916,0.11800006777048111,0.9412965178489685,12320,0.00275832,-1.6547968223690988,0.05908203125,-0.007783866731915623,0.1,,
1234,8445,28.079731480000007,92.79,299,2527232,3e-05,1.2560862366110086,0.15332919359207153,0.9321300983428955,12330,0.0030502575,-1.5861374214291573,0.04521484375,-0.0072365296597126875,0.1,,
1235,8450,28.356950530000002,94.35,299,2529280,3e-05,0.9616236340254545,0.12810379266738892,0.9300444722175598,12340,0.0029765454,-1.6645209401845933,0.0697265625,-0.005581604945473373,0.1,,
,,,,,2530000,3e-05,0.48824834506958725,0.08981464058160782,0.9792774319648743,12350,0.0038517772,-1.6098566800355911,0.091796875,-0.0068365300656296315,0.1,29.519204330444335,92.0
1236,8456,28.121038649999996,94.43,299,2531328,,,,,,,,,,,,
1237,8462,28.789253929999994,95.0,299,2533376,3e-05,0.8408414214849472,0.16383719444274902,0.9493798017501831,12360,0.0035449322,-1.6204519972205162,0.0697265625,-0.009249117784202098,0.1,,
1238,8467,29.562056899999998,94.4,299,2535424,3e-05,0.9103843314573169,0.08707407116889954,0.9407389760017395,12370,0.0034086031,-1.577157485485077,0.047119140625,-0.007213624958239961,0.1,,
1239,8472,28.82319766,94.7,299,2537472,3e-05,0.5841947885230183,0.049614496529102325,0.9669008255004883,12380,0.0038443203,-1.6535272687673568,0.073486328125,-0.007822794537059963,0.1,,
1240,8477,28.53236545999999,93.87,299,2539520,3e-05,0.5150142770260573,0.031926266849040985,0.9606332778930664,12390,0.004989273,-1.6183594331145286,0.07880859375,-0.011409138343879022,0.1,,
,,,,,2540000,3e-05,0.5132843937724829,0.03491108864545822,0.9579529166221619,12400,0.0052452143,-1.6985947847366334,0.131787109375,-0.010199418797856196,0.1,25.519499588012696,93.6
1241,8483,28.358646399999998,94.47,299,2541568,,,,,,,,,,,,
1242,8488,27.72560195,95.17,299,2543616,3e-05,0.5461550302803516,0.04413857311010361,0.9658269286155701,12410,0.0029301392,-1.543181149661541,0.074267578125,-0.008020218962337821,0.1,,
1243,8494,27.90522059,94.28,299,2545664,3e-05,0.8106384057551622,0.0700506865978241,0.948599636554718,12420,0.003670126,-1.6032655119895936,0.09052734375,-0.005177090424695052,0.1,,
1244,8500,28.208564430000003,93.79,299,2547712,3e-05,0.618180800229311,0.05729638412594795,0.9534070491790771,12430,0.0059758015,-1.6001154139637948,0.09287109375,-0.006574361212551593,0.1,,
1245,8506,27.539339839999997,93.54,299,2549760,3e-05,0.8816271739080548,0.08301355689764023,0.9354112148284912,12440,0.0038366509,-1.6115556508302689,0.066552734375,-0.007364789058919996,0.1,,
,,,,,2550000,3e-05,1.0170299757272006,0.11343584954738617,0.8989169597625732,12450,0.002358528,-1.6768065840005875,0.043359375,-0.007982910718419589,0.1,29.36974983215332,98.4
1246,8512,27.4020857,93.75,299,2551808,,,,,,,,,,,,
1247,8517,27.10031297,93.11,299,2553856,3e-05,0.8160421185195446,0.06893810629844666,0.9573389291763306,12460,0.0027650942,-1.6324540957808495,0.058447265625,-0.008772244281135499,0.1,,
1248,8523,27.324020099999995,93.46,299,2555904,3e-05,1.034823516011238,0.15540334582328796,0.9435229897499084,12470,0.0034168698,-1.7224646180868148,0.042431640625,-0.005869552260264754,0.1,,
1249,8528,27.702872610000004,92.64,299,2557952,3e-05,0.7338054109364748,0.08063501119613647,0.9596376419067383,12480,0.003261313,-1.6306010514497757,0.07099609375,-0.008152274898020551,0.1,,
,,,,,2560000,3e-05,0.7891835182905197,0.06863252073526382,0.9579163193702698,12490,0.0027409322,-1.6390518128871918,0.053955078125,-0.009841668920125812,0.1,24.81157112121582,92.2
1250,8535,28.148468799999996,92.04,299,2560000,,,,,,,,,,,,
1251,8541,27.937475099999997,92.86,299,2562048,3e-05,0.6458112120628356,0.0837685838341713,0.9523204565048218,12500,0.0032287943,-1.600250531733036,0.07685546875,-0.009293316747061908,0.1,,
1252,8546,28.169026780000003,93.03,300,2564096,3e-05,0.845185675099492,0.06990522146224976,0.9466263055801392,12510,0.004402902,-1.637961022555828,0.065283203125,-0.007939351134700701,0.1,,
1253,8551,28.107381519999993,93.22,300,2566144,3e-05,0.6221646055579185,0.07605800032615662,0.9559338688850403,12520,0.0032523253,-1.7087170213460923,0.062548828125,-0.008220623355009593,0.1,,
1254,8556,28.514140480000005,92.93,300,2568192,3e-05,0.6738405477255582,0.07971492409706116,0.9608340859413147,12530,0.0037664038,-1.6582394137978553,0.070849609375,-0.009191868241759948,0.1,,
,,,,,2570000,3e-05,0.7229797409847378,0.06940454244613647,0.9552292823791504,12540,0.0068148207,-1.6652455180883408,0.091015625,-0.0077179956715554,0.1,23.798840713500976,91.4
1255,8562,28.55279169,91.61,300,2570240,,,,,,,,,,,,
1256,8567,29.238222159999996,90.42,300,2572288,3e-05,0.6972816228866577,0.0493885800242424,0.9540455937385559,12550,0.0044944375,-1.626315426826477,0.073876953125,-0.009065791359171271,0.1,,
1257,8572,29.176525700000003,90.67,300,2574336,3e-05,0.7375535706058145,0.09707435965538025,0.9603022336959839,12560,0.005588409,-1.6391667991876602,0.107421875,-0.005920160462846979,0.1,,
1258,8577,28.86624788999999,91.58,300,2576384,3e-05,0.600420275516808,0.057193927466869354,0.9609893560409546,12570,0.0046807854,-1.699883908033371,0.103515625,-0.005745708060567267,0.1,,
1259,8583,28.005544169999993,93.56,300,2578432,3e-05,0.5701015746220947,0.02889120578765869,0.9581893086433411,12580,0.0028946106,-1.7023052901029587,0.081982421875,-0.0067660487518878655,0.1,,
,,,,,2580000,3e-05,0.6201652381569147,0.08861220628023148,0.9570396542549133,12590,0.0035913992,-1.7292093902826309,0.07685546875,-0.009442841008421965,0.1,25.230355072021485,95.2
1260,8589,28.2452617,94.73,300,2580480,,,,,,,,,,,,
1261,8594,27.494536479999997,95.61,300,2582528,3e-05,0.6008921748027205,0.055791474878787994,0.9576331377029419,12600,0.0035106228,-1.6647304520010948,0.072412109375,-0.008907069446286187,0.1,,
1262,8599,27.203985749999998,96.38,300,2584576,3e-05,0.9223117081448435,0.08243368566036224,0.9317057132720947,12610,0.0023581055,-1.725755687057972,0.056689453125,-0.007634822212276049,0.1,,
1263,8604,27.699284020000004,95.32,300,2586624,3e-05,0.567703708820045,0.0495377816259861,0.9648813009262085,12620,0.0033521017,-1.7042107671499251,0.07685546875,-0.010251751012401656,0.1,,
1264,8609,26.784079969999997,95.2,300,2588672,3e-05,0.850958657823503,0.05287264287471771,0.9408036470413208,12630,0.0036800706,-1.6827972576022148,0.0703125,-0.01082725723972544,0.1,,
,,,,,2590000,3e-05,1.0676397047936916,0.0984266921877861,0.9231855869293213,12640,0.0022179629,-1.7306106403470038,0.075732421875,-0.008903174620354549,0.1,26.073591423034667,90.2
1265,8615,26.51953413,95.79,300,2590720,,,,,,,,,,,,
1266,8620,27.28474063,94.31,300,2592768,3e-05,0.82196185849607,0.1106913834810257,0.954205334186554,12650,0.0028681746,-1.6674569606781007,0.061279296875,-0.007674650475382805,0.1,,
1267,8626,27.396246449999992,94.17,300,2594816,3e-05,0.6255536023527384,0.05327277630567551,0.9617398381233215,12660,0.0033502441,-1.7382665321230888,0.0505859375,-0.009392263818881474,0.1,,
1268,8631,28.393600940000002,93.77,300,2596864,3e-05,0.7014613227918745,0.06111903488636017,0.9477866888046265,12670,0.003715654,-1.7481668949127198,0.077294921875,-0.010873190697748215,0.1,,
1269,8636,28.850009929999995,94.2,300,2598912,3e-05,0.7499789832159877,0.07544030249118805,0.9598762392997742,12680,0.0035323151,-1.707131841778755,0.066650390625,-0.009701302362373099,0.1,,
,,,,,2600000,3e-05,0.8013282902538776,0.07375174760818481,0.951659619808197,12690,0.0031299922,-1.7253004401922225,0.0564453125,-0.00808161863242276,0.1,25.526432228088378,96.2
1270,8642,28.648032530000002,94.61,300,2600960,,,,,,,,,,,,
1271,8648,28.72708628,94.9,300,2603008,3e-05,0.6487117387354374,0.06238056719303131,0.9597254991531372,12700,0.004742899,-1.7184057965874673,0.086767578125,-0.010124640737194568,0.1,,
1272,8653,28.89410596,94.37,301,2605056,3e-05,0.6950675403699279,0.06996040046215057,0.9506985545158386,12710,0.0034044543,-1.6956673219799996,0.089306640625,-0.00957959143561311,0.1,,
1273,8658,28.6225818,93.32,301,2607104,3e-05,0.506322980299592,0.03181175887584686,0.9632384181022644,12720,0.0043935073,-1.6628857761621476,0.09091796875,-0.010503537161275745,0.1,,
1274,8663,28.26414926,92.87,301,2609152,3e-05,0.5945897800847888,0.06456710398197174,0.9575063586235046,12730,0.0032530935,-1.6144016996026038,0.06044921875,-0.00860291090211831,0.1,,
,,,,,2610000,3e-05,0.4762554028071463,0.02970924600958824,0.9657912850379944,12740,0.00407046,-1.6782608851790428,0.074560546875,-0.01028781256172806,0.1,30.842819595336913,91.4
1275,8669,28.185187770000002,92.27,301,2611200,,,,,,,,,,,,
1276,8674,28.397437070000002,92.8,301,2613248,3e-05,0.8972809886559844,0.06374630331993103,0.9411542415618896,12750,0.0031142964,-1.5479734808206558,0.0611328125,-0.008147832896793262,0.1,,
1277,8680,27.630692049999997,93.39,301,2615296,3e-05,0.5928498078137636,0.03510816767811775,0.9636138677597046,12760,0.0032807298,-1.6663769111037254,0.07275390625,-0.010819954721955582,0.1,,
1278,8685,27.65304831,93.09,301,2617344,3e-05,1.100703995488584,0.07215967774391174,0.9243307113647461,12770,0.0036784546,-1.6418789446353912,0.086767578125,-0.006629949621856213,0.1,,
1279,8690,27.353646140000006,92.77,301,2619392,3e-05,0.9483793990686535,0.10709549486637115,0.9366790056228638,12780,0.0016511579,-1.695644548535347,0.040087890625,-0.008266503538470716,0.1,,
,,,,,2620000,3e-05,0.7630429679527879,0.123334139585495,0.9562551975250244,12790,0.003240354,-1.659011046588421,0.07001953125,-0.007484525733161718,0.1,30.895760345458985,96.4
1280,8696,28.090807019999996,92.77,301,2621440,,,,,,,,,,,,
1281,8701,28.13300545,93.47,301,2623488,3e-05,0.7508249018341303,0.08070769160985947,0.95595383644104,12800,0.003452312,-1.6131306737661362,0.089892578125,-0.010052718862425536,0.1,,
1282,8707,28.932427019999995,93.74,301,2625536,3e-05,0.6258920395746828,0.06330393254756927,0.9565407633781433,12810,0.0042876713,-1.597735433280468,0.07626953125,-0.010636622775928117,0.1,,
1283,8713,29.688976780000004,93.58,301,2627584,3e-05,0.6312996430322528,0.05091317743062973,0.9608579277992249,12820,0.00370897,-1.660974258184433,0.078662109375,-0.008507488065515646,0.1,,
1284,8718,29.41218579,93.31,301,2629632,3e-05,0.5909768676385283,0.05054717883467674,0.9564691781997681,12830,0.0044233855,-1.6376585841178894,0.07890625,-0.01006459038471803,0.1,,
,,,,,2630000,3e-05,0.9059863369911909,0.06293394416570663,0.9416534304618835,12840,0.0026179224,-1.6695300400257111,0.067041015625,-0.009232146499562078,0.1,29.122779846191406,91.6
1285,8725,28.528754609999993,95.87,301,2631680,,,,,,,,,,,,
1286,8730,27.988113549999998,95.36,301,2633728,3e-05,0.9647092737257481,0.12026189267635345,0.9471301436424255,12850,0.004106436,-1.6643770843744279,0.064794921875,-0.007736421527806669,0.1,,
1287,8736,28.105162090000004,95.38,301,2635776,3e-05,0.9534399544820189,0.1294952630996704,0.9264850616455078,12860,0.0021212536,-1.6292540371417998,0.048095703125,-0.007243388572533149,0.1,,
1288,8741,28.43204672,95.15,301,2637824,3e-05,0.7525075927376748,0.08909577131271362,0.9648277163505554,12870,0.0026024221,-1.6711931452155113,0.04912109375,-0.00812231599993538,0.1,,
1289,8747,28.707155810000003,93.88,301,2639872,3e-05,0.6536844216287137,0.09136846661567688,0.9640231728553772,12880,0.0034435033,-1.6815124854445458,0.077490234375,-0.0064687083417084065,0.1,,
,,,,,2640000,3e-05,0.8400737892836332,0.0921165719628334,0.946807324886322,12890,0.0038360169,-1.696923141181469,0.08955078125,-0.009141373838065191,0.1,26.082625579833984,101.4
1290,8753,28.667914360000005,94.09,301,2641920,,,,,,,,,,,,
1291,8758,29.50513453,93.79,301,2643968,3e-05,1.1269716676324606,0.11510396748781204,0.9132677316665649,12900,0.0024295752,-1.690899209678173,0.07099609375,-0.006612212673644535,0.1,,
1292,8764,29.12535729,94.49,301,2646016,3e-05,0.9096054896712303,0.12474656850099564,0.9508017301559448,12910,0.0035356956,-1.7139633253216744,0.0716796875,-0.007331972502288409,0.1,,
1293,8769,29.244293050000007,93.89,301,2648064,3e-05,0.7630440952256322,0.0749615877866745,0.949289858341217,12920,0.0045903055,-1.6847842335700989,0.072021484375,-0.010326605860609562,0.1,,
,,,,,2650000,3e-05,0.8831138975918293,0.10688158124685287,0.9502339959144592,12930,0.0039103176,-1.6152155071496963,0.068505859375,-0.007652167341439054,0.1,30.334728240966797,89.0
1294,8776,30.01588838,93.07,301,2650112,,,,,,,,,,,,
1295,8781,29.605361229999993,92.95,302,2652160,3e-05,1.0402936378493906,0.0811920017004013,0.937089741230011,12940,0.002837243,-1.7203370496630668,0.059033203125,-0.008308262968785129,0.1,,
1296,8786,28.334533030000006,92.53,302,2654208,3e-05,0.9014445511624217,0.09196648746728897,0.9476174712181091,12950,0.0027682644,-1.7695090293884277,0.056005859375,-0.00798901958623901,0.1,,
1297,8792,28.222311379999997,92.5,302,2656256,3e-05,1.2833753168582915,0.12061617523431778,0.9266968965530396,12960,0.0026511045,-1.7373467475175857,0.063037109375,-0.009642409562366084,0.1,,
1298,8797,27.005338849999998,93.57,302,2658304,3e-05,0.6839627310633659,0.04973310977220535,0.9517187476158142,12970,0.0037607392,-1.6807387843728065,0.075732421875,-0.008241392835043371,0.1,,
,,,,,2660000,3e-05,0.8560523759573698,0.09860652685165405,0.9454011917114258,12980,0.0032160562,-1.739701671898365,0.070361328125,-0.01090819643868599,0.1,22.494718170166017,99.6
1299,8804,27.035098240000003,92.43,302,2660352,,,,,,,,,,,,
1300,8810,27.94858977,92.45,302,2662400,3e-05,0.9251314118504524,0.13344457745552063,0.94691002368927,12990,0.0038932767,-1.6710993111133576,0.070361328125,-0.009021590970223769,0.1,,
1301,8815,27.966029789999997,93.27,302,2664448,3e-05,1.1551067735999823,0.08677873015403748,0.9079861640930176,13000,0.004175242,-1.6775539949536324,0.083935546875,-0.007119007845176384,0.1,,
1302,8821,28.430954489999998,93.29,302,2666496,3e-05,0.6640992702916264,0.06132180988788605,0.9538983702659607,13010,0.0042379643,-1.6616532802581787,0.07021484375,-0.008054041766445152,0.1,,
1303,8826,29.24262072,93.46,302,2668544,3e-05,0.6884550957009197,0.09169898927211761,0.9520357847213745,13020,0.0047343476,-1.6976014733314515,0.071875,-0.008117335606948472,0.1,,
,,,,,2670000,3e-05,0.6329982670024037,0.050162091851234436,0.9652073979377747,13030,0.0041274927,-1.6244833543896675,0.0734375,-0.007860670555965043,0.1,24.261572647094727,93.4
1304,8833,29.89323436,94.29,302,2670592,,,,,,,,,,,,
1305,8838,29.89111277,94.93,302,2672640,3e-05,0.6281895512714982,0.06117524579167366,0.962777316570282,13040,0.0039294437,-1.6548528358340264,0.0734375,-0.006803863393724896,0.1,,
1306,8844,29.506186900000003,94.29,302,2674688,3e-05,0.7280666764825583,0.06756991147994995,0.9444167613983154,13050,0.0036313478,-1.7069513767957687,0.077001953125,-0.01017068998189643,0.1,,
1307,8849,28.895844189999988,93.79,302,2676736,3e-05,0.8104626948013902,0.07656516134738922,0.93604975938797,13060,0.0058326484,-1.7396625116467477,0.09111328125,-0.010732385644223541,0.1,,
1308,8855,27.88527978,93.9,302,2678784,3e-05,0.8356090698391199,0.0936371311545372,0.9409874677658081,13070,0.003055029,-1.8302846506237984,0.08193359375,-0.007442875247215852,0.1,,
,,,,,2680000,3e-05,0.682338404469192,0.05600642412900925,0.9510332942008972,13080,0.0045728674,-1.7342656061053277,0.069677734375,-0.009322815589257516,0.1,25.257441329956055,92.0
1309,8861,27.18045538,93.55,302,2680832,,,,,,,,,,,,
1310,8867,27.253437739999995,93.61,302,2682880,3e-05,1.4655578769743443,0.2646804749965668,0.9147964715957642,13090,0.0020649694,-1.750792969763279,0.05517578125,-0.00666239122801926,0.1,,
1311,8872,27.59529889,92.82,302,2684928,3e-05,0.8673970507457852,0.09818203747272491,0.9389842748641968,13100,0.0031067224,-1.7204009875655175,0.05849609375,-0.009171579430403653,0.1,,
1312,8878,27.58099463,93.65,302,2686976,3e-05,0.9192999819293618,0.07996920496225357,0.9361684322357178,13110,0.0033911415,-1.7291639417409896,0.07724609375,-0.00756217036396265,0.1,,
1313,8883,29.111044879999998,92.4,302,2689024,3e-05,0.9438361493870616,0.08438348770141602,0.9236626029014587,13120,0.004127496,-1.777067604660988,0.094140625,-0.009858751378487796,0.1,,
,,,,,2690000,3e-05,0.9595917232334614,0.14374607801437378,0.9507848620414734,13130,0.0027566561,-1.6572793155908585,0.08779296875,-0.008277913546771742,0.1,27.932104110717773,90.0
1314,8890,28.747978470000007,92.43,302,2691072,,,,,,,,,,,,
1315,8895,27.83497482,93.66,302,2693120,3e-05,0.9979353789240122,0.17279241979122162,0.9249917268753052,13140,0.0034643859,-1.7720072910189628,0.073681640625,-0.007194977148901671,0.1,,
1316,8901,27.753086370000002,93.91,302,2695168,3e-05,0.8162020832300186,0.11824480444192886,0.9469455480575562,13150,0.004167879,-1.7715216636657716,0.076806640625,-0.010438980418257415,0.1,,
1317,8906,27.122463460000002,94.56,302,2697216,3e-05,0.8671448571607471,0.11630039662122726,0.9462628960609436,13160,0.00366476,-1.788428108394146,0.06630859375,-0.011792800395051017,0.1,,
1318,8912,26.972702549999998,95.11,302,2699264,3e-05,0.7850705968216062,0.06106044352054596,0.9526544213294983,13170,0.0046160547,-1.7646802231669425,0.089599609375,-0.008667740266537294,0.1,,
,,,,,2700000,3e-05,0.7125257728621364,0.07563549280166626,0.9691827893257141,13180,0.0037338668,-1.7813697040081025,0.082177734375,-0.01079462879570201,0.1,18.600399589538576,103.0
1319,8919,27.928178439999996,94.79,302,2701312,,,,,,,,,,,,
1320,8924,28.51536727,94.33,302,2703360,3e-05,0.8864953501150012,0.10766174644231796,0.965053915977478,13190,0.0029574323,-1.7221314907073975,0.064404296875,-0.008571298519382254,0.1,,
1321,8929,28.542263220000006,94.36,302,2705408,3e-05,0.7629465721547604,0.07351202517747879,0.9505143761634827,13200,0.004982082,-1.7779466301202773,0.06982421875,-0.007501076580956579,0.1,,
1322,8934,28.27946101,93.73,303,2707456,3e-05,1.1176603436470032,0.10173283517360687,0.9332596063613892,13210,0.0025548679,-1.76824392080307,0.05576171875,-0.0054578427399974315,0.1,,
1323,8939,28.515401739999998,91.64,303,2709504,3e-05,1.1520962256938219,0.12716513872146606,0.9280600547790527,13220,0.0032085269,-1.75346290320158,0.05888671875,-0.00785683223803062,0.1,,
,,,,,2710000,3e-05,0.7667619215324522,0.0834016501903534,0.9508112072944641,13230,0.0039480003,-1.6398915961384772,0.08486328125,-0.009710473238374106,0.1,31.691241836547853,86.0
1324,8946,27.48316535,93.04,303,2711552,,,,,,,,,,,,
1325,8951,27.59690087,93.4,303,2713600,3e-05,0.6507180886343121,0.09823973476886749,0.957001805305481,13240,0.0050485064,-1.7536353960633277,0.0890625,-0.009806892042979598,0.1,,
1326,8956,27.933154889999997,93.87,303,2715648,3e-05,0.6404954917728901,0.052124541252851486,0.9645146727561951,13250,0.003663489,-1.7324304327368736,0.08642578125,-0.010626926657278091,0.1,,
1327,8962,27.936124399999997,94.63,303,2717696,3e-05,0.6758047614246607,0.06371781975030899,0.9443261027336121,13260,0.003455711,-1.772506447136402,0.076611328125,-0.009287263185251504,0.1,,
1328,8967,27.956493229999996,93.66,303,2719744,3e-05,0.7854625690728426,0.07753845304250717,0.9553638100624084,13270,0.006974815,-1.7610415413975715,0.07841796875,-0.00921152951195836,0.1,,
,,,,,2720000,3e-05,0.7763411836698652,0.08914835751056671,0.948290228843689,13280,0.0036325492,-1.7562205865979195,0.09638671875,-0.008878180867759511,0.1,28.883148002624512,86.2
1329,8974,28.519114579999997,93.18,303,2721792,,,,,,,,,,,,
1330,8980,28.166650859999994,93.16,303,2723840,3e-05,0.7285617856308818,0.09723762422800064,0.9618965983390808,13290,0.003633969,-1.7302493065595628,0.071728515625,-0.009445055504329503,0.1,,
1331,8985,28.593506139999995,92.31,303,2725888,3e-05,0.9090993294492364,0.10768339037895203,0.9354124069213867,13300,0.0040528895,-1.762230560183525,0.071240234375,-0.010618485399754718,0.1,,
1332,8990,28.31474883,92.74,303,2727936,3e-05,0.933086926676333,0.10973196476697922,0.9500195384025574,13310,0.0030762246,-1.6985825344920158,0.0568359375,-0.0075423367321491245,0.1,,
1333,8996,28.895107700000004,92.45,303,2729984,3e-05,0.8008658654987812,0.10267569869756699,0.9597005248069763,13320,0.0035077748,-1.675870205461979,0.056103515625,-0.009512384369736537,0.1,,
,,,,,2730000,3e-05,1.3972257632762193,0.13423451781272888,0.9365227222442627,13330,0.0025401437,-1.6437811866402625,0.0537109375,-0.008337444916833192,0.1,28.748142623901366,89.6
1334,9003,28.69881791,93.41,303,2732032,,,,,,,,,,,,
1335,9008,28.206728870000003,93.8,303,2734080,3e-05,0.9013830546289683,0.10332793742418289,0.9460678696632385,13340,0.0041485773,-1.7187917724251747,0.0943359375,-0.010775146522792056,0.1,,
1336,9013,27.66701606,93.85,303,2736128,3e-05,0.9079118756577372,0.12188597023487091,0.9056301712989807,13350,0.0032760561,-1.7002053156495094,0.06123046875,-0.007909455266781152,0.1,,
1337,9019,27.1240983,93.33,303,2738176,3e-05,0.9172453057020903,0.07783171534538269,0.9346413612365723,13360,0.003516274,-1.8193884879350661,0.063525390625,-0.009634585242019966,0.1,,
,,,,,2740000,3e-05,0.8659266632050275,0.09114248305559158,0.9461637735366821,13370,0.0043236422,-1.7036022230982781,0.0765625,-0.008639977301936597,0.1,25.31569900512695,97.8
1338,9025,26.224498169999997,92.69,303,2740224,,,,,,,,,,,,
1339,9031,26.85911661,92.28,303,2742272,3e-05,0.9205990169197321,0.14869245886802673,0.9262402653694153,13380,0.0046364376,-1.7528076454997064,0.07783203125,-0.008982521231519058,0.1,,
1340,9037,27.618927440000004,92.06,303,2744320,3e-05,0.9713190728798509,0.06707663089036942,0.9515727162361145,13390,0.0042996034,-1.720455887913704,0.082470703125,-0.008924388203013223,0.1,,
1341,9042,26.65157735999999,94.19,303,2746368,3e-05,0.9977550623938441,0.10957866907119751,0.9371418952941895,13400,0.0029705693,-1.6827756687998772,0.081982421875,-0.007145238496013917,0.1,,
1342,9048,27.625534459999997,94.52,303,2748416,3e-05,0.6773437822237611,0.07330465316772461,0.9406437277793884,13410,0.0053181793,-1.7315191760659219,0.08408203125,-0.008314917708048597,0.1,,
,,,,,2750000,3e-05,0.8935002768412232,0.07820163667201996,0.9514952898025513,13420,0.0029483344,-1.6471199080348016,0.06923828125,-0.008551618916681037,0.1,25.1384183883667,96.8
1343,9054,27.715807380000005,94.7,303,2750464,,,,,,,,,,,,
1344,9060,27.27424443,94.71,303,2752512,3e-05,0.6987111058086157,0.05403391644358635,0.963236391544342,13430,0.0036159225,-1.6739271014928818,0.057958984375,-0.009477278825943358,0.1,,
1345,9065,27.183995959999997,95.12,303,2754560,3e-05,1.0525181479752064,0.07879023253917694,0.9160168170928955,13440,0.004133436,-1.73829777687788,0.08359375,-0.009944798506330699,0.1,,
1346,9071,27.461007589999998,94.2,303,2756608,3e-05,0.6249869341030717,0.0521111786365509,0.9531791806221008,13450,0.005787828,-1.684087011218071,0.084765625,-0.011969970123027451,0.1,,
1347,9076,28.346572310000003,92.71,303,2758656,3e-05,0.8309591729193926,0.08986391872167587,0.9428823590278625,13460,0.0042808456,-1.6501657217741013,0.069873046875,-0.008943230757722631,0.1,,
,,,,,2760000,3e-05,0.7825440151616931,0.0673333927989006,0.9524454474449158,13470,0.005191857,-1.7053561568260194,0.100341796875,-0.009702978146378882,0.1,28.642810440063478,94.8
1348,9084,27.94385999,94.26,303,2760704,,,,,,,,,,,,
1349,9089,29.059224420000007,93.23,303,2762752,3e-05,0.9749014791101217,0.10345126688480377,0.9336289167404175,13480,0.003464294,-1.6299650445580482,0.05888671875,-0.007017232247744687,0.1,,
1350,9095,27.92140929,93.57,303,2764800,3e-05,0.7367416130378842,0.07656528800725937,0.9623491764068604,13490,0.0038891449,-1.592607891559601,0.091943359375,-0.01086259035510011,0.1,,
1351,9100,27.42318255,94.25,304,2766848,3e-05,0.9202272092923522,0.05580642446875572,0.9136112332344055,13500,0.0030135566,-1.717357349395752,0.05654296875,-0.009354678686941042,0.1,,
1352,9105,27.19629736,94.38,304,2768896,3e-05,0.7595571383833886,0.09651006013154984,0.9601893424987793,13510,0.0033293786,-1.7029891788959504,0.068603515625,-0.009083453853963874,0.1,,
,,,,,2770000,3e-05,0.8884956791996956,0.07371457666158676,0.9437354803085327,13520,0.0031331237,-1.6218318670988083,0.071142578125,-0.009684295961051248,0.1,18.74595115184784,98.0
1353,9111,26.160999710000002,94.97,304,2770944,,,,,,,,,,,,
1354,9116,26.16947351,95.11,304,2772992,3e-05,1.510344284027815,0.15210261940956116,0.908488929271698,13530,0.0040632873,-1.6816595569252968,0.070556640625,-0.00858979175100103,0.1,,
1355,9122,27.12833307,95.5,304,2775040,3e-05,0.9804434286430478,0.10495579987764359,0.9324871301651001,13540,0.002281542,-1.6267392069101334,0.043798828125,-0.0073105574439978225,0.1,,
1356,9127,26.545886600000003,95.73,304,2777088,3e-05,0.7262507369741797,0.07525180280208588,0.9497568011283875,13550,0.0041050343,-1.6506605103611947,0.07578125,-0.009493933821795508,0.1,,
1357,9132,27.228926660000003,95.07,304,2779136,3e-05,0.7156856287270784,0.0633545070886612,0.9435372948646545,13560,0.0036320265,-1.733946406841278,0.060107421875,-0.007819582839147188,0.1,,
,,,,,2780000,3e-05,0.6448656633496285,0.060871392488479614,0.9563213586807251,13570,0.0045994986,-1.6129518002271652,0.084521484375,-0.010124097380321473,0.1,31.428132629394533,93.0
1358,9137,27.690185630000002,93.97,304,2781184,,,,,,,,,,,,
1359,9143,27.733878419999996,93.12,304,2783232,3e-05,0.7725298460572958,0.055285584181547165,0.9412098526954651,13580,0.0042292504,-1.6138779178261757,0.065478515625,-0.008674345354666001,0.1,,
1360,9148,27.829663739999997,92.49,304,2785280,3e-05,0.7784761503338814,0.13302204012870789,0.9520812630653381,13590,0.0036427625,-1.6428389698266983,0.0654296875,-0.00836396186496131,0.1,,
1361,9153,27.646409219999992,93.28,304,2787328,3e-05,0.9575310552492737,0.11576596647500992,0.9436202645301819,13600,0.0046020173,-1.68079155087471,0.067431640625,-0.008911718914168887,0.1,,
1362,9158,27.63438432,94.16,304,2789376,3e-05,0.8088157014921308,0.0624236986041069,0.9266780614852905,13610,0.0042611184,-1.6888699039816857,0.077978515625,-0.010241006765863859,0.1,,
,,,,,2790000,3e-05,0.9592790059745312,0.10981056094169617,0.9557127356529236,13620,0.0055160034,-1.676871804893017,0.0818359375,-0.009426102513680234,0.1,26.148392486572266,101.0
1363,9164,27.36723285,95.77,304,2791424,,,,,,,,,,,,
1364,9169,27.59911037,95.2,304,2793472,3e-05,1.3522446181625127,0.1875440776348114,0.9012776017189026,13630,0.0032331366,-1.6815852493047714,0.07099609375,-0.007374350205645896,0.1,,
1365,9174,28.062315100000006,95.6,304,2795520,3e-05,0.7101222900673747,0.09097019582986832,0.9551488161087036,13640,0.004318085,-1.607574437558651,0.074755859375,-0.009738638155977242,0.1,,
1366,9179,28.830757130000002,95.85,304,2797568,3e-05,0.57996491715312,0.0726776272058487,0.9727595448493958,13650,0.004628009,-1.6097011014819145,0.077197265625,-0.010388453095220029,0.1,,
1367,9184,28.904374970000003,94.59,304,2799616,3e-05,0.5012117438018322,0.035143207758665085,0.9727545380592346,13660,0.005115503,-1.6112089946866035,0.091845703125,-0.010394170077051967,0.1,,
,,,,,2800000,3e-05,0.7871358985081315,0.04901451617479324,0.9595953226089478,13670,0.0057421997,-1.6785034254193305,0.083056640625,-0.009968165372265502,0.1,35.35648765563965,86.6
1368,9190,28.552395849999996,95.09,304,2801664,,,,,,,,,,,,
1369,9195,27.914624709999995,95.26,304,2803712,3e-05,0.44014484593644737,0.022725757211446762,0.9592729806900024,13680,0.0060200845,-1.6454040214419365,0.10869140625,-0.010186130675720051,0.1,,
1370,9201,27.06006995,95.81,304,2805760,3e-05,0.7956214796751737,0.05610771104693413,0.9399855136871338,13690,0.0037551722,-1.6578617423772812,0.085986328125,-0.008499250008026139,0.1,,
1371,9206,27.272648949999997,95.5,304,2807808,3e-05,0.7706204218789935,0.05785255506634712,0.9394106268882751,13700,0.0030431137,-1.6390566796064376,0.058251953125,-0.009745866939192637,0.1,,
1372,9211,26.74427482,94.67,305,2809856,3e-05,1.274726653471589,0.12033423781394958,0.9134316444396973,13710,0.002909401,-1.7135467574000358,0.06943359375,-0.009227950940839946,0.1,,
,,,,,2810000,3e-05,1.5320373252034187,0.2101133018732071,0.9478923082351685,13720,0.0046027675,-1.68227429240942,0.062255859375,-0.00816189958131872,0.1,30.27039909362793,93.8
1373,9217,27.21781659,94.86,305,2811904,,,,,,,,,,,,
1374,9223,27.14150075,94.39,305,2813952,3e-05,1.4245615523308515,0.12404829263687134,0.9128942489624023,13730,0.0035933545,-1.6606759250164032,0.073974609375,-0.007135973506956361,0.1,,
1375,9228,26.413096279999994,93.22,305,2816000,3e-05,0.7564357886090874,0.08597249537706375,0.9433091878890991,13740,0.006436918,-1.7021759018301963,0.080126953125,-0.010727904542000033,0.1,,
1376,9233,27.544221220000004,93.44,305,2818048,3e-05,0.9889984905719758,0.08353617787361145,0.9433729648590088,13750,0.0039399276,-1.6881864920258522,0.073193359375,-0.00866837334469892,0.1,,
,,,,,2820000,3e-05,0.6112563857808709,0.09198783338069916,0.9681821465492249,13760,0.0050956104,-1.6669146090745925,0.1060546875,-0.009891677062842063,0.1,28.066968536376955,92.2
1377,9239,27.929080799999994,93.26,305,2820096,,,,,,,,,,,,
1378,9244,27.762631469999995,94.09,305,2822144,3e-05,0.9119050443172455,0.11730048805475235,0.9517022967338562,13770,0.0035908245,-1.7306891173124312,0.073291015625,-0.008880621104617603,0.1,,
1379,9249,28.552992390000004,93.37,305,2824192,3e-05,0.8496088057756424,0.0892772376537323,0.9491345286369324,13780,0.0040046265,-1.7066036820411683,0.057861328125,-0.007949836639454588,0.1,,
1380,9254,27.889885250000003,93.83,305,2826240,3e-05,0.8817863292992115,0.07785799354314804,0.9538168907165527,13790,0.004200928,-1.664525155723095,0.0974609375,-0.009592914331005887,0.1,,
1381,9259,27.60951403,93.1,305,2828288,3e-05,0.7939824648201466,0.0823570117354393,0.9361000657081604,13800,0.0050077336,-1.779021018743515,0.101416015625,-0.0079763614165131,0.1,,
,,,,,2830000,3e-05,0.7974524926394224,0.08020427823066711,0.9445446133613586,13810,0.0031904443,-1.6780357360839844,0.06669921875,-0.010193876241100953,0.1,30.012780380249023,90.4
1382,9265,26.810643790000004,94.84,305,2830336,,,,,,,,,,,,
1383,9270,26.79128305,94.17,305,2832384,3e-05,1.4306204907596112,0.16229715943336487,0.9097723364830017,13820,0.0029620274,-1.734272538125515,0.071728515625,-0.00927839697978925,0.1,,
1384,9275,26.716738950000003,94.48,305,2834432,3e-05,1.3316414948552846,0.17950254678726196,0.9267661571502686,13830,0.003278594,-1.7068673372268677,0.0658203125,-0.008832330515724606,0.1,,
1385,9280,27.219738969999995,94.28,305,2836480,3e-05,0.6982236513867974,0.0619775727391243,0.9542927742004395,13840,0.005870716,-1.694419799745083,0.10908203125,-0.010139255109243095,0.1,,
1386,9286,27.211250280000005,94.92,305,2838528,3e-05,0.5644355328753591,0.06284185498952866,0.9667830467224121,13850,0.004699014,-1.6621628999710083,0.087060546875,-0.009047746344003826,0.1,,
,,,,,2840000,3e-05,1.1520563000813127,0.07834040373563766,0.9334220290184021,13860,0.0029224171,-1.727192720770836,0.058544921875,-0.0073446987196803095,0.1,21.848828125,93.6
1387,9292,27.528220810000004,94.01,305,2840576,,,,,,,,,,,,
1388,9298,28.636560190000004,93.14,305,2842624,3e-05,1.3005595039576292,0.24666094779968262,0.9372457265853882,13870,0.002841968,-1.65883716493845,0.05400390625,-0.008931255960487761,0.1,,
1389,9303,27.898685819999997,93.6,305,2844672,3e-05,1.2432701084762812,0.1241685003042221,0.9389962553977966,13880,0.0039433353,-1.6380831524729729,0.063623046875,-0.00867835302487947,0.1,,
1390,9308,27.96699512,93.62,305,2846720,3e-05,0.8021839883178472,0.08454371988773346,0.9401735663414001,13890,0.004920875,-1.714223375916481,0.08876953125,-0.012439385772449896,0.1,,
1391,9314,27.78921296,92.82,305,2848768,3e-05,0.8205781381577253,0.11113202571868896,0.9240434169769287,13900,0.0040643467,-1.6269987240433692,0.073095703125,-0.010157955955946818,0.1,,
,,,,,2850000,3e-05,0.8199780330061912,0.12308897823095322,0.9490662217140198,13910,0.003508483,-1.6489138156175613,0.06748046875,-0.009389020092203281,0.1,30.916971969604493,96.2
1392,9320,27.493151380000004,92.71,305,2850816,,,,,,,,,,,,
1393,9325,27.641582619999998,92.95,305,2852864,3e-05,1.1730096150189637,0.1349196434020996,0.9274661540985107,13920,0.002954143,-1.7138708606362343,0.073974609375,-0.008247727490379475,0.1,,
1394,9330,28.240556430000005,93.21,305,2854912,3e-05,0.9443773297592998,0.0945381224155426,0.9376080632209778,13930,0.004376529,-1.6981487974524498,0.080615234375,-0.00903596006683074,0.1,,
1395,9335,27.54379617,94.08,306,2856960,3e-05,1.0469185054302215,0.1024772897362709,0.9364646673202515,13940,0.004209158,-1.7419821485877036,0.07138671875,-0.010364062536973506,0.1,,
1396,9341,27.83591736,94.39,306,2859008,3e-05,0.8011373814195395,0.10695356130599976,0.9562131762504578,13950,0.0050402945,-1.6671583354473114,0.07744140625,-0.009682757570408285,0.1,,
,,,,,2860000,3e-05,1.123108678124845,0.15239550173282623,0.9494832158088684,13960,0.003632026,-1.6449001833796502,0.065234375,-0.008156739114201627,0.1,24.182906723022462,93.6
1397,9347,28.216353879999996,93.84,306,2861056,,,,,,,,,,,,
1398,9352,27.424781210000003,95.12,306,2863104,3e-05,0.9980584815144539,0.14429105818271637,0.9410651326179504,13970,0.0030087586,-1.6818421363830567,0.075341796875,-0.009300031763268634,0.1,,
1399,9357,28.074833130000005,94.03,306,2865152,3e-05,0.7545278919860721,0.07579460740089417,0.9430533647537231,13980,0.005560652,-1.7539348691701888,0.074951171875,-0.010309750959277154,0.1,,
1400,9362,27.74823986,94.1,306,2867200,3e-05,0.8952448492869735,0.08839240670204163,0.9541349411010742,13990,0.00452963,-1.6798169612884521,0.0859375,-0.010276066057849675,0.1,,
1401,9367,27.653493060000002,93.75,306,2869248,3e-05,0.8006143916398287,0.12108385562896729,0.9614847302436829,14000,0.0038232252,-1.8112062722444535,0.074853515625,-0.011613652377855032,0.1,,
,,,,,2870000,3e-05,0.9297598568722606,0.09101970493793488,0.9504038095474243,14010,0.0038597498,-1.7315310329198836,0.08037109375,-0.00816378421150148,0.1,32.22962913513184,90.6
1402,9373,27.418471649999997,93.63,306,2871296,,,,,,,,,,,,
1403,9379,27.311242160000003,93.88,306,2873344,3e-05,0.7671466700732708,0.08881110697984695,0.942259669303894,14020,0.0039781732,-1.7699078768491745,0.0962890625,-0.010756089809001423,0.1,,
1404,9384,27.996555889999996,94.21,306,2875392,3e-05,1.0133812092244625,0.10707245022058487,0.9326578974723816,14030,0.003151493,-1.6631031066179276,0.084228515625,-0.007538942291284911,0.1,,
1405,9389,28.12677185,94.28,306,2877440,3e-05,0.6501541113480925,0.07274645566940308,0.9597773551940918,14040,0.003668657,-1.644587081670761,0.072509765625,-0.01111987546319142,0.1,,
1406,9395,28.61374541,94.33,306,2879488,3e-05,0.7579333439469338,0.11445458978414536,0.9677402377128601,14050,0.0037865364,-1.7079076677560807,0.07470703125,-0.008275596343446523,0.1,,
,,,,,2880000,3e-05,0.9630271200090647,0.10557211190462112,0.9326743483543396,14060,0.0043574125,-1.6673062086105346,0.095703125,-0.007900896170758643,0.1,26.30036849975586,96.8
1407,9401,28.98828763,94.31,306,2881536,,,,,,,,,,,,
1408,9407,28.21275729,94.4,306,2883584,3e-05,0.9830155139788985,0.134499654173851,0.9439725279808044,14070,0.0033289609,-1.6541928514838218,0.076953125,-0.008923663152381777,0.1,,
1409,9412,28.283641809999995,94.06,306,2885632,3e-05,1.0101322997361422,0.10449981689453125,0.9436162114143372,14080,0.003805569,-1.6332785785198212,0.061279296875,-0.009766170437796973,0.1,,
1410,9417,27.806975680000004,94.27,306,2887680,3e-05,1.1472167018800974,0.1118268072605133,0.9076967835426331,14090,0.0040838327,-1.68541476726532,0.058837890625,-0.008223548214300536,0.1,,
1411,9423,27.84515689,94.71,306,2889728,3e-05,0.8429806372150779,0.06812124699354172,0.9373375177383423,14100,0.0040469877,-1.719826404750347,0.074462890625,-0.008935008173284586,0.1,,
,,,,,2890000,3e-05,0.8058875449001789,0.05795728787779808,0.9579179883003235,14110,0.0037103174,-1.6382583498954773,0.07919921875,-0.007533335383050144,0.1,31.188695907592773,94.0
1412,9429,27.721992329999992,94.74,306,2891776,,,,,,,,,,,,
1413,9435,27.08667622,94.52,306,2893824,3e-05,0.9863915398716927,0.12363361567258835,0.9429380893707275,14120,0.004871208,-1.7073184862732886,0.104150390625,-0.011194312619045377,0.1,,
1414,9440,27.59197997,93.67,306,2895872,3e-05,0.9679435737431049,0.09260804951190948,0.9267964363098145,14130,0.0060548596,-1.6735024437308312,0.070361328125,-0.008628805115586146,0.1,,
1415,9446,27.759284620000006,94.08,306,2897920,3e-05,0.49445807179436085,0.0338091105222702,0.9641369581222534,14140,0.004509771,-1.6506706818938255,0.103662109375,-0.008667138201417401,0.1,,
1416,9451,27.517948900000007,93.66,306,2899968,3e-05,0.4950107954442501,0.045886315405368805,0.9702867269515991,14150,0.007238854,-1.6930213794112206,0.094970703125,-0.01116935817990452,0.1,,
,,,,,2900000,3e-05,0.5764985762536525,0.03496367484331131,0.9657890200614929,14160,0.0061504915,-1.7028363689780235,0.0828125,-0.010505737300263718,0.1,30.98594741821289,97.6
1417,9458,28.211334990000005,94.55,306,2902016,,,,,,,,,,,,
1418,9463,28.56052968,94.99,306,2904064,3e-05,0.8781108109280467,0.08646826446056366,0.94392991065979,14170,0.0037464658,-1.690013486146927,0.080712890625,-0.010739310941426083,0.1,,
1419,9468,28.943662360000005,94.83,306,2906112,3e-05,0.7077746814116835,0.046655260026454926,0.9519100785255432,14180,0.004323814,-1.7123944655060768,0.09765625,-0.009893427015049383,0.1,,
1420,9473,29.058500270000003,94.68,306,2908160,3e-05,0.5821193713694811,0.06638877093791962,0.9686704874038696,14190,0.0054303394,-1.628525210916996,0.097607421875,-0.01053015916259028,0.1,,
,,,,,2910000,3e-05,0.7355890238657594,0.12834042310714722,0.9641812443733215,14200,0.005359558,-1.6214965596795081,0.09990234375,-0.007755786154302768,0.1,29.116896438598634,89.8
1421,9479,28.825087300000003,93.65,306,2910208,,,,,,,,,,,,
1422,9484,28.84499052,93.47,307,2912256,3e-05,0.885047622397542,0.07126221805810928,0.9450006484985352,14210,0.00396621,-1.6750938534736632,0.075439453125,-0.010259945242432877,0.1,,
1423,9489,28.860625099999996,93.02,307,2914304,3e-05,0.5120152996852994,0.07935735583305359,0.9701979756355286,14220,0.0048115524,-1.7073983818292617,0.0916015625,-0.010070577205624431,0.1,,
1424,9494,28.332674469999997,91.86,307,2916352,3e-05,1.0200882501900197,0.1341135948896408,0.9391332864761353,14230,0.0042358665,-1.6985345274209975,0.062255859375,-0.008269428712083027,0.1,,
1425,9499,28.244166730000003,92.78,307,2918400,3e-05,0.9126190206035971,0.11300932615995407,0.9486566781997681,14240,0.0033817452,-1.679572907090187,0.067919921875,-0.009737715974915772,0.1,,
,,,,,2920000,3e-05,0.7895610053092241,0.08955217152833939,0.9550690054893494,14250,0.0035723168,-1.6919108361005784,0.068798828125,-0.009277071617543698,0.1,22.711358261108398,93.4
1426,9506,28.55650402,92.55,307,2920448,,,,,,,,,,,,
1427,9511,27.773194519999997,92.77,307,2922496,3e-05,1.133622593432665,0.17028546333312988,0.9195448160171509,14260,0.0056072264,-1.6840063437819481,0.089599609375,-0.01153611660702154,0.1,,
1428,9516,27.571225849999998,93.51,307,2924544,3e-05,0.8255659438669681,0.09111082553863525,0.946431040763855,14270,0.004121002,-1.6876723766326904,0.081689453125,-0.009649081149837003,0.1,,
1429,9522,27.675454059999996,93.71,307,2926592,3e-05,0.7370707726106047,0.08190682530403137,0.9456219673156738,14280,0.005129294,-1.720087543129921,0.07548828125,-0.009750036464538425,0.1,,
1430,9527,27.67249021,93.48,307,2928640,3e-05,0.8486874081194401,0.08325274288654327,0.9305505156517029,14290,0.005871946,-1.702094641327858,0.101220703125,-0.006490771850803867,0.1,,
,,,,,2930000,3e-05,0.7413724396377802,0.07556917518377304,0.9475805759429932,14300,0.0052560666,-1.6877464175224304,0.082568359375,-0.008446160244056955,0.1,22.145132064819336,95.4
1431,9534,26.76318855,94.73,307,2930688,,,,,,,,,,,,
1432,9539,27.2537767,95.42,307,2932736,3e-05,1.6040778882801532,0.10408870130777359,0.8993439674377441,14310,0.0033874414,-1.7442177563905716,0.090185546875,-0.008590835175709799,0.1,,
1433,9545,27.784986149999995,95.25,307,2934784,3e-05,0.9311821363866329,0.09550352394580841,0.9542949795722961,14320,0.0044888463,-1.6413063257932663,0.068701171875,-0.009636477514868602,0.1,,
1434,9550,28.795618129999998,93.82,307,2936832,3e-05,0.8421189948916435,0.07113226503133774,0.9464290142059326,14330,0.0047951513,-1.5869535773992538,0.0794921875,-0.009144289913820103,0.1,,
1435,9555,27.960361179999996,94.38,307,2938880,3e-05,0.9021196080371737,0.12254896014928818,0.9520989656448364,14340,0.0034355368,-1.686644534766674,0.0865234375,-0.006655574520118534,0.1,,
,,,,,2940000,3e-05,0.8310066150501371,0.061395302414894104,0.9484595060348511,14350,0.0043873293,-1.6728378608822823,0.083740234375,-0.010485216701636092,0.1,28.23600044250488,96.2
1436,9562,28.524306180000007,93.18,307,2940928,,,,,,,,,,,,
1437,9567,28.16616831,93.59,307,2942976,3e-05,1.78971558958292,0.149602472782135,0.9113323092460632,14360,0.0036832883,-1.6835392877459525,0.07294921875,-0.007382730883546173,0.1,,
1438,9573,27.477608050000004,93.92,307,2945024,3e-05,0.7549535695463419,0.08227472007274628,0.939464807510376,14370,0.0034308634,-1.6168489426374435,0.066845703125,-0.0098451725410996,0.1,,
1439,9578,27.6121299,94.33,307,2947072,3e-05,0.8556881338357926,0.09386424720287323,0.9467945098876953,14380,0.0043224143,-1.645247606933117,0.077587890625,-0.009354953817091883,0.1,,
1440,9584,28.1826534,94.42,307,2949120,3e-05,0.8152722239494323,0.08483180403709412,0.9457011222839355,14390,0.00411014,-1.667640681564808,0.070556640625,-0.010745967784896494,0.1,,
,,,,,2950000,3e-05,0.6909970439970493,0.055619604885578156,0.9621789455413818,14400,0.0044844835,-1.6885611578822135,0.092578125,-0.008925287332385779,0.1,28.145417785644533,97.6
1441,9590,28.065698859999998,93.7,307,2951168,,,,,,,,,,,,
1442,9596,27.661776430000003,94.87,307,2953216,3e-05,0.8141602292656899,0.07535575330257416,0.9363744258880615,14410,0.004440001,-1.728017045557499,0.08115234375,-0.010122893686639146,0.1,,
1443,9602,27.83356879,95.32,307,2955264,3e-05,0.8250591052696109,0.07377594709396362,0.9255290031433105,14420,0.004389817,-1.700975926220417,0.086865234375,-0.010713428744929842,0.1,,
1444,9607,28.600784750000003,94.49,307,2957312,3e-05,0.6764529516920448,0.03698045760393143,0.9483603239059448,14430,0.0052548205,-1.612958227097988,0.080810546875,-0.008365164126735181,0.1,,
1445,9613,28.505289520000005,94.97,307,2959360,3e-05,0.60890022944659,0.05279313027858734,0.9482689499855042,14440,0.0046413094,-1.6322497382760048,0.089599609375,-0.011314430717902724,0.1,,
,,,,,2960000,3e-05,0.5989090289920569,0.05161835998296738,0.952847957611084,14450,0.00426414,-1.6430744633078576,0.090185546875,-0.010901044885395094,0.1,28.398388671875,94.6
1446,9619,28.248493810000003,93.96,307,2961408,,,,,,,,,,,,
1447,9624,28.297782400000003,92.69,307,2963456,3e-05,1.3549992609769106,0.22479814291000366,0.8944148421287537,14460,0.0057683038,-1.6839993968605995,0.104736328125,-0.010248301120009273,0.1,,
1448,9630,27.527576689999997,92.11,307,2965504,3e-05,0.8036046611145139,0.09343159943819046,0.9512206315994263,14470,0.0030761487,-1.708819681406021,0.0693359375,-0.008869393749046139,0.1,,
1449,9635,27.133962920000002,92.05,307,2967552,3e-05,0.8324986351653934,0.08959867060184479,0.9361435174942017,14480,0.003872182,-1.7328702509403229,0.0958984375,-0.008185561426216736,0.1,,
1450,9640,27.482976400000002,92.02,308,2969600,3e-05,1.0774374498054384,0.09857960045337677,0.9280751347541809,14490,0.0027393561,-1.6763562649488448,0.06494140625,-0.00797105964156799,0.1,,
,,,,,2970000,3e-05,0.8477477587759494,0.09700727462768555,0.9250609874725342,14500,0.0032580828,-1.7132014006376266,0.06953125,-0.010294393787626177,0.1,27.141138076782227,92.8
1451,9646,26.311410360000004,93.48,308,2971648,,,,,,,,,,,,
1452,9651,27.04992171,93.68,308,2973696,3e-05,1.7691730890423059,0.26943251490592957,0.8623531460762024,14510,0.0028515123,-1.7844309270381928,0.050927734375,-0.0077180042979307474,0.1,,
1453,9656,27.404421199999998,93.16,308,2975744,3e-05,1.4067015267908574,0.18610072135925293,0.9302060008049011,14520,0.002690974,-1.6877408161759377,0.06259765625,-0.007270007632905617,0.1,,
1454,9661,27.649454679999998,93.15,308,2977792,3e-05,0.7678210403770208,0.08448372781276703,0.9570932388305664,14530,0.003566179,-1.7928031340241433,0.07822265625,-0.010247276432346552,0.1,,
1455,9666,28.39532907,92.14,308,2979840,3e-05,1.1074842985719442,0.08284211158752441,0.9128282070159912,14540,0.0034643982,-1.7538436636328698,0.071435546875,-0.010838926344877108,0.1,,
,,,,,2980000,3e-05,0.6906563319265843,0.07921901345252991,0.9616835713386536,14550,0.0044680624,-1.7644023597240448,0.080859375,-0.007821740105282516,0.1,21.73557052612305,103.2
1456,9673,28.41975919,92.28,308,2981888,,,,,,,,,,,,
1457,9678,28.165889080000003,92.67,308,2983936,3e-05,1.0866138383746147,0.1008695438504219,0.936347484588623,14560,0.0033739395,-1.715033483505249,0.078076171875,-0.008966919430531562,0.1,,
1458,9683,28.50032677,93.33,308,2985984,3e-05,1.2422399170696736,0.1488676369190216,0.9343595504760742,14570,0.0027739224,-1.7260690465569497,0.073291015625,-0.00880214383942075,0.1,,
1459,9689,28.531721660000002,92.92,308,2988032,3e-05,0.7817621676251292,0.06888684630393982,0.9572886228561401,14580,0.006130579,-1.7280891850590705,0.073291015625,-0.010409691755194217,0.1,,
,,,,,2990000,3e-05,0.8537620509043335,0.10567562282085419,0.957719624042511,14590,0.004301746,-1.7837850078940392,0.099462890625,-0.01069893196108751,0.1,30.483929443359376,90.2
1460,9695,28.40569693000001,93.33,308,2990080,,,,,,,,,,,,
1461,9700,28.371339390000003,94.35,308,2992128,3e-05,0.9024356586858631,0.10548684746026993,0.9480375051498413,14600,0.0052075917,-1.7584581837058066,0.09111328125,-0.008048254845198244,0.1,,
1462,9705,28.14989228,94.98,308,2994176,3e-05,0.6561838252469897,0.07764489203691483,0.9595256447792053,14610,0.0052915546,-1.7592567160725594,0.0837890625,-0.012321617209818215,0.1,,
1463,9711,27.529470300000003,94.78,308,2996224,3e-05,0.5374984476715327,0.041911426931619644,0.9721723198890686,14620,0.0062352386,-1.7735082894563674,0.12607421875,-0.012888672869303263,0.1,,
1464,9716,27.527076310000005,95.01,308,2998272,3e-05,0.9847912058234215,0.07681681960821152,0.9393972754478455,14630,0.004787815,-1.7042419284582138,0.08486328125,-0.011752020558924414,0.1,,
,,,,,3000000,3e-05,0.8002477873116731,0.07258249819278717,0.9516733288764954,14640,0.0036886935,-1.6962740108370782,0.0841796875,-0.01105208910885267,0.1,32.071522903442386,95.2
1465,9723,27.58731946,94.46,308,3000320,,,,,,,,,,,,
1466,9728,27.83234917,92.87,308,3002368,3e-05,1.460690963640809,0.18057188391685486,0.9108580350875854,14650,0.0037477561,-1.7372008726000785,0.079541015625,-0.00981852108379826,0.1,,
1467,9734,28.37990555,92.62,308,3004416,3e-05,0.8801017286255955,0.07799791544675827,0.9605579376220703,14660,0.0030022212,-1.6841592341661453,0.06640625,-0.009156194751267322,0.1,,
1468,9739,28.923251110000006,92.25,308,3006464,3e-05,0.7916448064148426,0.04906361922621727,0.9516211748123169,14670,0.0051046177,-1.7041926398873328,0.082861328125,-0.010505929036298767,0.1,,
1469,9745,28.49766232,92.09,308,3008512,3e-05,0.536895708553493,0.06199381500482559,0.9683073163032532,14680,0.005872705,-1.7381447777152061,0.1,-0.012228292593499645,0.1,,
,,,,,3010000,3e-05,1.0912007557228207,0.09815047681331635,0.9309878349304199,14690,0.0033550782,-1.7526347145438195,0.077001953125,-0.008144568651914597,0.1,31.5793514251709,88.6
1470,9751,27.76998864,93.65,308,3010560,,,,,,,,,,,,
1471,9757,28.24541203,93.28,308,3012608,3e-05,0.9570818766951561,0.1244157925248146,0.932761549949646,14700,0.0039258664,-1.6860364019870757,0.085009765625,-0.009262303763534874,0.1,,
1472,9762,28.011031019999997,93.24,308,3014656,3e-05,0.7988518666476011,0.12756940722465515,0.9589176774024963,14710,0.004618593,-1.7394570663571358,0.081787109375,-0.010741562041221186,0.1,,
1473,9768,28.389556849999998,93.66,308,3016704,3e-05,0.7242821801453829,0.0549103319644928,0.9608768224716187,14720,0.0033144646,-1.7107795178890228,0.0748046875,-0.011848625636775977,0.1,,
1474,9773,29.683620780000005,92.69,308,3018752,3e-05,0.6940393516793847,0.057459503412246704,0.9607746005058289,14730,0.0047448184,-1.6784407317638397,0.09931640625,-0.010732654191087931,0.1,,
,,,,,3020000,3e-05,0.7178956305608153,0.09106601029634476,0.9573467373847961,14740,0.005404447,-1.66963379830122,0.0955078125,-0.010552582191303372,0.1,33.49781532287598,93.0
1475,9779,29.72497653,92.46,308,3020800,,,,,,,,,,,,
1476,9785,29.044928090000003,93.44,308,3022848,3e-05,0.8982673969119788,0.14033882319927216,0.9447965025901794,14750,0.0037947316,-1.6992538645863533,0.07197265625,-0.01002512700506486,0.1,,
1477,9790,28.620061390000004,93.44,308,3024896,3e-05,0.9213841585442424,0.0719882994890213,0.9287616014480591,14760,0.0044659805,-1.6228346258401871,0.06376953125,-0.00927831526787486,0.1,,
1478,9795,27.847379330000003,94.31,309,3026944,3e-05,0.6948710333555936,0.05505646765232086,0.9513891339302063,14770,0.0047920044,-1.6618697717785835,0.08603515625,-0.011902796296635643,0.1,,
1479,9801,29.08711872,94.51,309,3028992,3e-05,0.8699850007891655,0.04208121448755264,0.9169676899909973,14780,0.004098381,-1.6924156814813613,0.07490234375,-0.009763938304968179,0.1,,
,,,,,3030000,3e-05,0.6504378018900752,0.05645786225795746,0.9688348770141602,14790,0.0043474697,-1.6303072825074196,0.10166015625,-0.006709458466502838,0.1,30.176190185546876,94.2
1480,9807,27.81189995,95.84,309,3031040,,,,,,,,,,,,
1481,9812,27.734496280000002,96.05,309,3033088,3e-05,0.8272114971652627,0.06765250861644745,0.9271724820137024,14800,0.004271025,-1.6764266178011895,0.096240234375,-0.010332003835355864,0.1,,
1482,9818,28.044405730000005,96.49,309,3035136,3e-05,1.0247398659586906,0.09403333067893982,0.9302515387535095,14810,0.0042327316,-1.6684837147593499,0.074365234375,-0.01094447880750522,0.1,,
1483,9823,28.00598414999999,96.34,309,3037184,3e-05,0.8747326117008924,0.07764805853366852,0.9558078050613403,14820,0.006199662,-1.641889488697052,0.09892578125,-0.009469191063544713,0.1,,
1484,9829,26.940849469999993,95.94,309,3039232,3e-05,0.6699867634102702,0.055592842400074005,0.9495221376419067,14830,0.0038042534,-1.6230347737669946,0.075390625,-0.008210291864816099,0.1,,
,,,,,3040000,3e-05,0.534415889531374,0.04725132882595062,0.956464946269989,14840,0.0053753257,-1.643829160928726,0.080126953125,-0.011059442700934596,0.1,30.47055778503418,85.8
1485,9835,27.1338079,95.09,309,3041280,,,,,,,,,,,,
1486,9841,27.874517530000002,93.3,309,3043328,3e-05,0.6532909402623772,0.04335513710975647,0.944706916809082,14850,0.005546063,-1.6580289050936698,0.10380859375,-0.007346281537320465,0.1,,
1487,9846,28.318325710000003,92.36,309,3045376,3e-05,0.6660803088918328,0.08287996053695679,0.9467594027519226,14860,0.004512413,-1.6044700771570206,0.0947265625,-0.010651419224450365,0.1,,
1488,9851,28.770201500000002,91.77,309,3047424,3e-05,0.6483070254325867,0.06455820798873901,0.95887690782547,14870,0.0043389234,-1.6047584801912307,0.08046875,-0.01069680425862316,0.1,,
1489,9856,28.837620410000003,92.53,309,3049472,3e-05,0.9983739115297794,0.06845958530902863,0.9394439458847046,14880,0.00207096,-1.6600418284535408,0.0599609375,-0.008855744067113846,0.1,,
,,,,,3050000,3e-05,0.5711254499852657,0.07359647750854492,0.9613091349601746,14890,0.0037608733,-1.6290738716721536,0.091796875,-0.008843547175638377,0.1,24.922773361206055,99.0
1490,9862,29.12058403,91.91,309,3051520,,,,,,,,,,,,
1491,9867,29.07005713000001,92.59,309,3053568,3e-05,0.8088889310136438,0.08138483762741089,0.9490667581558228,14900,0.0037037802,-1.624958521127701,0.069677734375,-0.008627803236595354,0.1,,
1492,9872,28.626346980000005,93.19,309,3055616,3e-05,0.8180209705606103,0.14174646139144897,0.9551027417182922,14910,0.004428006,-1.6012210130691529,0.06494140625,-0.009109188878210262,0.1,,
1493,9877,28.189540689999994,93.55,309,3057664,3e-05,1.0622354455292224,0.11267966777086258,0.9370388388633728,14920,0.0035505653,-1.5951443165540695,0.065283203125,-0.00798292348627001,0.1,,
1494,9882,29.20829674,92.65,309,3059712,3e-05,0.6351912593469023,0.05830380320549011,0.9402614235877991,14930,0.0040996238,-1.6270297095179558,0.07373046875,-0.010459677167818881,0.1,,
,,,,,3060000,3e-05,0.691235950961709,0.08632916212081909,0.9593586921691895,14940,0.00353408,-1.5897830232977868,0.089990234375,-0.0109323443233734,0.1,31.569180297851563,98.2
1495,9888,29.02943065,92.79,309,3061760,,,,,,,,,,,,
1496,9893,28.72556095,93.34,309,3063808,3e-05,1.0418274169787765,0.19146353006362915,0.9388623237609863,14950,0.0037205012,-1.6336934566497803,0.05166015625,-0.009214912596507929,0.1,,
1497,9898,28.51358933,92.92,309,3065856,3e-05,0.873408324830234,0.08796288073062897,0.9472509622573853,14960,0.0039208797,-1.6735094740986824,0.07900390625,-0.007826273716636934,0.1,,
1498,9903,27.670578519999996,93.56,309,3067904,3e-05,0.7403366006910801,0.09694498777389526,0.950525164604187,14970,0.0035566508,-1.6717229038476944,0.0693359375,-0.009787367231911048,0.1,,
1499,9908,27.092706439999997,94.4,309,3069952,3e-05,0.7388253206387162,0.07172568142414093,0.9478711485862732,14980,0.0036670412,-1.6421361759305,0.064306640625,-0.00908660219865851,0.1,,
,,,,,3070000,3e-05,0.9449869129806757,0.07348456978797913,0.9316717982292175,14990,0.0038370397,-1.6732535868883134,0.055224609375,-0.008954914909554645,0.1,25.09825744628906,93.0
1500,9914,27.07262893,95.91,309,3072000,,,,,,,,,,,,
1501,9919,26.735344839999996,96.62,309,3074048,3e-05,0.9239485610276461,0.05270839482545853,0.9569457769393921,15000,0.0031442577,-1.6624909445643425,0.068017578125,-0.009433563140919431,0.1,,
1502,9924,26.683193000000006,96.83,309,3076096,3e-05,1.0669096229597925,0.08126996457576752,0.9307241439819336,15010,0.002952224,-1.6752308800816536,0.068798828125,-0.008395192254101857,0.1,,
1503,9929,27.639144349999995,95.28,309,3078144,3e-05,1.1364564757794142,0.11486764252185822,0.926008403301239,15020,0.0030645295,-1.6553294971585273,0.06533203125,-0.009653307225380558,0.1,,
,,,,,3080000,3e-05,0.6898035915568471,0.10768870264291763,0.956144392490387,15030,0.0039427727,-1.6454495698213578,0.07783203125,-0.010131778608774766,0.1,24.04509754180908,93.6
1504,9936,28.306313059999997,93.79,309,3080192,,,,,,,,,,,,
1505,9941,28.312776230000004,93.07,310,3082240,3e-05,1.0320376243442297,0.10677658766508102,0.9486240148544312,15040,0.0031348632,-1.671650269627571,0.06875,-0.008938447653781623,0.1,,
1506,9946,28.702230740000005,92.37,310,3084288,3e-05,0.9221289424225688,0.06410044431686401,0.9565469026565552,15050,0.003966063,-1.670379491150379,0.0833984375,-0.010074393652030268,0.1,,
1507,9952,28.736993119999998,93.72,310,3086336,3e-05,1.0622894294559955,0.08628140389919281,0.9463973641395569,15060,0.004785966,-1.6530625939369201,0.085498046875,-0.009779703701497056,0.1,,
1508,9957,27.38162835,94.73,310,3088384,3e-05,0.6926384713500738,0.05094310641288757,0.9493430256843567,15070,0.004213595,-1.6605149939656259,0.09873046875,-0.01232899929746054,0.1,,
,,,,,3090000,3e-05,0.7063578806817532,0.06614993512630463,0.9418057203292847,15080,0.006216061,-1.6927181199193,0.089501953125,-0.009033516043564305,0.1,21.440437412261964,92.2
1509,9963,28.41030439,93.19,310,3090432,,,,,,,,,,,,
1510,9968,27.310064319999995,94.36,310,3092480,3e-05,0.8335323764011264,0.0835018903017044,0.9548755884170532,15090,0.0035794026,-1.6666463270783425,0.092041015625,-0.010308567446190863,0.1,,
1511,9973,27.112690380000004,95.31,310,3094528,3e-05,1.100274945050478,0.07825104892253876,0.9213567972183228,15100,0.0036324353,-1.6533990189433099,0.064453125,-0.008776895009214058,0.1,,
1512,9978,28.100949299999996,93.02,310,3096576,3e-05,0.6037109868600965,0.06894226372241974,0.9483553171157837,15110,0.007834377,-1.6764470130205154,0.112255859375,-0.012082372227450833,0.1,,
1513,9983,28.3908221,92.76,310,3098624,3e-05,0.8969733508303761,0.10932701826095581,0.9297351837158203,15120,0.005053147,-1.5955519914627074,0.06904296875,-0.009110792598221451,0.1,,
,,,,,3100000,3e-05,0.5773534640669823,0.06725072860717773,0.9592660665512085,15130,0.004461401,-1.629807135462761,0.0916015625,-0.011096404620911927,0.1,25.665974259376526,92.4
1514,9990,28.202653160000004,93.92,310,3100672,,,,,,,,,,,,
1515,9995,27.912115610000004,94.14,310,3102720,3e-05,1.2649922288954258,0.09993193298578262,0.9287285804748535,15140,0.0034318143,-1.668789853155613,0.08857421875,-0.011402711417758837,0.1,,
1516,10000,28.109171260000004,94.36,310,3104768,3e-05,1.0933990105986595,0.13655343651771545,0.9343909621238708,15150,0.0028048232,-1.6825951159000396,0.06650390625,-0.00937243879889138,0.1,,
1517,10005,27.362313150000006,94.99,310,3106816,3e-05,0.7085427410900593,0.08837848901748657,0.9456066489219666,15160,0.008314453,-1.627695794403553,0.08681640625,-0.009218286073883064,0.1,,
1518,10010,27.087693369999993,95.95,310,3108864,3e-05,0.991823599115014,0.07723000645637512,0.9320675730705261,15170,0.0036062596,-1.7309098824858666,0.082470703125,-0.008235191370476968,0.1,,
,,,,,3110000,3e-05,0.5803033845499158,0.07709478586912155,0.9636985063552856,15180,0.0043200906,-1.6822173088788985,0.084375,-0.011160816851770505,0.1,28.875359725952148,96.8
1519,10017,26.643973869999996,95.63,310,3110912,,,,,,,,,,,,
1520,10022,28.26263159,94.28,310,3112960,3e-05,0.8090143375098705,0.06964501738548279,0.949739396572113,15190,0.004265522,-1.7320661455392838,0.0845703125,-0.011467844762955792,0.1,,
1521,10028,27.83020388,93.7,310,3115008,3e-05,0.7139017662033439,0.06869788467884064,0.9588372707366943,15200,0.004464098,-1.624119845032692,0.086083984375,-0.010253005690174177,0.1,,
1522,10033,28.87285849,92.56,310,3117056,3e-05,1.4548137929290532,0.10537661612033844,0.9119877815246582,15210,0.0051923846,-1.6333329170942306,0.081982421875,-0.008294342941371723,0.1,,
1523,10038,28.57654892,92.92,310,3119104,3e-05,0.9777647528797389,0.10584217309951782,0.9355176091194153,15220,0.0037236856,-1.6213039800524711,0.08818359375,-0.007894636443234048,0.1,,
,,,,,3120000,3e-05,0.7327538825571537,0.0842965766787529,0.9410927295684814,15230,0.004474012,-1.7396080300211907,0.088330078125,-0.011150070704752579,0.1,28.09983558654785,92.0
1524,10045,28.471760319999994,92.55,310,3121152,,,,,,,,,,,,
1525,10050,27.210139599999998,93.85,310,3123200,3e-05,1.083102437481284,0.13426195085048676,0.9251008629798889,15240,0.0032394119,-1.7012226000428199,0.06484375,-0.007552165648667142,0.1,,
1526,10055,27.45098578,93.93,310,3125248,3e-05,1.1859614871442319,0.1122959554195404,0.9135766625404358,15250,0.003454963,-1.7130994468927383,0.066845703125,-0.009957066702190787,0.1,,
1527,10060,27.48501663,93.98,310,3127296,3e-05,0.8756517004221678,0.11436854302883148,0.9419689774513245,15260,0.004773909,-1.632834792137146,0.0765625,-0.009670547855785116,0.1,,
1528,10066,27.173959139999997,94.02,310,3129344,3e-05,1.046817671880126,0.08670449256896973,0.9399403929710388,15270,0.0032825617,-1.693174061179161,0.0701171875,-0.009891304958728142,0.1,,
,,,,,3130000,3e-05,1.211798619478941,0.14917492866516113,0.9269626140594482,15280,0.004806614,-1.724962705373764,0.077734375,-0.009952440578490495,0.1,29.335307693481447,90.8
1529,10072,26.578762029999996,94.08,310,3131392,,,,,,,,,,,,
1530,10078,26.952940510000005,94.77,310,3133440,3e-05,2.2063081309199335,0.23571932315826416,0.9048592448234558,15290,0.002664288,-1.794912578165531,0.058251953125,-0.007356516036088579,0.1,,
1531,10083,26.71421261,93.84,310,3135488,3e-05,1.2197671383619308,0.145051509141922,0.924842119216919,15300,0.0045197736,-1.7336315780878067,0.075439453125,-0.010381209338083864,0.1,,
1532,10089,26.92605869,93.12,310,3137536,3e-05,1.0333436099812388,0.10438288748264313,0.9495699405670166,15310,0.0040332205,-1.7161364555358887,0.08369140625,-0.009880155682913028,0.1,,
1533,10094,27.334749699999993,92.8,311,3139584,3e-05,1.119380359351635,0.1385987401008606,0.9234606027603149,15320,0.003476507,-1.75918902605772,0.074267578125,-0.011195904671330937,0.1,,
,,,,,3140000,3e-05,0.887807916663587,0.06684975326061249,0.9332674145698547,15330,0.0046699764,-1.711086530983448,0.094580078125,-0.012109405756928027,0.1,24.363518905639648,99.8
1534,10101,27.01910987,94.27,311,3141632,,,,,,,,,,,,
1535,10106,28.275216849999996,93.15,311,3143680,3e-05,1.5808920085430145,0.18649818003177643,0.9167109131813049,15340,0.004422689,-1.7614521160721779,0.106005859375,-0.010083297111850697,0.1,,
1536,10111,28.245040200000002,94.01,311,3145728,3e-05,0.9079512398689985,0.1118902713060379,0.9601297974586487,15350,0.003987225,-1.6717682376503944,0.081884765625,-0.0109311334323138,0.1,,
1537,10116,28.002525269999996,94.36,311,3147776,3e-05,1.0222110025584699,0.10061553865671158,0.9468857049942017,15360,0.0049983365,-1.7298431530594827,0.0876953125,-0.009879995667142793,0.1,,
1538,10121,28.807620120000003,92.05,311,3149824,3e-05,0.8636180715635419,0.080304816365242,0.9501701593399048,15370,0.0038892976,-1.7608233287930488,0.09208984375,-0.011570526324794628,0.1,,
,,,,,3150000,3e-05,0.958872215077281,0.12802663445472717,0.930126428604126,15380,0.0045650518,-1.7157269924879075,0.07529296875,-0.009606530843302607,0.1,30.595758056640626,94.4
1539,10127,28.150565550000007,92.7,311,3151872,,,,,,,,,,,,
1540,10132,27.82379803,92.41,311,3153920,3e-05,1.9307375483214855,0.1930728256702423,0.893134355545044,15390,0.0015625929,-1.7533217549324036,0.03642578125,-0.007072418928146362,0.1,,
1541,10137,27.573569180000003,92.69,311,3155968,3e-05,0.9384253654628992,0.10246670991182327,0.9587538838386536,15400,0.003647821,-1.7649568930268287,0.073291015625,-0.012108754488872364,0.1,,
1542,10142,27.396733670000003,93.8,311,3158016,3e-05,1.4285636119544507,0.1627613604068756,0.9230486154556274,15410,0.0038978837,-1.7665296584367751,0.07294921875,-0.007981767668388784,0.1,,
,,,,,3160000,3e-05,0.8714674342423677,0.12434548139572144,0.9532667398452759,15420,0.0038834387,-1.6946668356657029,0.071533203125,-0.011099116696277634,0.1,14.286823391914368,103.4
1543,10149,27.230935499999998,93.84,311,3160064,,,,,,,,,,,,
1544,10154,27.813257020000005,94.29,311,3162112,3e-05,0.9724592786282301,0.0980110764503479,0.9394018054008484,15430,0.005433708,-1.7280101761221887,0.076806640625,-0.010859777871519326,0.1,,
1545,10160,27.652305259999995,94.41,311,3164160,3e-05,1.209097134694457,0.14136438071727753,0.9181997179985046,15440,0.0036334377,-1.693958653509617,0.09912109375,-0.010850097540242132,0.1,,
1546,10165,28.95704228,93.95,311,3166208,3e-05,1.0631677519530058,0.0968717634677887,0.9267767667770386,15450,0.0040309303,-1.7366888746619225,0.089208984375,-0.010735745160491205,0.1,,
1547,10170,28.61144926,93.49,311,3168256,3e-05,0.8370440613478423,0.0909135639667511,0.9571889042854309,15460,0.0065859454,-1.6430750831961631,0.132568359375,-0.008233916939934716,0.1,,
,,,,,3170000,3e-05,0.7851748887449503,0.10832919925451279,0.9566295742988586,15470,0.0033476306,-1.7318201392889023,0.10078125,-0.010554362804396079,0.1,33.447505950927734,89.4
1548,10177,28.108146689999998,94.78,311,3170304,,,,,,,,,,,,
1549,10183,28.19390269,93.86,311,3172352,3e-05,0.8635673211887479,0.07835771143436432,0.9544133543968201,15480,0.0053192065,-1.8012501150369644,0.082373046875,-0.01179622208001092,0.1,,
1550,10188,27.79288713,94.28,311,3174400,3e-05,1.2540778905153274,0.14199921488761902,0.8921228051185608,15490,0.004117379,-1.73196332603693,0.0701171875,-0.011051247513387352,0.1,,
1551,10194,28.495384360000003,92.29,311,3176448,3e-05,0.8797605860978365,0.10653215646743774,0.9464427828788757,15500,0.0042468878,-1.7245961815118789,0.085888671875,-0.00982179502316285,0.1,,
1552,10199,29.60144992,92.38,311,3178496,3e-05,0.7458570972084999,0.06395180523395538,0.9592117667198181,15510,0.0054288097,-1.6841046988964081,0.0931640625,-0.011937957385089248,0.1,,
,,,,,3180000,3e-05,0.7928907427936792,0.08570349216461182,0.9658588767051697,15520,0.006477211,-1.6955884531140328,0.09560546875,-0.008691784157417715,0.1,23.243938064575197,96.8
1553,10205,29.610016699999996,92.05,311,3180544,,,,,,,,,,,,
1554,10210,29.86653054,91.35,311,3182592,3e-05,0.6794206520542503,0.07006232440471649,0.9537198543548584,15530,0.00499873,-1.7047079145908355,0.105224609375,-0.011520602431846782,0.1,,
1555,10215,29.839175639999993,91.88,311,3184640,3e-05,0.6842110894620419,0.07316780090332031,0.948333740234375,15540,0.005978798,-1.6851217791438102,0.090185546875,-0.01178283491753973,0.1,,
1556,10220,29.300478179999995,92.6,311,3186688,3e-05,0.7334500709548593,0.07721629738807678,0.9546889066696167,15550,0.0055479775,-1.696750470995903,0.10458984375,-0.011753944575320929,0.1,,
1557,10226,28.48603638,93.4,311,3188736,3e-05,0.8455008842051029,0.05845928192138672,0.9411610960960388,15560,0.004674347,-1.6782231613993646,0.077490234375,-0.011559184483485297,0.1,,
,,,,,3190000,3e-05,1.02316028252244,0.11326970160007477,0.937816321849823,15570,0.0041478747,-1.7646995082497596,0.077880859375,-0.010673973668599502,0.1,39.46806106567383,88.2
1558,10232,28.741898940000002,94.08,311,3190784,,,,,,,,,,,,
1559,10237,28.45733714,94.12,311,3192832,3e-05,0.7924820324406028,0.08177126944065094,0.9639418721199036,15580,0.003887773,-1.708736489713192,0.084912109375,-0.011704276426462457,0.1,,
1560,10242,28.152566239999995,94.29,311,3194880,3e-05,1.2151976831257343,0.20738907158374786,0.9506919980049133,15590,0.0038972665,-1.7296531543135643,0.074755859375,-0.011879127187421545,0.1,,
1561,10248,27.575859719999993,94.58,311,3196928,3e-05,0.6736677890643478,0.07673265784978867,0.9559229612350464,15600,0.007027117,-1.707541935145855,0.129638671875,-0.012915948563022538,0.1,,
1562,10253,28.125858939999997,94.13,311,3198976,3e-05,1.2483804728835821,0.09887044131755829,0.9228484630584717,15610,0.004660287,-1.7018776550889014,0.090478515625,-0.011151035543298349,0.1,,
,,,,,3200000,3e-05,1.2158661257475614,0.13621965050697327,0.9333314895629883,15620,0.0035032048,-1.6449583530426026,0.083056640625,-0.009923912564408966,0.1,31.180759811401366,96.4
1563,10259,29.101283430000002,93.15,312,3201024,,,,,,,,,,,,
1564,10264,28.4646397,93.82,312,3203072,3e-05,1.6251249991357326,0.3420017957687378,0.917370080947876,15630,0.0033654324,-1.639280265569687,0.06181640625,-0.007620680896798149,0.1,,
1565,10270,28.68877661,93.45,312,3205120,3e-05,0.9165210565552115,0.09882098436355591,0.9210794568061829,15640,0.0033103349,-1.7422329857945442,0.0890625,-0.01179436625679955,0.1,,
1566,10275,29.52174922,93.2,312,3207168,3e-05,1.0804151054471731,0.12733504176139832,0.9294738173484802,15650,0.002880496,-1.7087699636816978,0.0748046875,-0.009180852066492662,0.1,,
1567,10281,28.37931963,94.45,312,3209216,3e-05,0.9253452079370618,0.09050378203392029,0.9452887177467346,15660,0.0029661427,-1.705252930521965,0.069873046875,-0.010039826517459004,0.1,,
,,,,,3210000,3e-05,1.1228928139433265,0.08994683623313904,0.924202024936676,15670,0.0042950707,-1.7554850727319717,0.074609375,-0.009738089732127263,0.1,28.163042068481445,95.4
1568,10287,27.903647030000002,93.98,312,3211264,,,,,,,,,,,,
1569,10293,27.69505983,94.44,312,3213312,3e-05,0.8502090794965624,0.08877675980329514,0.9306355714797974,15680,0.0045107864,-1.743650145828724,0.08486328125,-0.011252256849547847,0.1,,
1570,10298,27.64016089,94.09,312,3215360,3e-05,1.379943498596549,0.16392377018928528,0.9046686291694641,15690,0.0035341997,-1.7691865861415863,0.07958984375,-0.010001692519290372,0.1,,
1571,10304,27.335640799999997,93.91,312,3217408,3e-05,0.9237963240593672,0.11443749815225601,0.945334792137146,15700,0.0043620355,-1.7283897414803504,0.08349609375,-0.009914958255831153,0.1,,
1572,10309,27.427360750000002,93.03,312,3219456,3e-05,0.8164577681571246,0.06971704214811325,0.933455228805542,15710,0.004845842,-1.7215915128588677,0.109375,-0.011162362672621384,0.1,,
,,,,,3220000,3e-05,1.0051391515880823,0.10007353127002716,0.9333335757255554,15720,0.004645612,-1.792024353146553,0.092431640625,-0.011622539110248908,0.1,35.00416450500488,88.0
1573,10315,27.754200910000005,93.4,312,3221504,,,,,,,,,,,,
1574,10321,27.98642088,92.83,312,3223552,3e-05,0.9115851115435362,0.14395736157894135,0.9375298619270325,15730,0.0027934692,-1.7340048462152482,0.06875,-0.009123956691473723,0.1,,
1575,10326,27.669563630000006,93.89,312,3225600,3e-05,1.0933528140187263,0.119150310754776,0.942132830619812,15740,0.0062629487,-1.7862518683075905,0.10888671875,-0.010377407725900411,0.1,,
1576,10332,27.23983506999999,94.36,312,3227648,3e-05,1.0143400244414806,0.09183494746685028,0.9512026309967041,15750,0.003153264,-1.7525270983576775,0.10537109375,-0.007024761513457633,0.1,,
1577,10338,26.535540190000006,93.87,312,3229696,3e-05,0.8649273999035358,0.1003090888261795,0.9297618865966797,15760,0.0032993404,-1.8116040587425233,0.0666015625,-0.010327800383674913,0.1,,
,,,,,3230000,3e-05,1.5808027930557729,0.22292612493038177,0.9266268610954285,15770,0.004188765,-1.8857670590281486,0.074755859375,-0.010369158335379325,0.1,30.632393264770506,96.2
1578,10344,26.480064740000003,94.4,312,3231744,,,,,,,,,,,,
1579,10349,26.148486520000002,94.58,312,3233792,3e-05,1.4476049326360225,0.13585858047008514,0.8965266346931458,15780,0.0047576474,-1.7903551921248435,0.096826171875,-0.009203230537241324,0.1,,
1580,10354,26.820788930000003,94.31,312,3235840,3e-05,1.1225045332685113,0.11320079863071442,0.916141152381897,15790,0.002983993,-1.7835909008979798,0.081103515625,-0.007997436146251858,0.1,,
1581,10360,26.59146251,93.81,312,3237888,3e-05,1.0211675580590964,0.0975164920091629,0.94486403465271,15800,0.003765865,-1.74770644903183,0.080517578125,-0.011648644795059226,0.1,,
1582,10365,27.052617530000003,93.97,312,3239936,3e-05,1.1224425991997122,0.115777388215065,0.9096395373344421,15810,0.0041649886,-1.8169281765818597,0.0720703125,-0.01104891435825266,0.1,,
,,,,,3240000,3e-05,0.775970041565597,0.10178011655807495,0.9574647545814514,15820,0.0052985577,-1.7261412635445594,0.112109375,-0.010840431919496041,0.1,32.39774856567383,90.4
1583,10372,26.774826549999997,95.26,312,3241984,,,,,,,,,,,,
1584,10378,26.92564865,95.17,312,3244032,3e-05,1.4795847252011298,0.14043669402599335,0.9038119316101074,15830,0.0037034685,-1.8273077875375747,0.075439453125,-0.010036505103926174,0.1,,
1585,10383,27.464928110000002,95.18,312,3246080,3e-05,0.6013448277488351,0.03954789415001869,0.9732652902603149,15840,0.005466206,-1.8132898569107057,0.11904296875,-0.013982023231801578,0.1,,
1586,10389,28.42956175000001,95.81,312,3248128,3e-05,0.755281631834805,0.07495104521512985,0.9521667957305908,15850,0.005580201,-1.7158619955182075,0.115234375,-0.010610799764981494,0.1,,
,,,,,3250000,3e-05,0.7530245363712311,0.1332062929868698,0.9515412449836731,15860,0.0051906426,-1.7410126507282258,0.12900390625,-0.011733817047206685,0.1,32.88579635620117,94.6
1587,10396,28.284194440000007,94.74,312,3250176,,,,,,,,,,,,
1588,10401,28.45151923,94.92,312,3252224,3e-05,1.0766407135874032,0.12200507521629333,0.9405794739723206,15870,0.006125252,-1.7966649785637856,0.086279296875,-0.011068934394279495,0.1,,
1589,10406,28.326438300000003,95.08,312,3254272,3e-05,0.9776221456006169,0.0796159952878952,0.9354816675186157,15880,0.0052521653,-1.7086353242397307,0.112744140625,-0.010368570627178997,0.1,,
1590,10412,28.082345439999997,94.24,312,3256320,3e-05,0.9172902496531605,0.09573591500520706,0.9493224024772644,15890,0.0045853425,-1.7904197990894317,0.091162109375,-0.012175595085136593,0.1,,
1591,10417,27.465026139999996,94.48,312,3258368,3e-05,1.0672415358945728,0.13831377029418945,0.9275142550468445,15900,0.004095312,-1.7046289443969727,0.090380859375,-0.009718173486180603,0.1,,
,,,,,3260000,3e-05,0.7839209388941526,0.09519204497337341,0.9396572113037109,15910,0.0058170804,-1.7702320903539657,0.095556640625,-0.011322316830046475,0.1,33.54851875305176,94.4
1592,10423,28.370041380000004,93.49,312,3260416,,,,,,,,,,,,
1593,10428,28.56134839,93.08,312,3262464,3e-05,1.0183933667838574,0.11770394444465637,0.9490707516670227,15920,0.0052192044,-1.7199496433138848,0.117041015625,-0.01010286743985489,0.1,,
1594,10433,28.370816229999996,93.58,312,3264512,3e-05,0.883805357478559,0.1023939698934555,0.9534863233566284,15930,0.0048610084,-1.6849421843886376,0.109521484375,-0.011016251955879852,0.1,,
1595,10439,28.728209829999997,93.6,312,3266560,3e-05,0.6091234045103192,0.056575044989585876,0.9551851749420166,15940,0.0058219694,-1.7743326708674432,0.110498046875,-0.011156232346547768,0.1,,
1596,10445,29.25299432,94.18,312,3268608,3e-05,0.8831567000597715,0.10954481363296509,0.9547052383422852,15950,0.0037950154,-1.716670024394989,0.0859375,-0.010375843980000354,0.1,,
,,,,,3270000,3e-05,0.6014675669372082,0.036690980195999146,0.9636789560317993,15960,0.0056224847,-1.7128446683287621,0.121533203125,-0.009067282272735611,0.1,32.66394195556641,96.2
1597,10451,29.06225156,95.13,312,3270656,,,,,,,,,,,,
1598,10456,29.68018494,93.6,312,3272704,3e-05,1.6966937243938447,0.3212672472000122,0.8953995704650879,15970,0.0031876029,-1.7356727808713912,0.072998046875,-0.009298716782359407,0.1,,
1599,10462,29.182229309999997,94.46,312,3274752,3e-05,0.6395083904266358,0.04248364642262459,0.9458991289138794,15980,0.0045574065,-1.671762727200985,0.09599609375,-0.011770777346100658,0.1,,
1600,10468,28.6344092,94.15,313,3276800,3e-05,0.7447260165587067,0.07450488209724426,0.9471598863601685,15990,0.0037797727,-1.7509136751294136,0.0779296875,-0.01116007097880356,0.1,,
1601,10473,27.990755609999997,94.42,313,3278848,3e-05,1.6088395070284605,0.12292079627513885,0.9030280709266663,16000,0.0042448887,-1.72794399112463,0.07763671875,-0.010899490874726326,0.1,,
,,,,,3280000,3e-05,1.2523235641419888,0.12785392999649048,0.9056996703147888,16010,0.0039227083,-1.7583740890026092,0.09443359375,-0.010302269324893133,0.1,30.761341857910157,86.6
1602,10479,27.674223,94.48,313,3280896,,,,,,,,,,,,
1603,10485,27.17785849,95.05,313,3282944,3e-05,1.4970823097974062,0.21851034462451935,0.9289601445198059,16020,0.004277966,-1.7956883385777473,0.086767578125,-0.009644227838725783,0.1,,
1604,10490,27.269482089999997,94.99,313,3284992,3e-05,1.0782459124922752,0.09832195192575455,0.9325605630874634,16030,0.005242757,-1.6623684778809547,0.092919921875,-0.011456717975670471,0.1,,
1605,10496,27.659321400000003,93.81,313,3287040,3e-05,1.1001125425100327,0.12855522334575653,0.931612491607666,16040,0.0039885305,-1.7353235870599746,0.07998046875,-0.011312919351621532,0.1,,
1606,10501,27.78756505,93.02,313,3289088,3e-05,0.9391214156523346,0.06068989634513855,0.9396799802780151,16050,0.0075627966,-1.7264532387256621,0.1197265625,-0.01137838737340644,0.1,,
,,,,,3290000,3e-05,0.8111472712829709,0.06029904633760452,0.9491897225379944,16060,0.0057846224,-1.679415662586689,0.106396484375,-0.010993814462563024,0.1,25.284335613250732,95.4
1607,10508,27.740230479999994,93.17,313,3291136,,,,,,,,,,,,
1608,10514,27.760735140000005,93.27,313,3293184,3e-05,1.4447103913873434,0.1709045022726059,0.9207288026809692,16070,0.003247885,-1.7441500127315521,0.0888671875,-0.009115582404774614,0.1,,
1609,10519,27.699969510000003,94.05,313,3295232,3e-05,0.941865417920053,0.1000128984451294,0.932756245136261,16080,0.0048854654,-1.6809233903884888,0.111474609375,-0.0096191651551635,0.1,,
1610,10525,28.011881199999998,95.07,313,3297280,3e-05,1.0326539434492588,0.13412457704544067,0.9203609824180603,16090,0.004477797,-1.682841892540455,0.084130859375,-0.012288130191154777,0.1,,
1611,10530,27.93368642,95.19,313,3299328,3e-05,0.7345355976372957,0.0542619451880455,0.9541389346122742,16100,0.006289915,-1.6993575558066367,0.1185546875,-0.011574307113187387,0.1,,
,,,,,3300000,3e-05,0.9208235196769238,0.08992347121238708,0.9225143194198608,16110,0.0043102293,-1.6555820390582086,0.07978515625,-0.01124603598145768,0.1,29.285876655578612,94.2
1612,10536,28.31381621,95.2,313,3301376,,,,,,,,,,,,
1613,10542,28.510540639999995,94.89,313,3303424,3e-05,0.8712266098707915,0.07256420701742172,0.9410567283630371,16120,0.0055851303,-1.7310480624437332,0.1109375,-0.008580219297436997,0.1,,
1614,10547,28.330840719999998,94.48,313,3305472,3e-05,0.9823063669726253,0.08432324230670929,0.9352614283561707,16130,0.0035904385,-1.7097243621945382,0.08564453125,-0.00845758636132814,0.1,,
1615,10552,28.507652420000003,94.18,313,3307520,3e-05,1.1051850475370883,0.1560302972793579,0.9357077479362488,16140,0.0051756706,-1.637457986176014,0.0736328125,-0.010598584200488403,0.1,,
1616,10557,28.923180040000002,93.95,313,3309568,3e-05,0.7040458589792251,0.06548372656106949,0.9597470760345459,16150,0.009305601,-1.6882711812853812,0.122509765625,-0.011013007559813558,0.1,,
,,,,,3310000,3e-05,0.5111886041238904,0.04613761603832245,0.9676616191864014,16160,0.0078791035,-1.672559417784214,0.119873046875,-0.010250378138152882,0.1,28.11422462463379,97.4
1617,10564,29.594789810000005,93.36,313,3311616,,,,,,,,,,,,
1618,10570,29.090673749999997,93.33,313,3313664,3e-05,0.9487249257043004,0.06916703283786774,0.94584721326828,16170,0.0062663886,-1.6462269201874733,0.088525390625,-0.007687754102516919,0.1,,
1619,10575,29.782811760000005,92.91,313,3315712,3e-05,0.6728675667196512,0.055664435029029846,0.9517579078674316,16180,0.0062141316,-1.69838025867939,0.100634765625,-0.011780590188573114,0.1,,
1620,10581,29.07822072,92.9,313,3317760,3e-05,0.6489224296063185,0.04832180216908455,0.9599102139472961,16190,0.0063471394,-1.6990730136632919,0.121875,-0.00977533641125774,0.1,,
1621,10586,29.432276149999993,92.01,313,3319808,3e-05,1.0532907880842686,0.08709245920181274,0.9109806418418884,16200,0.0064034793,-1.7184154599905015,0.098779296875,-0.012462413805769757,0.1,,
,,,,,3320000,3e-05,0.8939431570470333,0.08667770773172379,0.9572590589523315,16210,0.0043313364,-1.6310504451394081,0.098876953125,-0.008414317437564022,0.1,36.00533256530762,82.2
1622,10593,28.973561870000005,93.27,313,3321856,,,,,,,,,,,,
1623,10598,28.75477085,94.62,313,3323904,3e-05,1.1946955990046262,0.1426425278186798,0.9278407692909241,16220,0.0040576663,-1.7495920091867447,0.07744140625,-0.011678878008387983,0.1,,
1624,10604,28.635306420000003,94.79,313,3325952,3e-05,0.9992868207395077,0.08971493691205978,0.9400404095649719,16230,0.003955719,-1.7037787348031999,0.084912109375,-0.010654356895247474,0.1,,
1625,10609,28.534769569999998,95.33,313,3328000,3e-05,1.3689939744770527,0.11509185284376144,0.9221670031547546,16240,0.0044526546,-1.7257529944181442,0.120751953125,-0.006332784189726226,0.1,,
,,,,,3330000,3e-05,1.2705434542149305,0.08944272994995117,0.9258193373680115,16250,0.0059128385,-1.7162368699908257,0.08427734375,-0.011529129929840565,0.1,35.13038368225098,90.0
1626,10615,28.853206190000005,94.19,313,3330048,,,,,,,,,,,,
1627,10620,28.61613267,94.92,313,3332096,3e-05,0.7658310083672404,0.09119755774736404,0.9509314894676208,16260,0.0054692514,-1.7034186944365501,0.1052734375,-0.010166131076402962,0.1,,
1628,10626,27.87642108,94.98,313,3334144,3e-05,0.514382840692997,0.02512051910161972,0.9555601477622986,16270,0.006851388,-1.7158210813999175,0.10478515625,-0.011397320014657453,0.1,,
1629,10631,28.116793290000004,94.42,313,3336192,3e-05,1.2946154717355967,0.09959389269351959,0.9089541435241699,16280,0.0034568936,-1.7007705599069596,0.07607421875,-0.00962350094341673,0.1,,
1630,10636,28.4878489,93.54,313,3338240,3e-05,0.6299487812444567,0.08625970780849457,0.9617397785186768,16290,0.008724467,-1.6719582676887512,0.107275390625,-0.011661217259097611,0.1,,
,,,,,3340000,3e-05,0.735367500782013,0.06083989888429642,0.9534622430801392,16300,0.0052049505,-1.6424986898899079,0.098681640625,-0.012320791571983136,0.1,29.466165924072264,89.0
1631,10642,28.85370782,93.2,313,3340288,,,,,,,,,,,,
1632,10648,29.570983100000003,92.15,313,3342336,3e-05,0.8612931374460459,0.10038057714700699,0.9631362557411194,16310,0.0048703984,-1.664871408045292,0.086328125,-0.010741477442206816,0.1,,
1633,10653,29.308632760000005,92.42,313,3344384,3e-05,0.7295816157013177,0.07560910284519196,0.9468374252319336,16320,0.00814129,-1.708252176642418,0.121923828125,-0.01248268005438149,0.1,,
1634,10658,29.775857109999997,92.54,313,3346432,3e-05,0.7411313556134701,0.06300622224807739,0.9608956575393677,16330,0.005214297,-1.7575473979115486,0.110791015625,-0.012928415910573676,0.1,,
1635,10664,29.780469369999995,93.1,313,3348480,3e-05,0.8872802734375,0.10240121185779572,0.9528113603591919,16340,0.0039914954,-1.7093896135687827,0.076953125,-0.010940606889198535,0.1,,
,,,,,3350000,3e-05,1.0946119751781225,0.17756158113479614,0.9344609379768372,16350,0.00369548,-1.688039407134056,0.088232421875,-0.009935088836937212,0.1,28.974743270874022,98.4
1636,10670,29.159645800000003,93.91,313,3350528,,,,,,,,,,,,
1637,10676,28.395160819999997,95.19,314,3352576,3e-05,0.4783397021703422,0.02868093177676201,0.9663299322128296,16360,0.005835437,-1.6782773733139038,0.11787109375,-0.012999784419662319,0.1,,
1638,10681,28.267224270000007,94.18,314,3354624,3e-05,1.3359007678925992,0.159580260515213,0.9171617031097412,16370,0.0034184854,-1.7353917822241782,0.0986328125,-0.009474355564452707,0.1,,
1639,10686,28.14576118,93.61,314,3356672,3e-05,0.9795454554259777,0.08299744129180908,0.9379322528839111,16380,0.004854453,-1.7622832730412483,0.093310546875,-0.014082034275634214,0.1,,
1640,10691,27.860951109999995,93.04,314,3358720,3e-05,1.7914273276925088,0.20498372614383698,0.9000764489173889,16390,0.0037987595,-1.722244994342327,0.07822265625,-0.01150048488052562,0.1,,
,,,,,3360000,3e-05,0.8614188745617867,0.09616405516862869,0.9429269433021545,16400,0.004361391,-1.730526465177536,0.10751953125,-0.009000684507191182,0.1,23.642646026611327,95.4
1641,10697,27.500213310000007,93.91,314,3360768,,,,,,,,,,,,
1642,10703,28.29987488,93.18,314,3362816,3e-05,0.9615300297737122,0.08291177451610565,0.948170006275177,16410,0.0037545247,-1.7129595190286637,0.084228515625,-0.012616163553320802,0.1,,
1643,10708,29.24881801,93.19,314,3364864,3e-05,1.014584344998002,0.10268418490886688,0.9442185163497925,16420,0.0038626415,-1.6891708299517632,0.081787109375,-0.01002707170555368,0.1,,
1644,10713,29.741031519999996,92.57,314,3366912,3e-05,0.7933578163385391,0.10712316632270813,0.9580576419830322,16430,0.004511307,-1.6797805696725845,0.10869140625,-0.011117926210863516,0.1,,
1645,10719,29.583976010000004,93.13,314,3368960,3e-05,1.2102110974490643,0.15544094145298004,0.9307992458343506,16440,0.0036750666,-1.72133010327816,0.087890625,-0.012460106675280257,0.1,,
,,,,,3370000,3e-05,1.3005121313035488,0.13981230556964874,0.9179520010948181,16450,0.0036278432,-1.7363862112164496,0.08251953125,-0.009960121678886935,0.1,20.44179515838623,95.0
1646,10725,28.610856619999996,92.53,314,3371008,,,,,,,,,,,,
1647,10730,28.6573499,92.47,314,3373056,3e-05,1.254563270509243,0.17200018465518951,0.9299786686897278,16460,0.0035561265,-1.729215134680271,0.079248046875,-0.011808230960741638,0.1,,
1648,10735,27.960977890000002,93.05,314,3375104,3e-05,1.173268585652113,0.1390206217765808,0.9352841377258301,16470,0.0039590066,-1.6947633177042007,0.089599609375,-0.01224261784227565,0.1,,
1649,10740,27.40210545,92.98,314,3377152,3e-05,1.1629453681409359,0.11296451836824417,0.9359868764877319,16480,0.0042946753,-1.7577778443694114,0.093798828125,-0.011999377812026068,0.1,,
1650,10746,27.129190039999997,93.29,314,3379200,3e-05,0.8209637854248285,0.0694810152053833,0.9469960331916809,16490,0.00531887,-1.684084340929985,0.105126953125,-0.0127439631454763,0.1,,
,,,,,3380000,3e-05,1.1787859376519918,0.11724941432476044,0.9113703966140747,16500,0.003565154,-1.7776734337210656,0.083154296875,-0.01166723708738573,0.1,31.571858978271486,95.6
1651,10752,26.79132161,95.09,314,3381248,,,,,,,,,,,,
1652,10757,26.947398259999996,95.62,314,3383296,3e-05,2.087415115535259,0.3850545585155487,0.8882724046707153,16510,0.0029004635,-1.7608258053660393,0.075390625,-0.009268698850064538,0.1,,
1653,10762,27.468093479999997,94.75,314,3385344,3e-05,1.216937205195427,0.1430271714925766,0.9185671806335449,16520,0.0038303938,-1.7682244032621384,0.090234375,-0.01139194478164427,0.1,,
1654,10767,27.7454796,94.52,314,3387392,3e-05,0.9212919471785426,0.07259190082550049,0.943010687828064,16530,0.005947343,-1.7361784800887108,0.09306640625,-0.010444041303708218,0.1,,
1655,10772,27.881990270000006,93.35,314,3389440,3e-05,1.1486377708613873,0.10244789719581604,0.9424844980239868,16540,0.0063305176,-1.7116303950548173,0.126220703125,-0.013288822278263978,0.1,,
,,,,,3390000,3e-05,1.203558948263526,0.12731552124023438,0.9121172428131104,16550,0.0043959357,-1.7879352644085884,0.09326171875,-0.011173587711527943,0.1,29.663851928710937,88.4
1656,10778,27.984980249999992,93.59,314,3391488,,,,,,,,,,,,
1657,10783,27.822236699999998,93.02,314,3393536,3e-05,0.6857329560443759,0.07724329084157944,0.9591488838195801,16560,0.0053335214,-1.782308903336525,0.115234375,-0.011970705911517143,0.1,,
1658,10789,27.413311280000002,93.3,314,3395584,3e-05,0.8036053674295545,0.08975651860237122,0.9429892301559448,16570,0.004404071,-1.7531502321362495,0.094482421875,-0.010732068793731741,0.1,,
1659,10794,26.71675446,92.4,314,3397632,3e-05,0.8190672986209393,0.11952350288629532,0.9572797417640686,16580,0.0037693956,-1.7610229134559632,0.081103515625,-0.010664121268928285,0.1,,
1660,10799,27.054023629999996,93.2,314,3399680,3e-05,1.3103216420859098,0.10741713643074036,0.9243545532226562,16590,0.0034320636,-1.740633176267147,0.08681640625,-0.010627490971819498,0.1,,
,,,,,3400000,3e-05,0.7724498096853495,0.09492088854312897,0.9539887309074402,16600,0.0046823015,-1.7508203402161597,0.101708984375,-0.011272573610767722,0.1,24.28530044555664,99.4
1661,10805,27.184957399999995,92.98,314,3401728,,,,,,,,,,,,
1662,10810,28.260562989999997,92.16,314,3403776,3e-05,0.9792966946959496,0.07949317246675491,0.9527872800827026,16610,0.007858211,-1.7387701287865638,0.100341796875,-0.010508521701558493,0.1,,
1663,10815,28.544229250000004,92.65,314,3405824,3e-05,1.1092483382672071,0.13923627138137817,0.9477799534797668,16620,0.0071078246,-1.7408309489488603,0.10361328125,-0.01116408167872578,0.1,,
1664,10820,28.70154332,92.98,314,3407872,3e-05,1.0633996576070786,0.10995369404554367,0.9407923817634583,16630,0.0034932955,-1.765630406141281,0.12900390625,-0.008012494869763031,0.1,,
1665,10825,28.490429859999995,92.81,314,3409920,3e-05,0.8763904511928559,0.1250043511390686,0.9508658051490784,16640,0.005122438,-1.724863976240158,0.1078125,-0.010814218310406432,0.1,,
,,,,,3410000,3e-05,0.8844810612499714,0.07031521201133728,0.9488232731819153,16650,0.004981843,-1.7835561901330947,0.104248046875,-0.01158308646408841,0.1,25.877222061157227,98.4
1666,10831,28.65870409,93.25,314,3411968,,,,,,,,,,,,
1667,10836,28.36699622,93.56,315,3414016,3e-05,1.0025774385780095,0.14683394134044647,0.9465643763542175,16660,0.0072010225,-1.7360963389277457,0.1171875,-0.01013030435424298,0.1,,
1668,10842,28.369398319999995,93.46,315,3416064,3e-05,0.8664698753505945,0.0765123963356018,0.9505169987678528,16670,0.0041697863,-1.781828400492668,0.085546875,-0.011782757187029346,0.1,,
1669,10848,28.269593509999996,93.41,315,3418112,3e-05,0.8483362143859268,0.10648664087057114,0.9496444463729858,16680,0.0055021835,-1.7029326111078262,0.106591796875,-0.011154542746953666,0.1,,
,,,,,3420000,3e-05,0.47852303814142944,0.0442323237657547,0.9620792269706726,16690,0.0074049532,-1.6824912205338478,0.132763671875,-0.012043832783820107,0.1,26.512725257873534,91.6
1670,10854,28.500098020000006,92.91,315,3420160,,,,,,,,,,,,
1671,10859,28.03237344,92.0,315,3422208,3e-05,0.8323947794735431,0.09249374270439148,0.9414056539535522,16700,0.00481088,-1.7268984898924828,0.106201171875,-0.010177452024072409,0.1,,
1672,10864,28.243311509999998,91.92,315,3424256,3e-05,1.1388131149113179,0.0921122133731842,0.9137342572212219,16710,0.0063782334,-1.7410874605178832,0.099365234375,-0.010124689040821977,0.1,,
1673,10870,27.922845470000006,92.09,315,3426304,3e-05,1.2228013295680285,0.13058629631996155,0.915142834186554,16720,0.0060358346,-1.773627045750618,0.1005859375,-0.010725936014205217,0.1,,
1674,10876,28.689802320000002,91.62,315,3428352,3e-05,1.1459552362561225,0.12949122488498688,0.9311740398406982,16730,0.003928296,-1.7435216531157494,0.102490234375,-0.011878157500177622,0.1,,
,,,,,3430000,3e-05,0.9485588192939758,0.09268375486135483,0.9467185139656067,16740,0.0057460642,-1.7129955142736435,0.104736328125,-0.013195070339133964,0.1,26.49885787963867,92.0
1675,10882,29.346326880000003,92.4,315,3430400,,,,,,,,,,,,
1676,10892,29.38069081,92.98,315,3432448,3e-05,1.176798239722848,0.15346390008926392,0.9329932928085327,16750,0.0049891183,-1.7523677676916123,0.1044921875,-0.01060740266693756,0.1,,
1677,10898,29.76013626,93.04,315,3434496,3e-05,1.0113963006064295,0.12358620762825012,0.9336318969726562,16760,0.0032960034,-1.7727197289466858,0.08984375,-0.011473433481296525,0.1,,
1678,10904,29.03958774,94.05,315,3436544,3e-05,0.7089340765029192,0.09892416000366211,0.9496162533760071,16770,0.0044979416,-1.7316401660442353,0.11328125,-0.010627173050306738,0.1,,
1679,10909,28.23667434,94.68,315,3438592,3e-05,0.7086901975795626,0.062365174293518066,0.9522029757499695,16780,0.0062295366,-1.7616134479641914,0.106201171875,-0.011460264105699025,0.1,,
,,,,,3440000,3e-05,1.0225483553484083,0.10387155413627625,0.9140015244483948,16790,0.006480626,-1.804138495028019,0.096533203125,-0.010524989181431011,0.1,21.769743728637696,93.8
1680,10915,27.52606838,94.12,315,3440640,,,,,,,,,,,,
1681,10922,28.596866180000003,93.38,315,3442688,3e-05,0.8100511122494936,0.12245950102806091,0.9618209004402161,16800,0.0069610337,-1.7410623267292977,0.105419921875,-0.011240177080617286,0.1,,
1682,10928,27.5392126,94.3,315,3444736,3e-05,0.8046068161725998,0.06028890609741211,0.9521774649620056,16810,0.0048393356,-1.7757050678133965,0.11953125,-0.011703419822151773,0.1,,
1683,10934,27.417876990000003,93.5,315,3446784,3e-05,1.2902682159096002,0.11103957146406174,0.9271634817123413,16820,0.005911979,-1.881768399477005,0.086376953125,-0.009251680236775427,0.1,,
1684,10940,27.903013349999995,92.85,315,3448832,3e-05,1.1287946864962577,0.13873453438282013,0.9496126174926758,16830,0.0050306655,-1.8438688188791275,0.10966796875,-0.0097911570337601,0.1,,
,,,,,3450000,3e-05,0.8106256803497672,0.09543877840042114,0.9478058218955994,16840,0.0052609965,-1.8102352812886238,0.101611328125,-0.01092578237876296,0.1,29.886333847045897,98.4
1685,10947,27.184110520000008,92.93,315,3450880,,,,,,,,,,,,
1686,10952,27.505289259999994,93.2,315,3452928,3e-05,1.4569231957197188,0.242279514670372,0.9133744835853577,16850,0.0043482236,-1.830327257514,0.094384765625,-0.010552738059777767,0.1,,
1687,10958,28.22391693,93.04,315,3454976,3e-05,0.8903469895944,0.08506050705909729,0.9464808106422424,16860,0.004099779,-1.8048501670360566,0.09052734375,-0.011530159693211316,0.1,,
1688,10964,27.54908324,93.75,315,3457024,3e-05,1.1869735419750214,0.1598491072654724,0.9537968039512634,16870,0.00419244,-1.7857155561447144,0.116015625,-0.007044753938680514,0.1,,
1689,10969,27.717813730000003,93.79,315,3459072,3e-05,1.1517724961042404,0.1491159200668335,0.9389665722846985,16880,0.003917921,-1.8048216581344605,0.095751953125,-0.009315269003855065,0.1,,
,,,,,3460000,3e-05,0.9263814007863402,0.08225130289793015,0.9459450840950012,16890,0.0068872804,-1.832496888935566,0.122314453125,-0.012567961995955557,0.1,29.636776733398438,96.8
1690,10975,27.44103755,94.62,315,3461120,,,,,,,,,,,,
1691,10981,27.169179,94.79,315,3463168,3e-05,1.3128552097827195,0.1482248604297638,0.9234626293182373,16900,0.0045931013,-1.7955560356378555,0.094580078125,-0.010931526313652285,0.1,,
1692,10986,27.241354890000004,93.65,315,3465216,3e-05,1.059274554438889,0.0821598619222641,0.9201509356498718,16910,0.0048173848,-1.7503505155444146,0.1005859375,-0.011353815990150905,0.1,,
1693,10991,27.81789047,92.69,315,3467264,3e-05,0.9315657118335366,0.1098412349820137,0.9417761564254761,16920,0.0060422863,-1.7044488340616226,0.1064453125,-0.007999166370427701,0.1,,
1694,10996,27.557234509999994,93.05,315,3469312,3e-05,1.3181390374898911,0.10900308936834335,0.9160101413726807,16930,0.005896015,-1.736915285885334,0.10986328125,-0.011273331209667958,0.1,,
,,,,,3470000,3e-05,1.301144140213728,0.13200974464416504,0.9151313304901123,16940,0.007001664,-1.827336747944355,0.11884765625,-0.009494305262342096,0.1,27.136670875549317,89.4
1695,11002,28.347328330000003,93.13,315,3471360,,,,,,,,,,,,
1696,11007,29.171176940000006,92.57,315,3473408,3e-05,1.242172926850617,0.07297748327255249,0.91009521484375,16950,0.004558333,-1.758028118312359,0.085791015625,-0.009934421069920063,0.1,,
1697,11012,29.722423789999997,92.03,315,3475456,3e-05,0.8232535580173135,0.08113481104373932,0.9539393186569214,16960,0.005255962,-1.7322135701775552,0.098291015625,-0.011016117173130623,0.1,,
1698,11018,29.89896263,92.42,315,3477504,3e-05,0.6666970843449235,0.09354759752750397,0.966861367225647,16970,0.005287815,-1.7103792369365691,0.1130859375,-0.011409086419735103,0.1,,
1699,11023,30.231542900000004,90.85,315,3479552,3e-05,1.1120929680764675,0.11245651543140411,0.926867663860321,16980,0.004385733,-1.7423551574349403,0.102587890625,-0.011077799741178751,0.1,,
,,,,,3480000,3e-05,0.7887780020013452,0.08628033101558685,0.9463513493537903,16990,0.0075873844,-1.7037753969430924,0.1224609375,-0.012374816718511284,0.1,26.610305404663087,93.6
1700,11030,30.375419919999995,90.54,315,3481600,,,,,,,,,,,,
1701,11035,29.781043,91.62,315,3483648,3e-05,1.052083097398281,0.13692551851272583,0.9425085186958313,17000,0.005894234,-1.6956718921661378,0.137451171875,-0.010325247098808176,0.1,,
1702,11041,30.10863414,92.22,315,3485696,3e-05,0.6908509539440274,0.04093334823846817,0.95998615026474,17010,0.006281671,-1.734767200052738,0.11171875,-0.013964214557199739,0.1,,
1703,11046,30.500409229999995,92.33,315,3487744,3e-05,0.97998055703938,0.10001000761985779,0.92946457862854,17020,0.00372171,-1.6655993655323982,0.07255859375,-0.010358515375992283,0.1,,
1704,11051,30.169121000000004,92.92,315,3489792,3e-05,0.7471519716084003,0.06746835261583328,0.9521079063415527,17030,0.0047903983,-1.7673692122101783,0.10126953125,-0.011681133357342333,0.1,,
,,,,,3490000,3e-05,0.7591868015006185,0.06482858210802078,0.9399640560150146,17040,0.0043848986,-1.7252362936735153,0.096142578125,-0.012546468334039673,0.1,31.007534408569335,97.6
1705,11058,30.40659256,91.64,315,3491840,,,,,,,,,,,,
1706,11063,29.67596026,90.83,315,3493888,3e-05,0.9048071244731546,0.15167514979839325,0.9446516633033752,17050,0.008833889,-1.7390450432896614,0.105810546875,-0.010019583156099543,0.1,,
1707,11069,29.29057818,90.78,315,3495936,3e-05,1.0979506054893136,0.09939151257276535,0.9217517375946045,17060,0.004762022,-1.7636931866407395,0.124951171875,-0.010805157248978504,0.1,,
1708,11075,28.976544850000003,89.64,315,3497984,3e-05,1.0940992526710034,0.1191057562828064,0.9234039187431335,17070,0.005884417,-1.7087127208709716,0.098388671875,-0.010696396470302716,0.1,,
,,,,,3500000,3e-05,1.0493538945913314,0.1095351055264473,0.9338558316230774,17080,0.005245717,-1.8281003415584565,0.122607421875,-0.01105143086751923,0.1,28.126268100738525,92.6
1709,11081,28.06566011,90.14,315,3500032,,,,,,,,,,,,
1710,11086,27.91909961,91.92,315,3502080,3e-05,1.5140380829572677,0.15538311004638672,0.9072216749191284,17090,0.0037551578,-1.8097216203808784,0.08505859375,-0.01128495879820548,0.1,,
1711,11092,28.306235729999997,92.62,315,3504128,3e-05,1.9693986155092715,0.2246987521648407,0.8813265562057495,17100,0.002177054,-1.697135515511036,0.05078125,-0.008178220139234327,0.1,,
1712,11098,28.446560429999998,93.48,315,3506176,3e-05,1.1156313940882683,0.11014443635940552,0.9547339677810669,17110,0.0048824316,-1.7601271748542786,0.0849609375,-0.01084874981897883,0.1,,
1713,11103,28.68564983,94.41,315,3508224,3e-05,0.9294542994350194,0.106122225522995,0.9561300873756409,17120,0.0040396717,-1.740303535759449,0.0962890625,-0.011596022202866152,0.1,,
,,,,,3510000,3e-05,1.0868990916758776,0.13715660572052002,0.9478650689125061,17130,0.0041020447,-1.8048650369048118,0.0998046875,-0.01133594744023867,0.1,26.396535110473632,98.0
1714,11110,28.29951587,93.59,315,3510272,,,,,,,,,,,,
1715,11116,26.81863561,94.94,315,3512320,3e-05,2.500068576261401,0.9342523217201233,0.8885951042175293,17140,0.0031185767,-1.858197908103466,0.067578125,-0.010351803491357715,0.1,,
1716,11122,26.589398130000003,94.58,315,3514368,3e-05,1.6612190257757902,0.3534390926361084,0.9005799889564514,17150,0.0037885802,-1.788634267449379,0.09609375,-0.011927264067344368,0.1,,
1717,11127,26.639628309999992,94.41,316,3516416,3e-05,1.491743613407016,0.18750455975532532,0.925792396068573,17160,0.0036475149,-1.7478707924485206,0.07978515625,-0.012439319281838834,0.1,,
1718,11132,27.353451489999994,93.75,316,3518464,3e-05,0.8238523721694946,0.0807563066482544,0.9538388848304749,17170,0.004164668,-1.7225081369280815,0.095556640625,-0.011759235267527401,0.1,,
,,,,,3520000,3e-05,1.1655832625925542,0.18321871757507324,0.9297788739204407,17180,0.0043441323,-1.7047684118151665,0.1005859375,-0.012867187103256583,0.1,26.575980186462402,86.0
1719,11138,27.934491879999996,93.57,316,3520512,,,,,,,,,,,,
1720,11144,28.257257480000003,92.83,316,3522560,3e-05,2.176008313894272,0.22475235164165497,0.9096282124519348,17190,0.004421577,-1.6572830110788346,0.0869140625,-0.007063324627233669,0.1,,
1721,11149,29.090371319999996,92.19,316,3524608,3e-05,1.2100953299552202,0.17204388976097107,0.9426707029342651,17200,0.004641456,-1.7617773488163948,0.090869140625,-0.011695909959962591,0.1,,
1722,11154,28.61755169,91.96,316,3526656,3e-05,1.1275197267532349,0.18199634552001953,0.9505099654197693,17210,0.003935489,-1.6976778566837312,0.085107421875,-0.011536426286329515,0.1,,
1723,11159,28.873481549999997,92.31,316,3528704,3e-05,1.3560110010206698,0.19302186369895935,0.9359317421913147,17220,0.0062337066,-1.7244770348072052,0.0970703125,-0.010953230905579403,0.1,,
,,,,,3530000,3e-05,0.8800328997895122,0.08012096583843231,0.9475805163383484,17230,0.0051958403,-1.658968335390091,0.09501953125,-0.010491166691645048,0.1,32.544803619384766,92.8
1724,11165,29.585808430000007,92.04,316,3530752,,,,,,,,,,,,
1725,11170,29.901911639999998,91.76,316,3532800,3e-05,0.8625795284286142,0.08563778549432755,0.9603670835494995,17240,0.0068449695,-1.7090284273028373,0.10771484375,-0.012665593903511763,0.1,,
1726,11175,29.900771409999997,92.82,316,3534848,3e-05,0.8578257344663143,0.11443258821964264,0.9579823017120361,17250,0.0068682404,-1.6876873046159744,0.083935546875,-0.009810325922444463,0.1,,
1727,11181,29.794770009999997,93.23,316,3536896,3e-05,0.7276778489351272,0.09121324121952057,0.9623921513557434,17260,0.004458082,-1.684898453950882,0.0798828125,-0.011480354832019656,0.1,,
1728,11187,29.167590579999995,93.26,316,3538944,3e-05,0.9401932004839182,0.09212947636842728,0.9558708667755127,17270,0.0037087451,-1.6528638809919358,0.070068359375,-0.009749745350563898,0.1,,
,,,,,3540000,3e-05,0.9307147808372974,0.068987637758255,0.9441709518432617,17280,0.005004866,-1.7420782685279845,0.091943359375,-0.012407562998123466,0.1,28.215496635437013,95.6
1729,11193,28.36428187,93.95,316,3540992,,,,,,,,,,,,
1730,11198,28.718243289999997,92.72,316,3543040,3e-05,1.0873767366632818,0.10783815383911133,0.9189352989196777,17290,0.0056044124,-1.6853872388601303,0.111767578125,-0.006801303976681083,0.1,,
1731,11204,28.18289998,92.84,316,3545088,3e-05,0.7685157570987939,0.1014723926782608,0.9487417936325073,17300,0.0061267246,-1.7123754054307938,0.096875,-0.011208489642012865,0.1,,
1732,11209,28.69055753,91.93,316,3547136,3e-05,0.7287913385778666,0.08217330276966095,0.9471724033355713,17310,0.0048263525,-1.735863795876503,0.111767578125,-0.010279037343570963,0.1,,
1733,11215,28.91478248,90.72,316,3549184,3e-05,0.769915872067213,0.048436954617500305,0.955283522605896,17320,0.0060019875,-1.7550320684909821,0.110546875,-0.01123638345161453,0.1,,
,,,,,3550000,3e-05,1.076277896389365,0.10813263058662415,0.9332656264305115,17330,0.0042271004,-1.714587150514126,0.124755859375,-0.010814176825806498,0.1,25.62812728881836,95.2
1734,11222,28.72713565,91.21,316,3551232,,,,,,,,,,,,
1735,11228,28.868819710000004,91.6,316,3553280,3e-05,0.8131549026817083,0.08725999295711517,0.9427330493927002,17340,0.006777948,-1.7579802677035332,0.117333984375,-0.012528760408167727,0.1,,
1736,11233,27.97728162,93.05,316,3555328,3e-05,0.8941274149343371,0.06777406483888626,0.9376998543739319,17350,0.0063518556,-1.792304101586342,0.10439453125,-0.012407060473924503,0.1,,
1737,11239,27.13645329,93.99,316,3557376,3e-05,1.2839614611119032,0.1564440131187439,0.9136082530021667,17360,0.004097029,-1.7040917128324509,0.08330078125,-0.009841542916547041,0.1,,
1738,11244,27.078592060000005,94.65,316,3559424,3e-05,0.9405130233615637,0.14541548490524292,0.9368503093719482,17370,0.00577096,-1.8972630754113198,0.10087890625,-0.011652361808228307,0.1,,
,,,,,3560000,3e-05,1.0145788721740245,0.14211401343345642,0.9559345245361328,17380,0.004472128,-1.7309802636504172,0.109326171875,-0.011061219399562106,0.1,34.295521926879886,85.6
1739,11250,27.105812440000005,94.92,316,3561472,,,,,,,,,,,,
1740,11256,26.5218985,95.79,316,3563520,3e-05,1.2131607726216316,0.10779409110546112,0.9469687342643738,17390,0.0060395757,-1.80519547611475,0.10302734375,-0.01173388606403023,0.1,,
1741,11262,26.968430979999994,95.69,316,3565568,3e-05,1.2357659842818975,0.17430055141448975,0.9320091605186462,17400,0.0068576746,-1.7542505607008934,0.092578125,-0.008641549438470975,0.1,,
1742,11267,27.230182860000003,95.01,316,3567616,3e-05,0.9463075995445251,0.11652983725070953,0.9611049294471741,17410,0.005065037,-1.758392557501793,0.1123046875,-0.009946336090797559,0.1,,
1743,11272,26.32460705,95.49,316,3569664,3e-05,1.8528397634625435,0.19822794198989868,0.8866035342216492,17420,0.0029244968,-1.7760228216648102,0.06650390625,-0.008247693500015885,0.1,,
,,,,,3570000,3e-05,1.020473376661539,0.14177387952804565,0.929198682308197,17430,0.0044770986,-1.8626566171646117,0.085400390625,-0.011074039014056325,0.1,32.90609855651856,91.4
1744,11279,25.910597170000003,96.46,316,3571712,,,,,,,,,,,,
1745,11284,26.78539417,95.46,316,3573760,3e-05,1.0371532402932644,0.10940468311309814,0.9365463256835938,17440,0.006197257,-1.8224680319428443,0.100048828125,-0.01150011369609274,0.1,,
1746,11289,26.202328449999996,95.76,316,3575808,3e-05,1.193151843175292,0.1393219530582428,0.9256594181060791,17450,0.0037327118,-1.7107685774564743,0.070166015625,-0.012056198751088232,0.1,,
1747,11295,27.818368560000003,94.8,316,3577856,3e-05,0.9879870748147368,0.08743352442979813,0.9440018534660339,17460,0.004177845,-1.77143647223711,0.098779296875,-0.014334802000666969,0.1,,
1748,11300,28.20527761,93.0,316,3579904,3e-05,1.1534684825688601,0.15192529559135437,0.9497523903846741,17470,0.0034599102,-1.7009917780756951,0.07431640625,-0.01047527183254715,0.1,,
,,,,,3580000,3e-05,1.0481813825666904,0.16040894389152527,0.9561423659324646,17480,0.00457478,-1.6961976930499076,0.08857421875,-0.011745241255266593,0.1,24.71909809112549,90.6
1749,11306,28.79268967,92.54,316,3581952,,,,,,,,,,,,
1750,11311,27.931938990000003,93.9,316,3584000,3e-05,1.4440794855356216,0.12922252714633942,0.9223914742469788,17490,0.003747741,-1.7168223947286605,0.06708984375,-0.009232537753996439,0.1,,
1751,11316,27.93366268,93.98,316,3586048,3e-05,1.4653379362076522,0.1790308952331543,0.8894777297973633,17500,0.004729897,-1.8350943222641944,0.104931640625,-0.010189333162270487,0.1,,
1752,11321,27.95657242,93.97,316,3588096,3e-05,1.4681054852902888,0.12683773040771484,0.9138365983963013,17510,0.004297467,-1.7812956333160401,0.08974609375,-0.013370470190420747,0.1,,
,,,,,3590000,3e-05,0.9448022626340389,0.06413881480693817,0.9342924356460571,17520,0.00437518,-1.6964993581175805,0.105126953125,-0.01263295691460371,0.1,23.15625133514404,100.6
1753,11328,27.970730700000004,93.31,316,3590144,,,,,,,,,,,,
1754,11333,27.725504970000006,93.4,316,3592192,3e-05,1.3844309106469155,0.24776427447795868,0.9454633593559265,17530,0.0064477716,-1.800347739458084,0.1126953125,-0.007768902226234786,0.1,,
1755,11338,27.52455132,92.69,316,3594240,3e-05,1.5191490523517133,0.13757270574569702,0.9261826872825623,17540,0.003219775,-1.7240986377000809,0.0791015625,-0.0111086385557428,0.1,,
1756,11343,27.332963,93.29,317,3596288,3e-05,1.6499021895229817,0.19445332884788513,0.884962797164917,17550,0.0036302386,-1.7681695818901062,0.095556640625,-0.01287221143138595,0.1,,
1757,11348,27.773618729999995,93.61,317,3598336,3e-05,1.0051556283608079,0.09419979900121689,0.9362019300460815,17560,0.006413744,-1.7677599728107452,0.096435546875,-0.01190222286968492,0.1,,
,,,,,3600000,3e-05,0.8275326365604997,0.08803918957710266,0.9413449168205261,17570,0.0051505184,-1.8175192311406136,0.115673828125,-0.012094619538402185,0.1,26.731896781921385,102.2
1758,11355,27.70478206,93.81,317,3600384,,,,,,,,,,,,
1759,11360,27.60223793,93.18,317,3602432,3e-05,1.4018065590411424,0.19197022914886475,0.9137166142463684,17580,0.0038132868,-1.77977354824543,0.088720703125,-0.011265722918324172,0.1,,
1760,11365,27.920422240000004,93.83,317,3604480,3e-05,1.3700077421963215,0.2147134244441986,0.9229559898376465,17590,0.004778439,-1.8289545193314551,0.09912109375,-0.010071706117014401,0.1,,
1761,11370,28.217875439999993,93.59,317,3606528,3e-05,0.990676474198699,0.15275657176971436,0.9299712181091309,17600,0.0034663416,-1.7812652558088302,0.0974609375,-0.011711973941419273,0.1,,
1762,11375,28.169779179999995,93.39,317,3608576,3e-05,0.9048904167488218,0.10395143926143646,0.9423221349716187,17610,0.004963627,-1.8014664098620414,0.100341796875,-0.013405079644871875,0.1,,
,,,,,3610000,3e-05,1.1276116982102393,0.13392934203147888,0.9369791746139526,17620,0.0055596037,-1.793399703502655,0.137158203125,-0.010518151940777898,0.1,30.263835525512697,93.2
1763,11381,28.494067460000007,93.47,317,3610624,,,,,,,,,,,,
1764,11386,29.226136509999996,93.88,317,3612672,3e-05,1.5079602036625146,0.12115146219730377,0.9296284317970276,17630,0.0044346293,-1.7654410034418107,0.087255859375,-0.009776694854372181,0.1,,
1765,11391,29.214352970000004,93.69,317,3614720,3e-05,1.0255837682634592,0.11786046624183655,0.9435710906982422,17640,0.0057212636,-1.731448508799076,0.095751953125,-0.011255236505530775,0.1,,
1766,11396,29.14541298,93.85,317,3616768,3e-05,0.9106310091912746,0.11378218233585358,0.9507877230644226,17650,0.0068004117,-1.7400066375732421,0.118994140625,-0.011750463274074719,0.1,,
1767,11401,29.453843369999994,94.22,317,3618816,3e-05,1.3882011517882347,0.22278490662574768,0.9173390865325928,17660,0.0037754904,-1.7925029680132867,0.120947265625,-0.01007737579930108,0.1,,
,,,,,3620000,3e-05,0.9577994648367166,0.1295802891254425,0.950212836265564,17670,0.0052143815,-1.7583713859319687,0.10732421875,-0.012809596603619865,0.1,29.39098205566406,95.2
1768,11407,29.38533519,93.71,317,3620864,,,,,,,,,,,,
1769,11412,29.30144671,94.55,317,3622912,3e-05,0.8931732393801213,0.10514455288648605,0.9546544551849365,17680,0.003976036,-1.789406494796276,0.1029296875,-0.010989663371583447,0.1,,
1770,11417,29.650422049999996,93.89,317,3624960,3e-05,1.2197924863547087,0.14079326391220093,0.9294856786727905,17690,0.0044037085,-1.6486403301358223,0.07861328125,-0.011424218383035622,0.1,,
1771,11422,29.30201117,94.07,317,3627008,3e-05,0.8272624673321843,0.12324775755405426,0.9595190286636353,17700,0.008152729,-1.675554981827736,0.112939453125,-0.011429568019229919,0.1,,
1772,11427,28.81892711,93.95,317,3629056,3e-05,1.5057985857129097,0.2048722505569458,0.9081747531890869,17710,0.0036359518,-1.6835972547531128,0.074462890625,-0.012256476336915512,0.1,,
,,,,,3630000,3e-05,0.8380564346909523,0.12967750430107117,0.9488371014595032,17720,0.0039475802,-1.718249922990799,0.101806640625,-0.011215924806310795,0.1,25.336833190917968,92.0
1773,11434,28.05458913,94.79,317,3631104,,,,,,,,,,,,
1774,11439,28.207228259999997,94.84,317,3633152,3e-05,0.8468933017924428,0.056360311806201935,0.9567240476608276,17730,0.005968729,-1.8246853545308113,0.084912109375,-0.01167032657249365,0.1,,
1775,11444,27.2663244,95.78,317,3635200,3e-05,0.914366440474987,0.11891506612300873,0.9499760270118713,17740,0.005378611,-1.7466715693473815,0.10869140625,-0.009822422347497195,0.1,,
1776,11449,27.835737670000004,96.71,317,3637248,3e-05,1.0533803425729276,0.09571313858032227,0.9382662773132324,17750,0.006657756,-1.8735679432749748,0.13759765625,-0.009676140738883987,0.1,,
1777,11454,27.931430920000004,95.86,317,3639296,3e-05,0.8473984211683273,0.05874583125114441,0.9438221454620361,17760,0.0053333016,-1.774716004729271,0.105322265625,-0.011820737173547969,0.1,,
,,,,,3640000,3e-05,1.3614832010120153,0.15598061680793762,0.9195886850357056,17770,0.0034365165,-1.777597251534462,0.087109375,-0.009592931246152148,0.1,23.462552070617676,93.6
1778,11460,26.86270503,96.1,317,3641344,,,,,,,,,,,,
1779,11465,26.47944694,96.68,317,3643392,3e-05,1.2339611314237118,0.114230677485466,0.9166930913925171,17780,0.0038701673,-1.839275488257408,0.08515625,-0.01088209196459502,0.1,,
1780,11470,26.694857350000003,95.69,317,3645440,3e-05,0.9863438168540597,0.1015407145023346,0.9052727818489075,17790,0.0052035353,-1.7972588181495666,0.106884765625,-0.00921885367424693,0.1,,
1781,11476,26.678801829999998,94.92,317,3647488,3e-05,0.8350658353418112,0.08332473784685135,0.9444102644920349,17800,0.005956572,-1.8064125299453735,0.156884765625,-0.012141433218494058,0.1,,
1782,11482,27.182696269999997,93.95,317,3649536,3e-05,1.1177112843841315,0.12667658925056458,0.932675838470459,17810,0.0058222767,-1.8481175020337104,0.116650390625,-0.013210676953895018,0.1,,
,,,,,3650000,3e-05,0.8536112425848842,0.15929338335990906,0.9351814389228821,17820,0.0052072518,-1.8383154973387719,0.117138671875,-0.014029656548518687,0.1,27.88009376525879,92.2
1783,11488,27.070741669999993,93.6,317,3651584,,,,,,,,,,,,
1784,11494,26.555750479999997,93.32,317,3653632,3e-05,1.2498587613925338,0.0924554094672203,0.9057531356811523,17830,0.0045269774,-1.9825381547212602,0.099951171875,-0.010531094443285838,0.1,,
1785,11499,26.760152739999995,93.19,317,3655680,3e-05,1.2329879889264703,0.08375895768404007,0.9278602600097656,17840,0.004811652,-1.8667058005928994,0.101513671875,-0.01280366262071766,0.1,,
1786,11505,26.112207510000008,93.07,317,3657728,3e-05,0.8736025329679251,0.1346023678779602,0.9462450742721558,17850,0.006948752,-1.718753457069397,0.12080078125,-0.011855300393654034,0.1,,
1787,11510,26.363821690000005,93.23,317,3659776,3e-05,1.0013579197227955,0.12899735569953918,0.9245750308036804,17860,0.004746475,-1.8729280650615692,0.112353515625,-0.012017719092546031,0.1,,
,,,,,3660000,3e-05,0.8794329395517707,0.0710887610912323,0.9426612257957458,17870,0.004619682,-1.7758405387401581,0.08857421875,-0.011764403164852411,0.1,30.38848419189453,97.6
1788,11517,26.48908564,95.16,317,3661824,,,,,,,,,,,,
1789,11522,27.540401539999998,94.31,317,3663872,3e-05,1.1078091576695441,0.13825707137584686,0.9167202711105347,17880,0.0037626014,-1.9212880969047545,0.101220703125,-0.01219253231829498,0.1,,
1790,11528,27.523744129999997,94.71,317,3665920,3e-05,1.3874257992953063,0.18938761949539185,0.9258199334144592,17890,0.0031620879,-1.7077308654785157,0.080859375,-0.010883338243002073,0.1,,
1791,11533,28.365070239999994,95.0,318,3667968,3e-05,1.261330644786358,0.145976722240448,0.918132483959198,17900,0.0074953693,-1.7088513001799583,0.09541015625,-0.009717139624990523,0.1,,
,,,,,3670000,3e-05,0.9195784401148558,0.12954382598400116,0.9434449672698975,17910,0.005889667,-1.7787985488772393,0.122412109375,-0.01058447674731724,0.1,17.903097724914552,94.4
1792,11540,28.342108539999998,94.59,318,3670016,,,,,,,,,,,,
1793,11545,28.07306802,94.5,318,3672064,3e-05,1.1432297136634588,0.1359972059726715,0.910156786441803,17920,0.003430022,-1.7219747394323348,0.07294921875,-0.011333798267878592,0.1,,
1794,11550,27.418839780000003,94.63,318,3674112,3e-05,1.2578759778290987,0.1330641657114029,0.9210983514785767,17930,0.003519808,-1.8189991846680642,0.0732421875,-0.012384262078558094,0.1,,
1795,11556,27.416709809999997,95.3,318,3676160,3e-05,1.7799143075942994,0.19625720381736755,0.8934541344642639,17940,0.0037266214,-1.747264175117016,0.085400390625,-0.012262779002776369,0.1,,
1796,11561,27.840836170000006,94.65,318,3678208,3e-05,1.284948828071356,0.14351612329483032,0.932251513004303,17950,0.003757658,-1.7583233326673509,0.08408203125,-0.01142177767760586,0.1,,
,,,,,3680000,3e-05,1.0372327527031302,0.06521105766296387,0.937339723110199,17960,0.0064614285,-1.7071972519159317,0.089990234375,-0.011031839775387197,0.1,29.24078941345215,97.8
1797,11568,28.305934650000005,94.17,318,3680256,,,,,,,,,,,,
1798,11573,27.911695160000004,93.84,318,3682304,3e-05,0.7345829006284476,0.06912852823734283,0.9491218328475952,17970,0.0065476606,-1.8584293678402901,0.12412109375,-0.013487967423861847,0.1,,
1799,11578,28.310603940000007,94.48,318,3684352,3e-05,1.580751733481884,0.15902498364448547,0.9062087535858154,17980,0.0058275484,-1.7889917895197869,0.11015625,-0.011687012034235522,0.1,,
1800,11583,28.42723377,94.03,318,3686400,3e-05,0.7529568005353212,0.0676860436797142,0.9572381377220154,17990,0.0068783886,-1.7220355331897736,0.1357421875,-0.015355230553541332,0.1,,
1801,11589,28.221215270000002,92.98,318,3688448,3e-05,1.2196960236877203,0.08582434803247452,0.9216038584709167,18000,0.0058017643,-1.7010178372263909,0.134033203125,-0.00924135434324853,0.1,,
,,,,,3690000,3e-05,0.974774831533432,0.12234046310186386,0.9299365878105164,18010,0.0053748377,-1.787570957839489,0.10888671875,-0.013788218778790906,0.1,24.94430618286133,98.2
1802,11595,28.462113280000004,93.14,318,3690496,,,,,,,,,,,,
1803,11601,29.341435339999997,92.77,318,3692544,3e-05,1.1368557680398226,0.1807304322719574,0.9390759468078613,18020,0.00463856,-1.7291654706001283,0.093603515625,-0.011976401932770386,0.1,,
1804,11606,29.071322260000002,92.67,318,3694592,3e-05,0.8409006394445896,0.06848155707120895,0.95448237657547,18030,0.0058819344,-1.690964290499687,0.10859375,-0.01220151808229275,0.1,,
1805,11612,28.391005449999998,93.32,318,3696640,3e-05,1.6471917547285557,0.14196699857711792,0.9124162197113037,18040,0.0050636446,-1.7561650663614272,0.090625,-0.010688513578497805,0.1,,
1806,11617,28.719427099999997,93.74,318,3698688,3e-05,1.2562072794884442,0.18590331077575684,0.913705050945282,18050,0.0042622937,-1.8056486949324608,0.1060546875,-0.010401977237779646,0.1,,
,,,,,3700000,3e-05,0.7496761869639158,0.06886447966098785,0.9600194096565247,18060,0.009588548,-1.746228176355362,0.141845703125,-0.01290782307041809,0.1,31.74640464782715,96.4
1807,11623,27.938260960000008,94.52,318,3700736,,,,,,,,,,,,
1808,11629,26.953740699999997,95.64,318,3702784,3e-05,0.77316789701581,0.06257522106170654,0.9427317380905151,18070,0.005307428,-1.784939594566822,0.11259765625,-0.013782370495027863,0.1,,
1809,11634,26.959797279999997,95.62,318,3704832,3e-05,0.8189199149608613,0.09159331023693085,0.9456336498260498,18080,0.0049863723,-1.810927253961563,0.1083984375,-0.011650135609670542,0.1,,
1810,11640,27.144780959999988,95.55,318,3706880,3e-05,1.018051752075553,0.0992894172668457,0.9272032976150513,18090,0.0054615466,-1.7354093074798584,0.08623046875,-0.011880000740347896,0.1,,
1811,11645,28.021838419999998,94.68,318,3708928,3e-05,0.9360008941963315,0.13749991357326508,0.9559866786003113,18100,0.005371158,-1.7341308623552323,0.11728515625,-0.011978328879922628,0.1,,
,,,,,3710000,3e-05,1.1151024382561445,0.10041935741901398,0.9327793121337891,18110,0.0041032853,-1.6839695185422898,0.084912109375,-0.009915944823296741,0.1,35.66711311340332,82.0
1812,11651,28.84375559,94.31,318,3710976,,,,,,,,,,,,
1813,11657,29.17933031,93.43,318,3713024,3e-05,0.9617308346554637,0.12140607833862305,0.9400338530540466,18120,0.004646591,-1.6773379102349282,0.11005859375,-0.010299625853076578,0.1,,
1814,11663,30.214245959999992,93.28,318,3715072,3e-05,0.9581186573952436,0.0801095962524414,0.9346036314964294,18130,0.0044509084,-1.6084977224469186,0.100537109375,-0.01044149633962661,0.1,,
1815,11668,30.488597780000006,92.09,318,3717120,3e-05,0.905711131170392,0.06408824026584625,0.9406224489212036,18140,0.0065071215,-1.6640603184700011,0.11357421875,-0.010807640926213936,0.1,,
1816,11673,30.949908769999993,90.41,318,3719168,3e-05,0.8363002385944128,0.09016980975866318,0.9492660760879517,18150,0.0054737558,-1.6305711403489114,0.1037109375,-0.014013191615231336,0.1,,
,,,,,3720000,3e-05,0.823124192096293,0.10007469356060028,0.9469901919364929,18160,0.006141079,-1.6721270114183426,0.119775390625,-0.011312260740669444,0.1,27.43575439453125,98.2
1817,11680,30.19987252,91.84,318,3721216,,,,,,,,,,,,
1818,11686,29.527874609999998,91.99,318,3723264,3e-05,1.4003278512507678,0.24474743008613586,0.9314368367195129,18170,0.004521018,-1.6700147271156311,0.100732421875,-0.012220355303725228,0.1,,
1819,11691,29.88840676,91.59,318,3725312,3e-05,0.872679716348648,0.09568715840578079,0.9568654894828796,18180,0.0057021924,-1.7676172852516174,0.104443359375,-0.012786585034336894,0.1,,
1820,11696,29.024375170000003,92.98,318,3727360,3e-05,0.7130038447678089,0.08605024218559265,0.9569804668426514,18190,0.0050439867,-1.7106335818767548,0.1353515625,-0.010864612291334197,0.1,,
1821,11701,28.48686443,92.81,318,3729408,3e-05,1.229433916695416,0.12493959814310074,0.9286019802093506,18200,0.0044537825,-1.6713294878602027,0.0884765625,-0.010067896614782513,0.1,,
,,,,,3730000,3e-05,1.077633873745799,0.12549526989459991,0.9368736147880554,18210,0.005224711,-1.7480696901679038,0.116259765625,-0.010684969124849886,0.1,29.635507583618164,91.2
1822,11708,29.716878259999998,92.66,318,3731456,,,,,,,,,,,,
1823,11713,29.104999179999997,93.65,318,3733504,3e-05,0.9142498161643744,0.15103735029697418,0.9558206796646118,18220,0.005170222,-1.670756423473358,0.089013671875,-0.008582670966279692,0.1,,
1824,11719,29.025900500000002,93.14,318,3735552,3e-05,1.144098143465817,0.07837866991758347,0.9493212699890137,18230,0.0051523093,-1.7952609851956367,0.09560546875,-0.01325685039628297,0.1,,
1825,11724,29.33860882,92.08,318,3737600,3e-05,1.0176869343966246,0.1201329231262207,0.9315147995948792,18240,0.0056535215,-1.653684164583683,0.0896484375,-0.00964255456929095,0.1,,
1826,11729,29.61182790999999,91.88,318,3739648,3e-05,0.8922545280307531,0.0922163724899292,0.9642624855041504,18250,0.0038497853,-1.7215196445584298,0.08359375,-0.011414144042646512,0.1,,
,,,,,3740000,3e-05,1.171368957310915,0.15652179718017578,0.9268222451210022,18260,0.00580505,-1.6360951289534569,0.086328125,-0.010167877422645688,0.1,25.914644111692905,89.8
1827,11735,30.13335796,92.04,318,3741696,,,,,,,,,,,,
1828,11740,29.93124677,92.67,318,3743744,3e-05,0.774391477368772,0.11197829246520996,0.9579252004623413,18270,0.0060283183,-1.668998548388481,0.107080078125,-0.011727599444566295,0.1,,
1829,11745,29.343043340000005,92.96,318,3745792,3e-05,0.7479231733828783,0.06544370949268341,0.9529176354408264,18280,0.007446296,-1.7339199498295783,0.1158203125,-0.01412283475510776,0.1,,
1830,11750,29.775493819999998,94.09,318,3747840,3e-05,0.931664470769465,0.10593418776988983,0.9522975087165833,18290,0.0057428684,-1.7067616418004037,0.133251953125,-0.010666534455958753,0.1,,
1831,11755,28.632146739999992,94.53,318,3749888,3e-05,0.850794680416584,0.0755419060587883,0.9411617517471313,18300,0.004912352,-1.6264763474464417,0.1015625,-0.011333504154754337,0.1,,
,,,,,3750000,3e-05,1.0652352498844266,0.08439243584871292,0.9330964684486389,18310,0.0057504773,-1.6770503774285317,0.1234375,-0.011423588509205728,0.1,28.336080169677736,92.4
1832,11761,28.87412432,94.08,319,3751936,,,,,,,,,,,,
1833,11766,29.155581079999997,94.87,319,3753984,3e-05,1.2328422956168652,0.14618217945098877,0.9219090938568115,18320,0.0062167444,-1.7124875411391258,0.1064453125,-0.01116254951339215,0.1,,
1834,11771,29.232771339999996,94.32,319,3756032,3e-05,0.6421164335682988,0.06352884322404861,0.9685273766517639,18330,0.0049795737,-1.6588538691401482,0.09912109375,-0.013698344060685486,0.1,,
1835,11776,29.107458289999997,93.54,319,3758080,3e-05,1.0039282340556384,0.11164850741624832,0.9492315649986267,18340,0.00513189,-1.6914273545145988,0.10302734375,-0.012852688285056502,0.1,,
,,,,,3760000,3e-05,1.1455833293497562,0.09490114450454712,0.9436206817626953,18350,0.0059956824,-1.7235219597816467,0.104833984375,-0.01269576249178499,0.1,29.990680694580078,94.0
1836,11782,28.9266573,94.31,319,3760128,,,,,,,,,,,,
1837,11787,29.18814738,93.89,319,3762176,3e-05,0.9767055734992027,0.08412883430719376,0.9423714876174927,18360,0.004539434,-1.7332753106951713,0.10126953125,-0.013460843573557212,0.1,,
1838,11792,29.311781670000006,94.46,319,3764224,3e-05,0.7238212117925287,0.06806697696447372,0.9615772366523743,18370,0.0052010026,-1.6397751793265343,0.10263671875,-0.011956621409626677,0.1,,
1839,11797,29.901685079999996,93.12,319,3766272,3e-05,0.7056915663182736,0.07487192749977112,0.9656526446342468,18380,0.0043896306,-1.6430222392082214,0.105615234375,-0.009663140986231156,0.1,,
1840,11803,29.77773377,93.55,319,3768320,3e-05,1.0280010413378478,0.14097318053245544,0.9449612498283386,18390,0.0051286127,-1.6524280726909637,0.0916015625,-0.011221111560007557,0.1,,
,,,,,3770000,3e-05,0.5642872175201774,0.05224478244781494,0.9604517221450806,18400,0.006288464,-1.6720684438943862,0.118408203125,-0.013107705858419649,0.1,27.371173286437987,98.8
1841,11809,30.459378410000003,92.49,319,3770368,,,,,,,,,,,,
1842,11814,30.47621394,92.0,319,3772416,3e-05,0.8711282135918736,0.1009969711303711,0.9559624195098877,18410,0.0042872666,-1.6719829991459847,0.093017578125,-0.01154107839684002,0.1,,
1843,11820,31.345904079999997,92.31,319,3774464,3e-05,0.5959670543670654,0.05736472085118294,0.9603423476219177,18420,0.007196269,-1.6760309979319572,0.13154296875,-0.014081270329188555,0.1,,
1844,11826,30.773260529999998,93.06,319,3776512,3e-05,0.6643217343837022,0.07741022109985352,0.9575208425521851,18430,0.0050166864,-1.6699020653963088,0.1056640625,-0.01326015830563847,0.1,,
1845,11832,30.251220320000005,93.6,319,3778560,3e-05,0.8549940075725317,0.08776828646659851,0.9393141865730286,18440,0.0037023793,-1.6311201110482216,0.09111328125,-0.007840936227876228,0.1,,
,,,,,3780000,3e-05,0.74597801361233,0.06435283273458481,0.9439095854759216,18450,0.0049540866,-1.673723892867565,0.10322265625,-0.011004309717100114,0.1,24.8679479598999,100.4
1846,11839,29.93066752,94.01,319,3780608,,,,,,,,,,,,
1847,11844,29.265142630000003,95.06,319,3782656,3e-05,0.8778072036802769,0.1272195279598236,0.953737199306488,18460,0.004251621,-1.7287276208400726,0.113623046875,-0.012642583216074855,0.1,,
1848,11850,29.668056959999998,93.84,319,3784704,3e-05,0.8532385155558586,0.05308936536312103,0.943478524684906,18470,0.005418341,-1.6612940058112144,0.100341796875,-0.010366419694037177,0.1,,
1849,11855,28.974339479999998,93.41,319,3786752,3e-05,0.9706289697438478,0.1238020807504654,0.939156174659729,18480,0.008407105,-1.6622298628091812,0.1146484375,-0.009920082622556947,0.1,,
1850,11860,29.177168809999998,93.1,319,3788800,3e-05,1.3805102124810218,0.1166912391781807,0.9204418659210205,18490,0.0039098887,-1.7161334961652757,0.121337890625,-0.009111130342353136,0.1,,
,,,,,3790000,3e-05,0.7244649235159158,0.06268313527107239,0.9558811187744141,18500,0.0042093573,-1.689628678560257,0.109912109375,-0.012550328113138675,0.1,25.4580029964447,88.8
1851,11866,29.725522570000003,93.11,319,3790848,,,,,,,,,,,,
1852,11871,29.271683040000003,93.15,319,3792896,3e-05,1.2953422721475363,0.23332643508911133,0.923133134841919,18510,0.0035243933,-1.694498960673809,0.0982421875,-0.009489657275844365,0.1,,
1853,11876,28.77307378,94.0,319,3794944,3e-05,0.8604035291820764,0.12430842220783234,0.9420455694198608,18520,0.005130872,-1.6887740790843964,0.106787109375,-0.012971364028635435,0.1,,
1854,11882,28.83828054,94.91,319,3796992,3e-05,0.8002885300666094,0.05874028429389,0.9543828964233398,18530,0.004592194,-1.6917260840535164,0.0958984375,-0.012833565071923658,0.1,,
1855,11888,28.60273357,94.89,319,3799040,3e-05,1.1111772464588285,0.10941379517316818,0.9308118224143982,18540,0.0052489275,-1.6736556902527808,0.10205078125,-0.013335749763064087,0.1,,
,,,,,3800000,3e-05,1.2439673252403736,0.1177874282002449,0.9188582897186279,18550,0.004576574,-1.6529799908399583,0.084814453125,-0.010889367782510817,0.1,28.890930366516113,93.0
1856,11895,28.47500268,94.26,319,3801088,,,,,,,,,,,,
1857,11901,28.23382472,93.9,319,3803136,3e-05,1.0598439177498222,0.09508664160966873,0.9449141025543213,18560,0.0048428033,-1.6904088959097863,0.09248046875,-0.011788803387025837,0.1,,
1858,11906,28.149639749999995,94.73,319,3805184,3e-05,1.546943362057209,0.17920175194740295,0.9092457294464111,18570,0.0028678714,-1.7787871047854424,0.067431640625,-0.010263021843275055,0.1,,
1859,11911,28.542961220000002,94.21,319,3807232,3e-05,1.0067742682993412,0.11011841148138046,0.9415758848190308,18580,0.0045345314,-1.7075591817498208,0.108740234375,-0.013130162085872144,0.1,,
1860,11917,28.11403030000001,95.03,319,3809280,3e-05,0.8408259954303503,0.12842780351638794,0.9653294086456299,18590,0.004671302,-1.7024579435586928,0.099169921875,-0.012580384541070088,0.1,,
,,,,,3810000,3e-05,1.0333374090492726,0.12035670876502991,0.9442170858383179,18600,0.0044470765,-1.7267428278923034,0.091015625,-0.01213428054470569,0.1,27.20369682312012,95.8
1861,11923,28.730579470000006,95.29,319,3811328,,,,,,,,,,,,
1862,11928,28.86397739,95.52,319,3813376,3e-05,0.7567237719893456,0.0647551566362381,0.9627493023872375,18610,0.00672198,-1.7363974079489708,0.101171875,-0.01324418736039661,0.1,,
1863,11933,28.97141111,94.41,319,3815424,3e-05,1.0262221582233906,0.12646842002868652,0.9480952620506287,18620,0.0059404774,-1.7051562309265136,0.0958984375,-0.011293322828714735,0.1,,
1864,11938,29.215619240000002,93.54,319,3817472,3e-05,1.034459388628602,0.11815584450960159,0.9455491304397583,18630,0.0075537646,-1.6723450869321823,0.08642578125,-0.010625556769082323,0.1,,
1865,11944,29.312040899999996,93.21,319,3819520,3e-05,1.0691066067665815,0.13147152960300446,0.9322941899299622,18640,0.0049694385,-1.72471681535244,0.08603515625,-0.01146629803115502,0.1,,
,,,,,3820000,3e-05,2.2934701569378375,0.3583429455757141,0.884053111076355,18650,0.0046278476,-1.7292946040630341,0.07919921875,-0.009271764138247818,0.1,24.493824768066407,104.0
1866,11950,28.678534499999998,93.97,319,3821568,,,,,,,,,,,,
1867,11955,28.12685103,93.64,319,3823616,3e-05,0.9062678538262844,0.1157890260219574,0.9451690912246704,18660,0.007777352,-1.7987337484955788,0.160693359375,-0.011566105537349358,0.1,,
1868,11960,27.783833969999996,93.91,319,3825664,3e-05,1.5674341164529324,0.20506645739078522,0.9230698943138123,18670,0.004342221,-1.7711634933948517,0.108740234375,-0.010575998394051567,0.1,,
1869,11965,27.743495699999997,94.58,319,3827712,3e-05,1.4298633839935064,0.19358757138252258,0.9431650638580322,18680,0.0034575255,-1.7649574533104897,0.097265625,-0.01051861880114302,0.1,,
1870,11971,27.981175410000002,93.93,319,3829760,3e-05,0.9656530098989606,0.08684293925762177,0.9557144641876221,18690,0.007241533,-1.7680622458457946,0.11953125,-0.012129856861429289,0.1,,
,,,,,3830000,3e-05,0.8085354225710034,0.08856305480003357,0.9709849953651428,18700,0.007254314,-1.8304315000772475,0.1291015625,-0.014096297798096203,0.1,32.72980918884277,93.2
1871,11977,27.886927689999997,94.76,319,3831808,,,,,,,,,,,,
1872,11982,28.311767340000003,95.14,319,3833856,3e-05,1.0790080616250635,0.06930805742740631,0.9382559061050415,18710,0.005840374,-1.7235856413841248,0.122216796875,-0.012912557926028967,0.1,,
1873,11987,27.83019412,95.72,319,3835904,3e-05,1.7559989023953677,0.19919192790985107,0.8957610130310059,18720,0.0046477355,-1.7384785190224648,0.0984375,-0.009893140936037525,0.1,,
1874,11992,27.56297533,95.11,320,3837952,3e-05,1.18447547852993,0.13244453072547913,0.9411912560462952,18730,0.0048700343,-1.714808425307274,0.098095703125,-0.010596102863200941,0.1,,
,,,,,3840000,3e-05,1.0341662749648095,0.10465073585510254,0.9519028067588806,18740,0.00494558,-1.7533135548233987,0.099267578125,-0.012061346310656518,0.1,25.28311939239502,94.8
1875,11998,27.738246769999996,94.56,320,3840000,,,,,,,,,,,,
1876,12004,27.559494369999996,94.57,320,3842048,3e-05,0.6293975081294775,0.07378319650888443,0.9680448770523071,18750,0.005284799,-1.6872516199946404,0.13173828125,-0.012028178418404423,0.1,,
1877,12009,28.37783101,94.1,320,3844096,3e-05,0.6846403103321791,0.07499776035547256,0.9656586050987244,18760,0.007882812,-1.7997119665145873,0.164697265625,-0.01453950692084618,0.1,,
1878,12014,28.850132630000004,93.58,320,3846144,3e-05,0.6868662938475609,0.11443381011486053,0.9567891359329224,18770,0.006441106,-1.6851439639925956,0.12119140625,-0.012464872671989724,0.1,,
1879,12019,29.368026250000003,93.42,320,3848192,3e-05,0.9245087079703808,0.100540891289711,0.9516958594322205,18780,0.0049816775,-1.6685360431671143,0.10283203125,-0.014199825591640547,0.1,,
,,,,,3850000,3e-05,0.8167413311079145,0.061773158609867096,0.95183265209198,18790,0.0049242927,-1.6160655543208122,0.102978515625,-0.010936793088330888,0.1,29.325101470947267,99.8
1880,12025,29.667808509999997,93.62,320,3850240,,,,,,,,,,,,
1881,12030,30.31022431,93.15,320,3852288,3e-05,1.0590812455862761,0.10245431959629059,0.9330787062644958,18800,0.0047011157,-1.7048600524663926,0.097802734375,-0.01132268346264027,0.1,,
1882,12035,30.858004790000006,92.53,320,3854336,3e-05,0.8568152613937855,0.07691527158021927,0.9510222673416138,18810,0.0062663564,-1.6513835683465004,0.12646484375,-0.012088772555580362,0.1,,
1883,12040,30.19701208,93.33,320,3856384,3e-05,0.8217392016202212,0.07471387833356857,0.9468901753425598,18820,0.0069954754,-1.6937329471111298,0.115478515625,-0.011168086749967188,0.1,,
1884,12045,30.262092120000002,93.96,320,3858432,3e-05,0.8467730402946472,0.05433465540409088,0.9370666742324829,18830,0.0052932953,-1.6901653319597245,0.131494140625,-0.00994564787542913,0.1,,
,,,,,3860000,3e-05,0.8179413864389062,0.07864275574684143,0.9478921294212341,18840,0.0040721865,-1.6864453494548797,0.094384765625,-0.011723374458961188,0.1,30.458832931518554,95.4
1885,12052,30.700878829999997,93.49,320,3860480,,,,,,,,,,,,
1886,12057,30.222960390000004,93.98,320,3862528,3e-05,0.620210986211896,0.08057008683681488,0.9684672951698303,18850,0.006789443,-1.6366662442684174,0.104931640625,-0.010828431267873384,0.1,,
1887,12062,30.85425827,92.97,320,3864576,3e-05,1.0211917109787465,0.10044015198945999,0.935322642326355,18860,0.006349406,-1.740795613825321,0.109033203125,-0.011279168917099014,0.1,,
1888,12067,30.29134877,93.98,320,3866624,3e-05,0.5144367303699255,0.04540310800075531,0.9686757922172546,18870,0.0067342706,-1.6310701578855515,0.13515625,-0.012132267848937773,0.1,,
1889,12072,30.08166453,93.68,320,3868672,3e-05,1.1540146229788661,0.07651473581790924,0.9290139675140381,18880,0.005298408,-1.7145473703742027,0.090673828125,-0.011399411386810243,0.1,,
,,,,,3870000,3e-05,0.8828079544007779,0.12778665125370026,0.9519123435020447,18890,0.00468718,-1.6623767241835594,0.089111328125,-0.011532468092627823,0.1,36.296540069580075,94.8
1890,12078,29.802317440000003,93.2,320,3870720,,,,,,,,,,,,
1891,12083,29.461646530000003,93.43,320,3872768,3e-05,1.0702875807881356,0.11557740718126297,0.9457066059112549,18900,0.004342242,-1.684622460603714,0.0994140625,-0.010155762714566663,0.1,,
1892,12088,29.19558496,93.49,320,3874816,3e-05,1.0523247186094522,0.132441908121109,0.9339141845703125,18910,0.005738304,-1.659620898962021,0.0982421875,-0.01097877843421884,0.1,,
1893,12094,29.55288482,93.32,320,3876864,3e-05,1.0694772470742464,0.1401061713695526,0.9324145913124084,18920,0.004239505,-1.6538992509245873,0.09736328125,-0.01024473961442709,0.1,,
1894,12099,29.557069309999996,93.26,320,3878912,3e-05,0.5333000171929598,0.06742365658283234,0.9640853404998779,18930,0.008671293,-1.6455702051520347,0.123779296875,-0.012873046431923284,0.1,,
,,,,,3880000,3e-05,0.8618026925250888,0.0802786722779274,0.948052167892456,18940,0.0046165786,-1.6172438174486161,0.11044921875,-0.012331916694529354,0.1,29.10778465270996,92.4
1895,12106,28.758281739999997,94.22,320,3880960,,,,,,,,,,,,
1896,12111,28.7874409,94.6,320,3883008,3e-05,0.9405073747038841,0.13081474602222443,0.9523841738700867,18950,0.0065033752,-1.7362608045339585,0.109765625,-0.009995245953905395,0.1,,
1897,12116,29.061196300000002,94.34,320,3885056,3e-05,0.8394368186593055,0.08280080556869507,0.9535568952560425,18960,0.0057185004,-1.6322674110531807,0.11298828125,-0.013821352296508849,0.1,,
1898,12121,28.52575432000001,94.61,320,3887104,3e-05,0.9569126330316067,0.123421810567379,0.9450276494026184,18970,0.0044802288,-1.6900595992803573,0.090869140625,-0.012314574542688205,0.1,,
1899,12126,28.409565599999997,95.32,320,3889152,3e-05,1.0974972236901521,0.08076074719429016,0.9382458329200745,18980,0.0057048774,-1.6917835503816605,0.11259765625,-0.013137500241282397,0.1,,
,,,,,3890000,3e-05,0.7332979014143348,0.08353880047798157,0.9459384679794312,18990,0.0055821566,-1.6960110142827034,0.109326171875,-0.009750268814968877,0.1,27.380818176269532,102.6
1900,12133,29.831110900000002,93.82,320,3891200,,,,,,,,,,,,
1901,12139,28.85636962,94.75,320,3893248,3e-05,1.7489032104611397,0.1782265156507492,0.9240686893463135,19000,0.0027766963,-1.654969197511673,0.07646484375,-0.008779697548015974,0.1,,
1902,12145,29.071294560000005,94.45,320,3895296,3e-05,1.1932489607483148,0.07320010662078857,0.9092702865600586,19010,0.0042874906,-1.7676166266202926,0.08603515625,-0.012123878515558318,0.1,,
1903,12150,29.516846560000005,94.47,320,3897344,3e-05,0.9668755359947682,0.1735534965991974,0.9434432983398438,19020,0.005780645,-1.685400615632534,0.114013671875,-0.012943204760085791,0.1,,
1904,12156,28.869735570000003,95.11,320,3899392,3e-05,1.151810548827052,0.1687474250793457,0.9448007941246033,19030,0.0044286214,-1.6757399395108223,0.085693359375,-0.01135694792610593,0.1,,
,,,,,3900000,3e-05,0.739002937823534,0.10427030920982361,0.9525408148765564,19040,0.0059790835,-1.7075519412755966,0.11396484375,-0.013697525224415585,0.1,28.528681182861327,100.8
1905,12162,29.436843030000006,94.2,320,3901440,,,,,,,,,,,,
1906,12167,29.562679,93.75,320,3903488,3e-05,0.9325106371194124,0.10401587933301926,0.9498161673545837,19050,0.0052973684,-1.693239724636078,0.098779296875,-0.012484186107758432,0.1,,
1907,12173,30.307722080000005,93.39,320,3905536,3e-05,0.9527882121503353,0.09335271269083023,0.9382753372192383,19060,0.004630993,-1.6409496054053307,0.093310546875,-0.01018265591119416,0.1,,
1908,12178,30.914165859999994,92.33,320,3907584,3e-05,0.7513132210820913,0.06699426472187042,0.9687731862068176,19070,0.006587768,-1.6992908477783204,0.133544921875,-0.009052381597575732,0.1,,
1909,12184,30.58954492,92.68,320,3909632,3e-05,0.6483215166255831,0.07087118923664093,0.963921070098877,19080,0.0074089356,-1.7119109526276588,0.13876953125,-0.013313785434002056,0.1,,
,,,,,3910000,3e-05,0.9943709291517735,0.12799131870269775,0.9399387240409851,19090,0.0048841536,-1.7530315160751342,0.103759765625,-0.011868733714800328,0.1,30.987991714477538,98.6
1910,12190,29.643198459999994,93.53,320,3911680,,,,,,,,,,,,
1911,12196,29.067241299999992,93.46,320,3913728,3e-05,1.9463407684117555,0.2221403419971466,0.8848283886909485,19100,0.0045552133,-1.7695519164204598,0.092724609375,-0.008330693538300692,0.1,,
1912,12202,28.9656911,92.63,320,3915776,3e-05,1.1762404799461366,0.1314660757780075,0.9334911108016968,19110,0.0043976917,-1.7541418731212617,0.090869140625,-0.011567382133216597,0.1,,
1913,12209,28.378074729999994,93.45,320,3917824,3e-05,1.2136704981327058,0.16939714550971985,0.9296011924743652,19120,0.0042133657,-1.7096922114491462,0.0857421875,-0.01321898951428011,0.1,,
1914,12215,28.89751786999999,92.48,320,3919872,3e-05,0.7666380217298865,0.0574684664607048,0.9509822726249695,19130,0.0054898993,-1.7730156242847444,0.109716796875,-0.013971666304860264,0.1,,
,,,,,3920000,3e-05,0.5846645636484027,0.048066288232803345,0.9653865098953247,19140,0.0073825987,-1.7654881805181504,0.136669921875,-0.011614771641325206,0.1,27.017485046386717,94.4
1915,12223,28.532825169999995,94.03,320,3921920,,,,,,,,,,,,
1916,12228,28.942246829999995,94.5,320,3923968,3e-05,0.8487710367888213,0.09637033939361572,0.9425061941146851,19150,0.006595348,-1.7390945583581925,0.123388671875,-0.01118591888807714,0.1,,
1917,12233,28.772769010000005,95.86,320,3926016,3e-05,1.072914219647646,0.09543900191783905,0.9192053079605103,19160,0.005425458,-1.6584712967276574,0.12705078125,-0.011054214701289311,0.1,,
1918,12238,28.86861687999999,95.66,320,3928064,3e-05,0.8858280271291733,0.08396423608064651,0.9277685284614563,19170,0.005678132,-1.6840504571795463,0.121484375,-0.013725627970416099,0.1,,
,,,,,3930000,3e-05,0.9816389732062817,0.13050886988639832,0.9443132877349854,19180,0.0049824812,-1.7836893513798713,0.116796875,-0.011681211774703115,0.1,30.626441192626952,91.0
1919,12244,29.521091659999996,94.18,320,3930112,,,,,,,,,,,,
1920,12249,29.43658313,93.24,321,3932160,3e-05,0.7809104811400175,0.08561745285987854,0.9485772252082825,19190,0.008055583,-1.7151927173137664,0.131787109375,-0.01117205802584067,0.1,,
1921,12254,29.45352287,92.76,321,3934208,3e-05,0.7037137510254979,0.05213645100593567,0.9545813202857971,19200,0.005321334,-1.777663278579712,0.126025390625,-0.01524482129025273,0.1,,
1922,12259,30.4508791,92.17,321,3936256,3e-05,0.7340626996010542,0.07034556567668915,0.9571263194084167,19210,0.006988281,-1.706850554049015,0.133349609375,-0.013934938539750873,0.1,,
1923,12264,29.836799380000002,92.81,321,3938304,3e-05,0.8816349100321531,0.08247372508049011,0.9419952630996704,19220,0.006530239,-1.7066868290305137,0.1025390625,-0.012862063181819395,0.1,,
,,,,,3940000,3e-05,0.5626565851271152,0.03706618398427963,0.964514434337616,19230,0.0064044013,-1.6890037059783936,0.116943359375,-0.014054731003125199,0.1,30.87326545715332,89.6
1924,12270,29.64391046,95.19,321,3940352,,,,,,,,,,,,
1925,12275,29.878054169999995,94.62,321,3942400,3e-05,0.9378408484160901,0.06760480999946594,0.9478577375411987,19240,0.004813594,-1.8019184321165085,0.1181640625,-0.012235191257786937,0.1,,
1926,12280,29.964695459999998,94.03,321,3944448,3e-05,0.9359317000955343,0.07573844492435455,0.9498940706253052,19250,0.005990143,-1.7336661756038665,0.112060546875,-0.012966995540773496,0.1,,
1927,12285,30.21729408,93.58,321,3946496,3e-05,0.6295564668253064,0.047022245824337006,0.9661638736724854,19260,0.005762811,-1.7210040271282196,0.13037109375,-0.01223739578272216,0.1,,
1928,12290,30.707044309999997,92.49,321,3948544,3e-05,0.49957646187394855,0.04162474349141121,0.9652482271194458,19270,0.008593348,-1.7175290912389756,0.139697265625,-0.01482888909522444,0.1,,
,,,,,3950000,3e-05,0.8542678382247686,0.06285417079925537,0.9447578191757202,19280,0.00442442,-1.6711805239319801,0.13466796875,-0.0079525291104801,0.1,30.52893486022949,93.0
1929,12296,29.586758480000004,92.43,321,3950592,,,,,,,,,,,,
1930,12301,29.27771288,93.08,321,3952640,3e-05,1.2648111768066883,0.14255109429359436,0.8983373045921326,19290,0.0048449934,-1.8480940192937851,0.09521484375,-0.012591816246276722,0.1,,
1931,12306,28.75062971000001,93.59,321,3954688,3e-05,1.039183670654893,0.0797351747751236,0.9390314817428589,19300,0.0042600506,-1.7205375850200653,0.09990234375,-0.012127313451492228,0.1,,
1932,12311,28.18265417,93.76,321,3956736,3e-05,0.7046314101666212,0.05132496729493141,0.9545092582702637,19310,0.0048197513,-1.6976155400276185,0.100439453125,-0.014409154193708673,0.1,,
1933,12316,27.8953157,93.66,321,3958784,3e-05,0.961473336443305,0.06082247197628021,0.9257299900054932,19320,0.004842058,-1.7230696558952332,0.134912109375,-0.011820552713470534,0.1,,
,,,,,3960000,3e-05,0.8743801675736904,0.11801938712596893,0.9560577273368835,19330,0.003943037,-1.7775722548365593,0.09453125,-0.009989911693264731,0.1,26.550891494750978,98.2
1934,12323,28.728529450000007,93.7,321,3960832,,,,,,,,,,,,
1935,12328,28.555904169999998,94.4,321,3962880,3e-05,1.1449874266982079,0.13316890597343445,0.9322280883789062,19340,0.003525429,-1.6676682844758033,0.07783203125,-0.010912100490531883,0.1,,
1936,12333,28.754521069999996,94.72,321,3964928,3e-05,0.7078823830932379,0.09213744848966599,0.9608909487724304,19350,0.006277298,-1.7512595862150193,0.1345703125,-0.011411086231237277,0.1,,
1937,12339,28.775831470000004,94.98,321,3966976,3e-05,0.8438843071460724,0.10669485479593277,0.9410752654075623,19360,0.005078585,-1.6979079440236091,0.117333984375,-0.01332100450526923,0.1,,
1938,12344,28.836714110000003,95.16,321,3969024,3e-05,0.836963377520442,0.09275605529546738,0.94678795337677,19370,0.0061920006,-1.7395292937755584,0.108837890625,-0.01155061836616369,0.1,,
,,,,,3970000,3e-05,0.993425652012229,0.13091564178466797,0.9364607930183411,19380,0.0060913167,-1.7223568931221962,0.092333984375,-0.012057369947433472,0.1,28.950830459594727,98.0
1939,12350,29.195062300000007,94.42,321,3971072,,,,,,,,,,,,
1940,12355,29.055714440000003,93.74,321,3973120,3e-05,1.1256451532244682,0.1372540146112442,0.9282577037811279,19390,0.0063023036,-1.6646166503429414,0.129443359375,-0.008119690109742806,0.1,,
1941,12360,28.627749529999996,92.79,321,3975168,3e-05,0.7225548073649406,0.04866938292980194,0.9614723324775696,19400,0.008917734,-1.7131257697939872,0.161328125,-0.011348004371393472,0.1,,
1942,12366,29.491762870000002,92.79,321,3977216,3e-05,0.9220752907916904,0.11923930048942566,0.9556720852851868,19410,0.004587356,-1.7196479737758636,0.115869140625,-0.011859628139063716,0.1,,
1943,12371,28.97651114,92.75,321,3979264,3e-05,0.798906085640192,0.08109015226364136,0.9653636813163757,19420,0.0047670295,-1.7274497538805007,0.104931640625,-0.013735335669480264,0.1,,
,,,,,3980000,3e-05,0.9507122093811631,0.11832363903522491,0.938726544380188,19430,0.009115269,-1.7123589918017388,0.108740234375,-0.012082333682337775,0.1,26.47113103866577,100.2
1944,12377,28.521145920000002,92.9,321,3981312,,,,,,,,,,,,
1945,12382,28.43507,93.65,321,3983360,3e-05,2.4566439539194107,0.23386698961257935,0.8840344548225403,19440,0.0026725263,-1.7409029930830002,0.073828125,-0.008521753345848992,0.1,,
1946,12387,29.326669440000003,92.57,321,3985408,3e-05,0.7834705300629139,0.05806947499513626,0.9479116797447205,19450,0.0057130763,-1.6878061026334763,0.101025390625,-0.01308186505921185,0.1,,
1947,12393,28.276438420000005,93.55,321,3987456,3e-05,0.9525281026959419,0.06995092332363129,0.9512534141540527,19460,0.0061981585,-1.7147205829620362,0.10732421875,-0.012848812009906396,0.1,,
1948,12398,28.85152275,92.37,321,3989504,3e-05,0.9260613020509482,0.10721585154533386,0.9461832046508789,19470,0.004745896,-1.7193365514278411,0.104931640625,-0.01302095718565397,0.1,,
,,,,,3990000,3e-05,1.0839845731854438,0.1163821667432785,0.9238963723182678,19480,0.0044490444,-1.6819419801235198,0.091162109375,-0.012076629648800009,0.1,32.49828262329102,90.6
1949,12404,28.833215069999998,93.65,321,3991552,,,,,,,,,,,,
1950,12409,29.02742167000001,93.93,321,3993600,3e-05,1.063927547261119,0.07427483052015305,0.9223823547363281,19490,0.0042606797,-1.7205797880887985,0.0880859375,-0.01342425115435617,0.1,,
1951,12414,28.2391884,94.85,321,3995648,3e-05,0.8372159520164132,0.12686419486999512,0.9646537899971008,19500,0.0045454376,-1.7586935624480247,0.100341796875,-0.013509231345960871,0.1,,
1952,12419,28.580557090000003,94.94,321,3997696,3e-05,0.7246310744434595,0.08979911357164383,0.9453499913215637,19510,0.005851998,-1.735265602171421,0.105615234375,-0.014464319677790627,0.1,,
1953,12424,28.240572240000002,93.86,321,3999744,3e-05,0.9972193535417319,0.09296247363090515,0.9388435482978821,19520,0.004735969,-1.6888311818242072,0.094921875,-0.011963191494578496,0.1,,
,,,,,4000000,3e-05,1.4577544197440147,0.1079031303524971,0.9232800602912903,19530,0.0029813442,-1.7028530597686768,0.07900390625,-0.011062765098176896,0.1,25.972415161132812,94.0
1954,12430,28.43268374,93.75,321,4001792,,,,,,,,,,,,
1955,12435,28.55807158,92.85,321,4003840,3e-05,0.9169506400823593,0.11395788192749023,0.9496697783470154,19540,0.0037372948,-1.7194509968161582,0.076708984375,-0.010774121020222082,0.1,,
1956,12440,27.847971220000005,92.82,321,4005888,3e-05,1.1017066609114408,0.09579291939735413,0.9208478331565857,19550,0.005654271,-1.7620371356606483,0.126611328125,-0.010913231543963776,0.1,,
1957,12446,28.33699971,92.99,322,4007936,3e-05,1.0465939946472644,0.13661521673202515,0.9318583011627197,19560,0.0039609107,-1.7505122393369674,0.109814453125,-0.010977147612720728,0.1,,
1958,12451,28.94920787,91.85,322,4009984,3e-05,0.6693793557584286,0.042341843247413635,0.9677993655204773,19570,0.0045890664,-1.6951320707798003,0.12490234375,-0.011602139181923122,0.1,,
,,,,,4010000,3e-05,1.0093543171882629,0.12763091921806335,0.9347692131996155,19580,0.005848216,-1.6977048754692077,0.10478515625,-0.012015303055522963,0.1,32.64491958618164,87.8
1959,12457,28.874732230000003,93.17,322,4012032,,,,,,,,,,,,
1960,12462,29.091890660000004,93.75,322,4014080,3e-05,1.3549183648079635,0.1487746685743332,0.9142919182777405,19590,0.0046091927,-1.660874781012535,0.09541015625,-0.009812349028652533,0.1,,
1961,12467,29.328220540000004,93.51,322,4016128,3e-05,1.163368294388056,0.1349959373474121,0.913756251335144,19600,0.003987233,-1.6810205847024917,0.10595703125,-0.011173640919150785,0.1,,
1962,12472,29.921746230000004,93.83,322,4018176,3e-05,1.2245906725525857,0.09706336259841919,0.9348711371421814,19610,0.0041526128,-1.714864182472229,0.087890625,-0.011139956081751733,0.1,,
,,,,,4020000,3e-05,0.7555228190496563,0.09329003095626831,0.9583859443664551,19620,0.0047548926,-1.6932340115308762,0.10791015625,-0.013148817251203582,0.1,29.10033302307129,96.2
1963,12479,30.04671468,94.51,322,4020224,,,,,,,,,,,,
1964,12484,29.73370668,93.65,322,4022272,3e-05,0.7052834693342447,0.05748359113931656,0.964128851890564,19630,0.0065026684,-1.7399030938744544,0.10888671875,-0.015240260201971978,0.1,,
1965,12489,29.203015080000004,93.58,322,4024320,3e-05,1.0858602967113256,0.08703527599573135,0.9323725700378418,19640,0.0050582187,-1.801166507601738,0.112109375,-0.011862817403743975,0.1,,
1966,12494,28.596889569999995,93.28,322,4026368,3e-05,1.0987313948571682,0.0941041111946106,0.9119203686714172,19650,0.006782845,-1.790937189757824,0.08740234375,-0.011738477170001715,0.1,,
1967,12499,28.526958139999998,93.27,322,4028416,3e-05,0.6317076988518238,0.0717385858297348,0.9555402994155884,19660,0.005668412,-1.7575974628329276,0.138916015625,-0.015211736015044153,0.1,,
,,,,,4030000,3e-05,0.5372221305966377,0.03098122775554657,0.9593454599380493,19670,0.0051755905,-1.7431405633687973,0.111083984375,-0.012878709018696099,0.1,25.026797485351562,100.4
1968,12505,27.88984549,95.56,322,4030464,,,,,,,,,,,,
1969,12511,30.252757200000005,94.1,322,4032512,3e-05,2.1284561034291984,0.2522733211517334,0.8844869136810303,19680,0.0034725873,-1.7871493518352508,0.102880859375,-0.008268825695267878,0.1,,
1970,12516,30.66661974,93.44,322,4034560,3e-05,0.7560696205124259,0.09095695614814758,0.9630047678947449,19690,0.0061131376,-1.7462626218795776,0.101708984375,-0.011104250708012842,0.1,,
1971,12522,29.860322349999997,94.46,322,4036608,3e-05,0.5441129006445408,0.0486464686691761,0.9616561532020569,19700,0.008483132,-1.75367601364851,0.124658203125,-0.01261512228520587,0.1,,
1972,12527,29.981281059999997,93.57,322,4038656,3e-05,0.9000909892842174,0.05184981971979141,0.9306194186210632,19710,0.008008901,-1.8231419891119003,0.157470703125,-0.011266289776540362,0.1,,
,,,,,4040000,3e-05,1.0099340256303548,0.11987928301095963,0.9413416981697083,19720,0.0048553986,-1.75211044549942,0.087744140625,-0.011899025960883592,0.1,31.56019058227539,93.4
1973,12533,29.801210290000004,91.73,322,4040704,,,,,,,,,,,,
1974,12538,28.203008099999998,93.75,322,4042752,3e-05,1.1393548427149653,0.08872951567173004,0.9410655498504639,19730,0.0039333887,-1.7508008852601051,0.10380859375,-0.010330037848325447,0.1,,
1975,12543,27.751811659999998,93.41,322,4044800,3e-05,0.5870857993140817,0.07000866532325745,0.9618420600891113,19740,0.0059302966,-1.7705918043851852,0.12802734375,-0.013136878330260515,0.1,,
1976,12548,28.082863569999994,92.96,322,4046848,3e-05,1.0738917108625174,0.07224472612142563,0.9093206524848938,19750,0.0049046623,-1.8241478130221367,0.099755859375,-0.012929610424907877,0.1,,
1977,12553,27.9617983,93.38,322,4048896,3e-05,1.187804774567485,0.1030842661857605,0.9319701790809631,19760,0.0059482316,-1.6932765126228333,0.1296875,-0.012948503615916707,0.1,,
,,,,,4050000,3e-05,0.7089974990114569,0.0817236602306366,0.9594945311546326,19770,0.006635852,-1.7779961615800857,0.128564453125,-0.016199513788160404,0.1,27.155085372924805,95.2
1978,12559,28.082550190000003,93.84,322,4050944,,,,,,,,,,,,
1979,12564,29.31138586,92.53,322,4052992,3e-05,1.3151900470256805,0.1477552354335785,0.9263726472854614,19780,0.005455293,-1.7319881185889243,0.091455078125,-0.01235847034258768,0.1,,
1980,12570,29.171893929999996,92.77,322,4055040,3e-05,1.2077037580311298,0.12302573025226593,0.9247757196426392,19790,0.0066184923,-1.7446001753211022,0.09873046875,-0.010184339998522774,0.1,,
1981,12575,28.12853898,93.75,322,4057088,3e-05,0.6301800969988107,0.04956842213869095,0.96298748254776,19800,0.007472457,-1.8279233276844025,0.129052734375,-0.015400930144824087,0.1,,
1982,12581,28.795740900000006,92.8,322,4059136,3e-05,1.7383291088044643,0.16955041885375977,0.8885185122489929,19810,0.003787097,-1.851328121125698,0.094287109375,-0.011767845560098068,0.1,,
,,,,,4060000,3e-05,1.3514589484781028,0.11260626465082169,0.9314126968383789,19820,0.00654878,-1.7729625403881073,0.12822265625,-0.012954813172109425,0.1,23.72587432861328,97.8
1983,12588,28.88942929,92.76,322,4061184,,,,,,,,,,,,
1984,12594,28.56651062,94.16,322,4063232,3e-05,1.1092958867549896,0.13317622244358063,0.941564679145813,19830,0.0047780927,-1.8156004145741462,0.096484375,-0.010519334967830219,0.1,,
1985,12600,28.98393731,94.38,322,4065280,3e-05,0.951167056709528,0.07236102223396301,0.9454787373542786,19840,0.0061626257,-1.8171683520078659,0.11591796875,-0.012169368145987392,0.1,,
1986,12605,29.27604413,94.89,322,4067328,3e-05,1.041454230248928,0.13596710562705994,0.9372450709342957,19850,0.005676522,-1.7129935592412948,0.12333984375,-0.00988929165614536,0.1,,
1987,12611,28.699756979999997,96.12,322,4069376,3e-05,0.7974258668720722,0.07129895687103271,0.9365307688713074,19860,0.005912468,-1.7974482893943786,0.133740234375,-0.013633874972583726,0.1,,
,,,,,4070000,3e-05,0.7180115321651102,0.0751141607761383,0.9488452076911926,19870,0.006901969,-1.7850963413715362,0.114306640625,-0.012597947086032946,0.1,30.33496208190918,89.4
1988,12617,28.2581718,96.13,322,4071424,,,,,,,,,,,,
1989,12623,28.71582922,94.9,322,4073472,3e-05,1.3010008402168751,0.12210461497306824,0.9246056079864502,19880,0.0051781023,-1.8435503154993058,0.125390625,-0.012738377909408882,0.1,,
1990,12629,28.94279415,94.78,322,4075520,3e-05,0.8810353145003319,0.10075268894433975,0.9552385807037354,19890,0.0051311078,-1.7620018929243089,0.1072265625,-0.012284842313965783,0.1,,
1991,12634,30.102970029999998,93.63,322,4077568,3e-05,0.5947270145639777,0.07181192934513092,0.9585789442062378,19900,0.0057447767,-1.714091981947422,0.10703125,-0.012588703431538307,0.1,,
1992,12640,30.38300781,93.11,322,4079616,3e-05,0.8244771860539913,0.05093953013420105,0.9437176585197449,19910,0.006007125,-1.7548511818051338,0.11552734375,-0.012878305214690045,0.1,,
,,,,,4080000,3e-05,1.0748059714213014,0.09756027162075043,0.94455486536026,19920,0.004409278,-1.7841570794582366,0.09208984375,-0.011975250742398202,0.1,30.802943801879884,88.2
1993,12647,30.2493435,93.52,322,4081664,,,,,,,,,,,,
1994,12652,30.48057781,92.6,322,4083712,3e-05,0.955136938393116,0.08154308050870895,0.9508329033851624,19930,0.0070272163,-1.687750843167305,0.1130859375,-0.01226950327400118,0.1,,
1995,12658,29.58485463,93.54,322,4085760,3e-05,0.9352213382720947,0.11039435863494873,0.942389965057373,19940,0.004789756,-1.7390927433967591,0.091845703125,-0.014455329242628068,0.1,,
1996,12663,28.632474679999994,94.32,322,4087808,3e-05,0.7061623688787222,0.08523406833410263,0.9503980278968811,19950,0.006698254,-1.811734876036644,0.139892578125,-0.014097739779390394,0.1,,
1997,12668,28.812127050000004,94.71,322,4089856,3e-05,0.7662538914009929,0.06315505504608154,0.944240152835846,19960,0.00864333,-1.7042262256145477,0.1255859375,-0.010020966021693311,0.1,,
,,,,,4090000,3e-05,0.7232698354870081,0.07736417651176453,0.9562027454376221,19970,0.0072365724,-1.7062015950679779,0.12470703125,-0.008427483262494206,0.1,33.97245483398437,92.2
1998,12674,28.12245216,95.08,322,4091904,,,,,,,,,,,,
1999,12680,28.23764229,94.85,322,4093952,3e-05,0.8837345300242305,0.13234910368919373,0.9388415217399597,19980,0.0045825066,-1.7739137947559356,0.092138671875,-0.011586226103827358,0.1,,
2000,12685,29.857226929999992,92.54,322,4096000,3e-05,0.786799630895257,0.11196955293416977,0.9476737380027771,19990,0.0053171422,-1.7466206207871438,0.131591796875,-0.011370389218791388,0.1,,
2001,12690,29.672859600000002,91.78,322,4098048,3e-05,0.6948208970949054,0.06833970546722412,0.9657252430915833,20000,0.004534983,-1.6750262066721917,0.12666015625,-0.01093919695704244,0.1,,
,,,,,4100000,3e-05,0.6111709436401724,0.06683018058538437,0.9645980000495911,20010,0.006296171,-1.7790029704570771,0.13544921875,-0.014529833104461432,0.1,31.407623291015625,94.2
2002,12698,29.10435212,91.88,322,4100096,,,,,,,,,,,,
2003,12703,29.454022679999998,93.01,322,4102144,3e-05,1.1038789128884674,0.11446033418178558,0.9434794187545776,20020,0.0043182774,-1.827788381278515,0.09169921875,-0.00968562422785908,0.1,,
2004,12708,28.62879935000001,93.11,322,4104192,3e-05,0.8312333105131984,0.1008034199476242,0.9542520642280579,20030,0.006018281,-1.7363387003540993,0.09970703125,-0.010401125031057746,0.1,,
2005,12713,28.292993119999995,93.81,322,4106240,3e-05,1.5584628846496345,0.10462473332881927,0.9032279849052429,20040,0.0034601172,-1.756496538221836,0.078076171875,-0.010954196547390892,0.1,,
2006,12718,28.51124568,93.78,323,4108288,3e-05,1.131274839490652,0.22057229280471802,0.9410871267318726,20050,0.0045907637,-1.7634176060557365,0.0931640625,-0.011686074794852175,0.1,,
,,,,,4110000,3e-05,0.862909166328609,0.09187770634889603,0.954708456993103,20060,0.0038763443,-1.7243521720170976,0.087841796875,-0.011773698643082753,0.1,29.146072769165038,94.6
2007,12725,28.353436580000004,93.67,323,4110336,,,,,,,,,,,,
2008,12730,28.637212160000004,93.8,323,4112384,3e-05,1.0560405723750592,0.12507091462612152,0.9212696552276611,20070,0.0068845865,-1.7980489447712897,0.129931640625,-0.012598032847745345,0.1,,
2009,12735,28.465420619999996,94.59,323,4114432,3e-05,0.7056822789832949,0.08628945052623749,0.9655218124389648,20080,0.0064280387,-1.7191204681992531,0.121240234375,-0.012456258793827146,0.1,,
2010,12741,28.770533480000005,93.9,323,4116480,3e-05,0.7346125401556491,0.0676008015871048,0.9480442404747009,20090,0.00794446,-1.7636269271373748,0.13828125,-0.00904257683432661,0.1,,
2011,12746,28.675735669999998,94.11,323,4118528,3e-05,0.48451356720179317,0.05845002830028534,0.9592655897140503,20100,0.008372568,-1.7327683359384536,0.134326171875,-0.013303738547256217,0.1,,
,,,,,4120000,3e-05,0.5520632458850742,0.0397193506360054,0.9556758403778076,20110,0.0062214434,-1.7864734783768654,0.13349609375,-0.012913527898490429,0.1,22.585820960998536,92.0
2012,12752,29.71055473,93.48,323,4120576,,,,,,,,,,,,
2013,12757,29.54014029,93.0,323,4122624,3e-05,1.260610455647111,0.14415985345840454,0.9266185760498047,20120,0.004744078,-1.7238600507378579,0.099169921875,-0.009422190883196891,0.1,,
2014,12763,29.783609979999998,92.26,323,4124672,3e-05,1.041148678585887,0.17181052267551422,0.938395619392395,20130,0.004655867,-1.727052389085293,0.1162109375,-0.00845389580936171,0.1,,
2015,12769,29.5466059,93.41,323,4126720,3e-05,0.6619028139859437,0.0717536136507988,0.9629234075546265,20140,0.005609788,-1.7406834736466408,0.11884765625,-0.0119611723581329,0.1,,
2016,12774,29.01702475,94.17,323,4128768,3e-05,0.8892085894942283,0.09707167744636536,0.9420198202133179,20150,0.0061784964,-1.8095490157604217,0.110986328125,-0.011265379231190309,0.1,,
,,,,,4130000,3e-05,0.7393553502857685,0.05847970396280289,0.9580859541893005,20160,0.0044454653,-1.7596887275576591,0.108837890625,-0.01445553921512328,0.1,28.426734924316406,94.8
2017,12781,28.728429730000006,94.39,323,4130816,,,,,,,,,,,,
2018,12786,28.257779099999997,95.54,323,4132864,3e-05,2.816822374612093,0.24867379665374756,0.892522394657135,20170,0.0035932518,-1.8236656233668327,0.0916015625,-0.009489676117664204,0.1,,
2019,12792,27.528199270000005,96.78,323,4134912,3e-05,0.8906702930107713,0.09193028509616852,0.9462102651596069,20180,0.005991007,-1.7198119685053825,0.101611328125,-0.011509452361497096,0.1,,
2020,12798,27.56649158,96.67,323,4136960,3e-05,0.7242241024971008,0.06322706490755081,0.9610867500305176,20190,0.0045406027,-1.7520539447665215,0.114208984375,-0.013465983272180893,0.1,,
2021,12803,27.822156610000008,96.05,323,4139008,3e-05,1.104635701701045,0.16919134557247162,0.9466876983642578,20200,0.0047787866,-1.7248669415712357,0.09951171875,-0.01258338766056113,0.1,,
,,,,,4140000,3e-05,0.6636411977931858,0.05198941379785538,0.9574522376060486,20210,0.005340579,-1.7167166829109193,0.11162109375,-0.01365707975346595,0.1,26.94701385498047,99.0
2022,12810,29.03905012,94.72,323,4141056,,,,,,,,,,,,
2023,12815,28.626770710000002,95.1,323,4143104,3e-05,0.8933504946529865,0.11021378636360168,0.9583066701889038,20220,0.0075429305,-1.686655931174755,0.113818359375,-0.009350731241283938,0.1,,
2024,12821,28.634771049999998,95.77,323,4145152,3e-05,1.1558865057304502,0.10643827170133591,0.9372041821479797,20230,0.0046385615,-1.7124763518571853,0.0869140625,-0.011869175269384868,0.1,,
2025,12827,29.480533469999997,95.21,323,4147200,3e-05,0.956903931684792,0.10541876405477524,0.9292327761650085,20240,0.00638827,-1.7180786728858948,0.10029296875,-0.011872922134352848,0.1,,
2026,12833,29.129082519999997,95.69,323,4149248,3e-05,0.5986334517598152,0.05536096543073654,0.9546051621437073,20250,0.008190336,-1.677525033056736,0.154931640625,-0.013339751661987975,0.1,,
,,,,,4150000,3e-05,1.1364029571413994,0.1269792914390564,0.9324415922164917,20260,0.004589541,-1.6095732226967812,0.126611328125,-0.006241266141296364,0.1,24.086635208129884,100.0
2027,12839,29.204925719999995,94.69,323,4151296,,,,,,,,,,,,
2028,12845,29.92772663,93.06,323,4153344,3e-05,0.8897497151046991,0.1277119368314743,0.9515166878700256,20270,0.005554183,-1.62005415558815,0.107421875,-0.013053987972671165,0.1,,
2029,12850,29.426412960000004,93.16,323,4155392,3e-05,0.7999365091323852,0.07304339110851288,0.9497756361961365,20280,0.0055280156,-1.6914960160851478,0.10107421875,-0.013763382565230131,0.1,,
2030,12856,29.490963649999998,92.9,323,4157440,3e-05,0.9986310701817274,0.06627799570560455,0.9262314438819885,20290,0.0058740918,-1.6508779346942901,0.092041015625,-0.011851435794960707,0.1,,
2031,12862,28.729667810000002,93.35,323,4159488,3e-05,0.7304845489561558,0.10142000764608383,0.9568025469779968,20300,0.005935119,-1.6062833607196807,0.10205078125,-0.010563879465917126,0.1,,
,,,,,4160000,3e-05,1.2094754040241242,0.10813967883586884,0.897600531578064,20310,0.004448814,-1.678840297460556,0.085498046875,-0.011372742714593187,0.1,31.04737777709961,89.0
2032,12868,28.4301279,93.32,323,4161536,,,,,,,,,,,,
2033,12874,28.493029330000002,93.02,323,4163584,3e-05,0.8625291319563985,0.09922869503498077,0.9513941407203674,20320,0.0044901846,-1.5965730100870132,0.095556640625,-0.012844310863874853,0.1,,
2034,12880,28.92019575,93.56,323,4165632,3e-05,0.8197232309728861,0.06467105448246002,0.947533905506134,20330,0.0046227407,-1.6497508734464645,0.09658203125,-0.012871516722952947,0.1,,
2035,12886,29.658146319999997,93.55,323,4167680,3e-05,0.810414220392704,0.08517052978277206,0.9617785811424255,20340,0.0053753615,-1.5857752770185471,0.111279296875,-0.009414630959508941,0.1,,
2036,12891,29.44642038,93.71,323,4169728,3e-05,0.8551999799907207,0.0853094607591629,0.9492904543876648,20350,0.005604403,-1.6518944904208184,0.107568359375,-0.01249142792657949,0.1,,
,,,,,4170000,3e-05,1.1761528201401235,0.11673657596111298,0.93626868724823,20360,0.004115127,-1.6433531582355498,0.103173828125,-0.014158427237998695,0.1,25.724782943725586,104.0
2037,12897,29.12284965,94.49,323,4171776,,,,,,,,,,,,
2038,12902,29.20850739,94.23,323,4173824,3e-05,1.0260797165334226,0.14392325282096863,0.934590220451355,20370,0.004624064,-1.671861369907856,0.09599609375,-0.012659415020607412,0.1,,
2039,12908,28.982618310000003,93.5,323,4175872,3e-05,0.6465089026838541,0.10625149309635162,0.9672947525978088,20380,0.0055646505,-1.6701390117406845,0.115283203125,-0.012228886794764549,0.1,,
2040,12913,28.840557639999997,94.06,323,4177920,3e-05,0.7832386650145053,0.10091286152601242,0.9550288915634155,20390,0.0053593647,-1.6024657681584358,0.09638671875,-0.010231488934368826,0.1,,
2041,12919,29.07375382,93.66,323,4179968,3e-05,1.2027659557759762,0.15211735665798187,0.9448782205581665,20400,0.003077884,-1.583884698152542,0.066552734375,-0.009076631080824881,0.1,,
,,,,,4180000,3e-05,0.5821408640593291,0.05647318810224533,0.9676600694656372,20410,0.005261114,-1.6284682363271714,0.109033203125,-0.014888167998287826,0.1,33.21042137145996,91.2
2042,12926,30.066535709999993,94.27,323,4182016,,,,,,,,,,,,
2043,12932,29.466893040000006,94.64,323,4184064,3e-05,1.4131739802658558,0.3980118930339813,0.9216973781585693,20420,0.0036316712,-1.6004823371767998,0.089697265625,-0.009493947093142196,0.1,,
2044,12937,28.607406880000003,94.85,323,4186112,3e-05,0.8850350420922041,0.16240207850933075,0.9355583786964417,20430,0.0055124657,-1.6450506821274757,0.097705078125,-0.011920968856429681,0.1,,
2045,12943,28.372684899999996,94.56,323,4188160,3e-05,0.7509481620043517,0.048002976924180984,0.9449646472930908,20440,0.0058871233,-1.7210770130157471,0.11181640625,-0.01418642780627124,0.1,,
,,,,,4190000,3e-05,0.9778308121487498,0.07748208940029144,0.8990836143493652,20450,0.0051402403,-1.6937288761138916,0.087109375,-0.010379130666842684,0.1,28.31739921569824,97.8
2046,12950,28.114699570000003,94.75,323,4190208,,,,,,,,,,,,
2047,12956,28.435663879999996,94.51,323,4192256,3e-05,0.7886218829080462,0.08336067199707031,0.9461526870727539,20460,0.006975099,-1.6875067561864854,0.10810546875,-0.010305244504706934,0.1,,
2048,12962,28.556128409999996,94.39,323,4194304,3e-05,0.7557659268379211,0.0880688950419426,0.9566468000411987,20470,0.007511631,-1.652407245337963,0.15341796875,-0.00841608023038134,0.1,,
2049,12968,29.685864220000003,93.75,323,4196352,3e-05,1.330219979956746,0.16956809163093567,0.9315122365951538,20480,0.0033639795,-1.682592061161995,0.079638671875,-0.011410404118942096,0.1,,
2050,12973,29.200756259999995,92.82,323,4198400,3e-05,0.8175164695829154,0.1302768886089325,0.9614248275756836,20490,0.00427898,-1.650125189125538,0.08564453125,-0.01219599939067848,0.1,,
,,,,,4200000,3e-05,1.080412882938981,0.1497286856174469,0.9329602122306824,20500,0.0038593188,-1.737766632437706,0.093505859375,-0.013418317085597663,0.1,26.207247924804687,92.4
2051,12979,29.425060760000004,93.03,323,4200448,,,,,,,,,,,,
2052,12984,28.948591389999997,92.68,323,4202496,3e-05,0.906865518540144,0.19659964740276337,0.9492958188056946,20510,0.00498663,-1.7430828735232353,0.08896484375,-0.011255345508106984,0.1,,
2053,12990,28.435303289999993,94.46,323,4204544,3e-05,0.8441168438643217,0.12590007483959198,0.9528037309646606,20520,0.0048203375,-1.6684231743216515,0.0767578125,-0.01077029762091115,0.1,,
2054,12995,28.090263259999997,94.75,323,4206592,3e-05,0.71889269631356,0.07899095863103867,0.9533010721206665,20530,0.004985025,-1.7363620206713677,0.11669921875,-0.01212167238118127,0.1,,
2055,13000,28.23280317,94.48,323,4208640,3e-05,1.196685539931059,0.057407207787036896,0.914117693901062,20540,0.004395782,-1.7091133534908294,0.093505859375,-0.010575214336859063,0.1,,
,,,,,4210000,3e-05,0.8100877694785595,0.08805027604103088,0.9507892727851868,20550,0.0048694876,-1.6918219029903412,0.09677734375,-0.010839136145659723,0.1,33.138388061523436,87.6
2056,13006,27.732223139999995,95.91,323,4210688,,,,,,,,,,,,
2057,13011,28.358076070000003,94.36,323,4212736,3e-05,0.8957193410024047,0.06234120950102806,0.9453763365745544,20560,0.005258474,-1.7039844021201134,0.101611328125,-0.01146742053097114,0.1,,
2058,13016,28.42605448,93.95,323,4214784,3e-05,1.2050761818885802,0.12082012742757797,0.9346295595169067,20570,0.0076112514,-1.6723246186971665,0.103369140625,-0.011737985865329393,0.1,,
2059,13022,28.285015150000003,94.12,323,4216832,3e-05,0.7951394045725465,0.087029367685318,0.9474258422851562,20580,0.0060125347,-1.7702757865190506,0.110986328125,-0.012965085302130318,0.1,,
2060,13027,28.12449878,94.21,323,4218880,3e-05,0.9981751980260014,0.06195128336548805,0.9286203384399414,20590,0.0055425307,-1.792335045337677,0.114453125,-0.011725477880099788,0.1,,
,,,,,4220000,3e-05,1.0200286120176316,0.07608439028263092,0.9505844116210938,20600,0.0061327307,-1.727912813425064,0.12783203125,-0.013474552403204143,0.1,25.703043746948243,96.4
2061,13033,28.26174341000001,93.47,323,4220928,,,,,,,,,,,,
2062,13039,28.377631070000003,94.0,323,4222976,3e-05,1.1837971404194831,0.1371149718761444,0.9345912337303162,20610,0.0066315457,-1.825336517393589,0.142822265625,-0.013185760506894439,0.1,,
2063,13044,29.23685528,93.74,323,4225024,3e-05,0.9214359920471906,0.0878898948431015,0.9460378289222717,20620,0.0065756477,-1.6973635956645012,0.116357421875,-0.011624944454524666,0.1,,
2064,13050,29.401990610000002,94.6,323,4227072,3e-05,0.6680444482713938,0.05127943307161331,0.9623332023620605,20630,0.0069057844,-1.7188249066472054,0.130029296875,-0.015236131194978953,0.1,,
2065,13056,29.622400449999997,94.92,323,4229120,3e-05,0.46696772929280994,0.03616505116224289,0.9753821492195129,20640,0.00918084,-1.6939271047711373,0.17158203125,-0.009279608196811751,0.1,,
,,,,,4230000,3e-05,0.7756626609712839,0.06385420262813568,0.9528363347053528,20650,0.0061209276,-1.784962570667267,0.117578125,-0.011700327150174416,0.1,35.28405609130859,89.0
2066,13062,30.168845090000005,94.87,323,4231168,,,,,,,,,,,,
2067,13067,29.170686290000003,94.86,323,4233216,3e-05,0.9333756124600768,0.05140550062060356,0.9432163238525391,20660,0.009050278,-1.6941080316901207,0.1138671875,-0.011911525402683764,0.1,,
2068,13073,29.61601856,94.12,323,4235264,3e-05,1.2061139766126872,0.11236977577209473,0.9185504913330078,20670,0.0037975742,-1.7934871897101403,0.10849609375,-0.010386018641293049,0.1,,
2069,13078,29.888028059999996,92.81,323,4237312,3e-05,0.6557436401024461,0.04910500720143318,0.9617123603820801,20680,0.0051817587,-1.719171468913555,0.101416015625,-0.012869375894661061,0.1,,
2070,13084,29.163106249999995,93.06,324,4239360,3e-05,0.7008333992213011,0.07889197766780853,0.9564567804336548,20690,0.005075252,-1.6794603168964386,0.116259765625,-0.011873243137961254,0.1,,
,,,,,4240000,3e-05,0.7684098083525897,0.08740440011024475,0.9479478597640991,20700,0.0063859597,-1.7076870203018188,0.117431640625,-0.013382724486291409,0.1,30.285422134399415,94.0
2071,13091,29.50384294,93.52,323,4241408,,,,,,,,,,,,
2072,13098,29.211209189999995,93.82,323,4243456,3e-05,1.2370920907706022,0.11701216548681259,0.9302247166633606,20710,0.008408636,-1.7560067236423493,0.129443359375,-0.011545715417014435,0.1,,
2073,13104,28.59029397,94.38,323,4245504,3e-05,1.2992050375789403,0.11610676348209381,0.9326905012130737,20720,0.003692236,-1.77003533244133,0.100341796875,-0.012243433168623596,0.1,,
2074,13110,28.63098,95.11,323,4247552,3e-05,0.8398214736953378,0.11175037175416946,0.9560284614562988,20730,0.005137533,-1.7121659338474273,0.118212890625,-0.013457411236595362,0.1,,
2075,13116,29.489704500000006,93.36,323,4249600,3e-05,1.0806074764579534,0.1351562738418579,0.9461160898208618,20740,0.0044740695,-1.6629475042223931,0.083447265625,-0.010500310111092403,0.1,,
,,,,,4250000,3e-05,0.8692162716761231,0.06469196826219559,0.9506934285163879,20750,0.007927712,-1.7045463472604752,0.11240234375,-0.012648302270099521,0.1,35.77924766540527,82.8
2076,13123,29.993548780000005,93.69,323,4251648,,,,,,,,,,,,
2077,13129,29.8291205,93.9,323,4253696,3e-05,0.7748559342697263,0.08711817115545273,0.9502925872802734,20760,0.0040750364,-1.6586385101079941,0.093701171875,-0.010528520747902803,0.1,,
2078,13135,29.701948749999996,93.76,323,4255744,3e-05,1.1666907075792552,0.1267220824956894,0.9205978512763977,20770,0.0036938894,-1.7546793222427368,0.088037109375,-0.011656841341755353,0.1,,
2079,13141,29.596906269999995,94.44,324,4257792,3e-05,1.2646038226783276,0.09875821322202682,0.9391274452209473,20780,0.0038213625,-1.7160367980599402,0.102490234375,-0.010266040617716498,0.1,,
2080,13147,28.106167920000008,95.81,324,4259840,3e-05,1.3085238557308911,0.11238294839859009,0.9147047400474548,20790,0.004962908,-1.7690282791852951,0.087548828125,-0.01365673951804638,0.1,,
,,,,,4260000,3e-05,1.0069604728370904,0.14272722601890564,0.933347225189209,20800,0.0038290587,-1.859129463136196,0.096728515625,-0.012381603749236091,0.1,32.54595794677734,87.8
2081,13153,28.574565899999996,95.35,324,4261888,,,,,,,,,,,,
2082,13159,28.976409629999992,94.22,324,4263936,3e-05,1.3039449818432332,0.13267846405506134,0.938380777835846,20810,0.00391643,-1.644736610352993,0.085107421875,-0.011004689778201283,0.1,,
2083,13164,29.012615499999995,93.73,324,4265984,3e-05,1.4715794280171395,0.1824842393398285,0.9114786982536316,20820,0.0052931095,-1.6559094175696374,0.105908203125,-0.013644634789670818,0.1,,
2084,13170,30.080409770000003,91.49,324,4268032,3e-05,1.1913438204675912,0.11794456094503403,0.9418335556983948,20830,0.0045338175,-1.777834665775299,0.103369140625,-0.011442864674609154,0.1,,
,,,,,4270000,3e-05,1.3986209988594056,0.1763114631175995,0.926345944404602,20840,0.003767143,-1.6464919313788413,0.095068359375,-0.011113053766894154,0.1,33.71262168884277,88.2
2085,13177,29.902276989999997,90.73,324,4270080,,,,,,,,,,,,
2086,13183,29.26910785,91.94,324,4272128,3e-05,1.2887505035847426,0.16129189729690552,0.9273928999900818,20850,0.0054231035,-1.7484505042433738,0.094091796875,-0.014005360438022762,0.1,,
2087,13189,29.338569359999997,92.61,324,4274176,3e-05,1.070015126466751,0.11267147958278656,0.9361774325370789,20860,0.003299397,-1.7064155161380767,0.088525390625,-0.012677810460445471,0.1,,
2088,13195,29.56767784,93.31,324,4276224,3e-05,1.1701491832733155,0.14422746002674103,0.9403978586196899,20870,0.004242962,-1.674894317984581,0.105126953125,-0.014591037255013362,0.1,,
2089,13201,29.041760560000004,94.67,324,4278272,3e-05,1.0675191774964332,0.11829520761966705,0.9613155126571655,20880,0.0060275695,-1.64231488853693,0.105078125,-0.013745354802813381,0.1,,
,,,,,4280000,3e-05,1.1705275192856788,0.12969136238098145,0.9210041761398315,20890,0.0054230383,-1.7159659370779992,0.0994140625,-0.012557536870008334,0.1,34.16480751037598,91.6
2090,13209,29.061146820000005,95.17,324,4280320,,,,,,,,,,,,
2091,13215,27.903180499999998,95.81,324,4282368,3e-05,1.0948190562427045,0.13894568383693695,0.937508761882782,20900,0.007821855,-1.7690784260630608,0.102490234375,-0.010494603222468868,0.1,,
2092,13220,27.74815011,95.07,324,4284416,3e-05,1.8973577469587326,0.24501670897006989,0.9233111143112183,20910,0.002670756,-1.7566029727458954,0.06953125,-0.010822934494353832,0.1,,
2093,13226,27.78261504,95.29,324,4286464,3e-05,1.4971049670130014,0.14638540148735046,0.9218242168426514,20920,0.0034231883,-1.7492325708270073,0.07763671875,-0.012912846839753911,0.1,,
2094,13232,28.414735129999993,94.19,324,4288512,3e-05,0.8857336541637778,0.06538686156272888,0.9620866775512695,20930,0.00780971,-1.7128686338663102,0.114990234375,-0.013349981704959647,0.1,,
,,,,,4290000,3e-05,0.7971948748454452,0.08200082182884216,0.9552397727966309,20940,0.0075649926,-1.685365727543831,0.0998046875,-0.011968143854755909,0.1,28.035118103027344,101.6
2095,13239,29.657220909999996,94.46,324,4290560,,,,,,,,,,,,
2096,13245,29.9343542,94.45,324,4292608,3e-05,0.9163273934274911,0.11574116349220276,0.9423742294311523,20950,0.005141941,-1.7178690135478973,0.096337890625,-0.012887276173569263,0.1,,
2097,13250,29.91029197,94.34,324,4294656,3e-05,1.0250909086316824,0.11152712255716324,0.9411655068397522,20960,0.0063451817,-1.6558552131056785,0.122021484375,-0.013098331564106048,0.1,,
2098,13256,29.70255169,94.13,324,4296704,3e-05,1.0199017422273755,0.12049519270658493,0.9516409039497375,20970,0.006005757,-1.7609785109758378,0.105615234375,-0.010986679105553777,0.1,,
2099,13261,29.68015855,93.79,324,4298752,3e-05,1.0839807622134685,0.08067342638969421,0.9387416243553162,20980,0.005819638,-1.697296866774559,0.101708984375,-0.013592449043062515,0.1,,
,,,,,4300000,3e-05,0.7287424029782414,0.08472806215286255,0.9632591605186462,20990,0.0047729057,-1.7562239155173303,0.10380859375,-0.015036893423530272,0.1,24.581585311889647,99.4
2100,13268,29.870231699999998,94.09,324,4300800,,,,,,,,,,,,
2101,13273,30.346647200000003,93.34,324,4302848,3e-05,1.0082062402740122,0.09908019751310349,0.941518247127533,21000,0.0045989044,-1.6946772947907447,0.1119140625,-0.01197601209860295,0.1,,
2102,13279,29.496519949999996,94.79,324,4304896,3e-05,0.8763614594936371,0.07834389805793762,0.9568988680839539,21010,0.0041489545,-1.6677519798278808,0.086669921875,-0.01228068639175035,0.1,,
2103,13284,30.046096879999997,94.66,324,4306944,3e-05,0.9377852711826563,0.12612445652484894,0.9409485459327698,21020,0.0035520534,-1.749296274781227,0.1013671875,-0.01405579533893615,0.1,,
2104,13290,29.142852599999998,95.23,324,4308992,3e-05,0.7194350494071842,0.07895321398973465,0.9600339531898499,21030,0.011597131,-1.620845228433609,0.109814453125,-0.012347802300064359,0.1,,
,,,,,4310000,3e-05,1.225418883562088,0.16607129573822021,0.9446870684623718,21040,0.0043184245,-1.8424293100833893,0.1046875,-0.011346376495203004,0.1,30.094087219238283,91.2
2105,13297,28.813016320000003,94.89,324,4311040,,,,,,,,,,,,
2106,13302,29.032440769999997,93.53,324,4313088,3e-05,1.590406258776784,0.22744351625442505,0.8922947645187378,21050,0.0055042566,-1.834861834347248,0.090869140625,-0.01288004732632544,0.1,,
2107,13308,29.983209970000004,93.76,324,4315136,3e-05,1.070067882910371,0.18414472043514252,0.9462602734565735,21060,0.008354533,-1.7511360123753548,0.155224609375,-0.013807110674679279,0.1,,
2108,13313,29.219738419999995,94.62,324,4317184,3e-05,0.8250302402302623,0.09704739600419998,0.9653589725494385,21070,0.0056664143,-1.726163701713085,0.132275390625,-0.012934928564936854,0.1,,
2109,13319,30.137223929999994,94.09,324,4319232,3e-05,1.355153365060687,0.1393524706363678,0.9224843382835388,21080,0.0052343355,-1.7715349599719048,0.123779296875,-0.012184687642729841,0.1,,
,,,,,4320000,3e-05,0.9442801315337419,0.1318955421447754,0.9525741934776306,21090,0.009662399,-1.6803247913718224,0.127490234375,-0.012041769298957661,0.1,31.83811683654785,94.6
2110,13325,30.04861747,94.06,324,4321280,,,,,,,,,,,,
2111,13331,29.99576069,93.45,324,4323328,3e-05,1.4568849936127664,0.21863150596618652,0.9350979924201965,21100,0.0032800748,-1.6783885464072228,0.082763671875,-0.010261340765282512,0.1,,
2112,13337,29.690634539999998,92.97,324,4325376,3e-05,0.989323402941227,0.13965629041194916,0.9545934200286865,21110,0.0075030443,-1.737577737867832,0.125537109375,-0.014389285241486504,0.1,,
2113,13342,30.64011276,91.73,324,4327424,3e-05,1.1267788410186768,0.16808681190013885,0.9319689869880676,21120,0.0054397536,-1.6837532669305801,0.125439453125,-0.013028490031138063,0.1,,
2114,13348,31.041290059999998,91.23,324,4329472,3e-05,0.7769864099100232,0.11834286153316498,0.9606971740722656,21130,0.0072011077,-1.6473182290792465,0.147509765625,-0.015766878618160264,0.1,,
,,,,,4330000,3e-05,0.7615161240100861,0.08917172253131866,0.9518159627914429,21140,0.008090822,-1.6831683650612832,0.138818359375,-0.014053302578395233,0.1,35.63817291259765,93.4
2115,13354,31.413685589999996,92.68,324,4331520,,,,,,,,,,,,
2116,13360,31.24594432,92.37,324,4333568,3e-05,0.8972524916753173,0.11824493110179901,0.9548690319061279,21150,0.005328184,-1.7266147673130035,0.128076171875,-0.015371220689848997,0.1,,
2117,13365,31.087147340000005,92.89,324,4335616,3e-05,1.091950585320592,0.09216450899839401,0.9385213851928711,21160,0.0051622847,-1.7099226698279382,0.103369140625,-0.013042399036930875,0.1,,
2118,13371,30.12910716,92.77,324,4337664,3e-05,0.9099593758583069,0.07877117395401001,0.9478137493133545,21170,0.0073333303,-1.734958666563034,0.134521484375,-0.01369625863735564,0.1,,
2119,13376,30.343479660000003,91.9,324,4339712,3e-05,0.9315648395568132,0.1125086322426796,0.9417972564697266,21180,0.0046025924,-1.6726004138588906,0.10625,-0.014063365303445607,0.1,,
,,,,,4340000,3e-05,0.9155614549294114,0.10145445168018341,0.9586132168769836,21190,0.0040193293,-1.7208603382110597,0.10849609375,-0.013791574107017368,0.1,30.09368190765381,87.0
2120,13383,30.10321316,92.95,324,4341760,,,,,,,,,,,,
2121,13388,29.946733759999997,93.41,324,4343808,3e-05,0.6634660482406616,0.0889987200498581,0.9593862891197205,21200,0.006197225,-1.721378231048584,0.123828125,-0.0161149445688352,0.1,,
2122,13394,29.815031650000005,93.9,324,4345856,3e-05,0.6418666448444128,0.05796108394861221,0.9661253690719604,21210,0.0070230616,-1.6160827994346618,0.118115234375,-0.01538888707291335,0.1,,
2123,13399,28.901271259999998,94.99,324,4347904,3e-05,0.9498791486024857,0.11972592025995255,0.9465955495834351,21220,0.008697888,-1.7108752459287644,0.127783203125,-0.013863461674191058,0.1,,
2124,13404,28.4421184,94.5,324,4349952,3e-05,1.0998465161770583,0.1446205973625183,0.934057354927063,21230,0.0074070813,-1.6624327808618546,0.114208984375,-0.012050713272765278,0.1,,
,,,,,4350000,3e-05,1.1224918961524963,0.16409477591514587,0.9362263679504395,21240,0.0052156877,-1.593101067841053,0.111669921875,-0.013168863998726011,0.1,31.045660781860352,81.8
2125,13410,28.526439500000002,94.69,324,4352000,,,,,,,,,,,,
2126,13416,29.78996294000001,93.16,324,4354048,3e-05,1.040815319120884,0.1336020976305008,0.9311155080795288,21250,0.005392624,-1.6833410009741783,0.101904296875,-0.0126144844078226,0.1,,
2127,13421,30.463285730000003,93.52,324,4356096,3e-05,0.7200298938900233,0.10262590646743774,0.9659984707832336,21260,0.0063870694,-1.5780757635831832,0.122314453125,-0.012502677441807464,0.1,,
2128,13427,30.846702590000003,93.4,324,4358144,3e-05,0.9919429488480092,0.07225456833839417,0.9497517347335815,21270,0.0048046196,-1.5482958778738976,0.09130859375,-0.013044005946721882,0.1,,
,,,,,4360000,3e-05,0.6088556777685881,0.07221865653991699,0.9690284132957458,21280,0.005851819,-1.5948301270604133,0.10107421875,-0.01180085377418436,0.1,34.17761917114258,82.8
2129,13434,31.35274062,92.98,324,4360192,,,,,,,,,,,,
2130,13439,30.949281459999998,93.98,324,4362240,3e-05,0.6443207109346986,0.10260163247585297,0.9589601159095764,21290,0.007289104,-1.5769192636013032,0.11689453125,-0.014190366253023967,0.1,,
2131,13444,30.72121455,93.63,324,4364288,3e-05,1.3119322173297405,0.29460665583610535,0.9303067326545715,21300,0.0040954575,-1.5835254698991776,0.08193359375,-0.010825602465774863,0.1,,
2132,13449,31.293164120000007,92.12,324,4366336,3e-05,1.0254372954368591,0.12703585624694824,0.9449331164360046,21310,0.0055442434,-1.5952151745557785,0.102490234375,-0.011862535576801747,0.1,,
2133,13454,30.357583449999996,92.61,324,4368384,3e-05,0.9181999148800969,0.10315664857625961,0.9545706510543823,21320,0.005827545,-1.5660495728254318,0.099072265625,-0.013493966055102646,0.1,,
,,,,,4370000,3e-05,0.9469487810507417,0.060984060168266296,0.9492469429969788,21330,0.008134259,-1.7155223399400712,0.12021484375,-0.014910178881837054,0.1,27.31404666900635,91.8
2134,13461,30.033138110000003,92.6,324,4370432,,,,,,,,,,,,
2135,13467,29.515363289999996,92.2,324,4372480,3e-05,0.8223705558106303,0.10450491309165955,0.9571542143821716,21340,0.008384988,-1.660971349477768,0.113232421875,-0.01259735580533743,0.1,,
2136,13472,28.711353340000002,93.16,324,4374528,3e-05,1.3868527706712483,0.18905937671661377,0.9257861971855164,21350,0.0035650085,-1.6293322414159774,0.115869140625,-0.013208516692975536,0.1,,
2137,13477,29.489804530000004,91.83,324,4376576,3e-05,1.033000649511814,0.12067006528377533,0.9264213442802429,21360,0.0060609765,-1.6885952547192573,0.115576171875,-0.013623952912166715,0.1,,
2138,13483,30.06794758,91.71,324,4378624,3e-05,0.6837921652942895,0.06982091814279556,0.9564867615699768,21370,0.012021359,-1.648958832025528,0.152197265625,-0.012830628379015252,0.1,,
,,,,,4380000,3e-05,0.6724589195102453,0.05082102119922638,0.9682400226593018,21380,0.0068750335,-1.6724733799695968,0.14599609375,-0.014981276242178865,0.1,33.18652153015137,88.6
2139,13489,30.57605409,91.43,324,4380672,,,,,,,,,,,,
2140,13495,30.74512711000001,91.65,324,4382720,3e-05,0.9187889967113734,0.12641867995262146,0.9429749250411987,21390,0.0055251885,-1.6430071040987968,0.123974609375,-0.012590540235396474,0.1,,
2141,13501,30.915278930000003,91.96,324,4384768,3e-05,0.7311038767918945,0.08850730210542679,0.9542255401611328,21400,0.0052976375,-1.6929517269134522,0.11611328125,-0.013708138494985178,0.1,,
2142,13506,30.82582612,92.32,324,4386816,3e-05,0.6792611120268702,0.07872743159532547,0.9540773034095764,21410,0.0071911756,-1.6294521138072013,0.106298828125,-0.012367694795830175,0.1,,
2143,13512,30.360334909999995,92.13,324,4388864,3e-05,0.7701689196750522,0.054318591952323914,0.9519522190093994,21420,0.0061727655,-1.6483630061149597,0.11376953125,-0.012836252414854244,0.1,,
,,,,,4390000,3e-05,0.6914091607555747,0.10697253793478012,0.9518029689788818,21430,0.008823495,-1.7100096672773362,0.1310546875,-0.013228089208132588,0.1,30.86258773803711,91.4
2144,13518,30.494619160000006,93.0,324,4390912,,,,,,,,,,,,
2145,13524,29.79035091,93.53,324,4392960,3e-05,0.6523642227053642,0.05993014574050903,0.9561175107955933,21440,0.0075752274,-1.627705529332161,0.121142578125,-0.012197289380856092,0.1,,
2146,13529,29.356757719999997,94.08,324,4395008,3e-05,1.071445259824395,0.1024964302778244,0.9404546618461609,21450,0.0050959475,-1.6843862891197205,0.107470703125,-0.008434901514556259,0.1,,
2147,13535,28.805603629999997,95.12,324,4397056,3e-05,0.878894130513072,0.12263906002044678,0.9390097260475159,21460,0.0073597273,-1.6152251958847046,0.1134765625,-0.011720966879511251,0.1,,
2148,13540,28.58153904,94.77,324,4399104,3e-05,0.7069960096850991,0.07765908539295197,0.9544376730918884,21470,0.009268726,-1.6284444779157639,0.137548828125,-0.010579696553759278,0.1,,
,,,,,4400000,3e-05,0.9993123430758715,0.13670945167541504,0.9244476556777954,21480,0.004450835,-1.698665986955166,0.115576171875,-0.01044957154081203,0.1,28.991823959350587,95.0
2149,13547,28.94423292,95.42,324,4401152,,,,,,,,,,,,
2150,13552,29.150329160000002,95.59,324,4403200,3e-05,0.5536046713590622,0.06315608322620392,0.9666999578475952,21490,0.0064185876,-1.6419738113880158,0.1263671875,-0.013320690629188902,0.1,,
2151,13557,29.330329180000003,95.65,324,4405248,3e-05,0.6656132461503148,0.07642601430416107,0.9489296078681946,21500,0.006539088,-1.7071899235248567,0.118896484375,-0.014466423093108461,0.1,,
2152,13562,28.937165170000004,95.43,324,4407296,3e-05,0.7333633814007043,0.08448159694671631,0.9623469114303589,21510,0.0066794837,-1.687913218140602,0.116552734375,-0.013693927769782021,0.1,,
2153,13567,29.69902135,95.18,324,4409344,3e-05,0.9301040079444647,0.1270054578781128,0.9436737895011902,21520,0.006848665,-1.6487395659089088,0.11181640625,-0.0141344036499504,0.1,,
,,,,,4410000,3e-05,0.9816640295088291,0.14142902195453644,0.9456815123558044,21530,0.0061810333,-1.5848107203841209,0.102001953125,-0.013358807913027704,0.1,31.422463607788085,93.8
2154,13574,29.2791347,95.32,324,4411392,,,,,,,,,,,,
2155,13579,28.317607019999997,96.39,325,4413440,3e-05,1.619077644869685,0.23438936471939087,0.9016410708427429,21540,0.0038904885,-1.669301289319992,0.128955078125,-0.01153175104118418,0.1,,
2156,13585,28.00484132,96.73,325,4415488,3e-05,1.0696058254688978,0.14932852983474731,0.9385282397270203,21550,0.004542134,-1.6664790660142899,0.11513671875,-0.013710482424357906,0.1,,
2157,13591,27.82853028,96.85,325,4417536,3e-05,0.9170576576143503,0.13437771797180176,0.9489191770553589,21560,0.0052930433,-1.5798638239502907,0.10400390625,-0.01014691130258143,0.1,,
2158,13596,27.296416590000003,96.75,325,4419584,3e-05,1.2670877501368523,0.13563472032546997,0.9384396076202393,21570,0.003851083,-1.6469364881515502,0.08056640625,-0.011579673309461214,0.1,,
,,,,,4420000,3e-05,1.1792764741927386,0.11446396261453629,0.9416316747665405,21580,0.0046038292,-1.6975600361824035,0.101123046875,-0.013166635052766652,0.1,26.513037109375,90.4
2159,13603,28.030424370000006,95.16,325,4421632,,,,,,,,,,,,
2160,13608,29.167612460000004,92.6,325,4423680,3e-05,1.5975936584174633,0.2337711900472641,0.9158812761306763,21590,0.0058880458,-1.6859156891703606,0.112451171875,-0.013271944591542706,0.1,,
2161,13614,30.14212805,92.03,325,4425728,3e-05,0.6402996227145195,0.07516689598560333,0.9633442759513855,21600,0.005186865,-1.5634694591164588,0.119482421875,-0.010922146623488515,0.1,,
2162,13620,30.16368332,92.15,325,4427776,3e-05,0.6348515421152114,0.03708392381668091,0.9649112224578857,21610,0.0059896903,-1.5281094461679459,0.125732421875,-0.015067823437857442,0.1,,
2163,13626,30.12990853000001,92.18,325,4429824,3e-05,0.5796868827193975,0.0604986771941185,0.9664270281791687,21620,0.006680607,-1.6114490196108817,0.122265625,-0.013821416831342503,0.1,,
,,,,,4430000,3e-05,0.610809737816453,0.09033826738595963,0.9629799127578735,21630,0.006680456,-1.6376786276698112,0.115380859375,-0.013934860448352992,0.1,30.010720634460448,94.2
2164,13632,30.01096715000001,93.78,325,4431872,,,,,,,,,,,,
2165,13637,29.771659569999997,93.89,325,4433920,3e-05,1.2913840405642987,0.2815128564834595,0.9375641345977783,21640,0.004521005,-1.6397355303168297,0.115087890625,-0.011233041243394836,0.1,,
2166,13643,29.268940939999997,93.89,325,4435968,3e-05,0.9586084203794598,0.08032713830471039,0.9466726183891296,21650,0.005794691,-1.577372495830059,0.09375,-0.012003134947735816,0.1,,
2167,13648,29.31481977,93.8,325,4438016,3e-05,0.6513234946876765,0.04696917533874512,0.9566903710365295,21660,0.0064596245,-1.6446766048669814,0.120703125,-0.014969429635675624,0.1,,
,,,,,4440000,3e-05,0.9207680154591799,0.08247552812099457,0.9474032521247864,21670,0.0054529714,-1.6534339636564255,0.118798828125,-0.01289228317909874,0.1,28.1409049987793,82.4
2168,13654,29.564736619999998,93.22,325,4440064,,,,,,,,,,,,
2169,13659,29.510777219999994,93.14,325,4442112,3e-05,0.9526072833687067,0.11196005344390869,0.9519057869911194,21680,0.004390511,-1.5955081820487975,0.08603515625,-0.012757108401274309,0.1,,
2170,13664,29.850826190000003,92.89,325,4444160,3e-05,2.168843637779355,0.22066906094551086,0.8912580609321594,21690,0.0034167555,-1.6536270320415496,0.09912109375,-0.011434473178815097,0.1,,
2171,13669,29.60992945,93.69,325,4446208,3e-05,1.2324152167886495,0.1270471066236496,0.9353268146514893,21700,0.0063592717,-1.6058090224862098,0.097900390625,-0.013129946630215272,0.1,,
2172,13675,28.412767470000002,94.38,325,4448256,3e-05,0.8152705965563655,0.07843051850795746,0.9458572864532471,21710,0.011867179,-1.6882153362035752,0.140673828125,-0.011204419350542593,0.1,,
,,,,,4450000,3e-05,0.7331021793186665,0.055302560329437256,0.949216902256012,21720,0.0059355125,-1.6683955132961272,0.146533203125,-0.012201637188263703,0.1,31.469293975830077,92.0
2173,13681,28.590935570000003,94.88,325,4450304,,,,,,,,,,,,
2174,13686,28.18161649,95.42,325,4452352,3e-05,0.9201682418584823,0.13103729486465454,0.9585593342781067,21730,0.00628222,-1.5895659357309342,0.1142578125,-0.011051030062662903,0.1,,
2175,13691,27.729632589999998,95.67,325,4454400,3e-05,0.9283628351986408,0.13184507191181183,0.9618610143661499,21740,0.007028909,-1.752398928999901,0.1486328125,-0.01108997036353685,0.1,,
2176,13696,28.65491965,93.04,325,4456448,3e-05,1.009887008368969,0.11068381369113922,0.9431939125061035,21750,0.005030621,-1.757373046875,0.1404296875,-0.012815153400879353,0.1,,
2177,13702,27.733327159999995,93.65,325,4458496,3e-05,1.4097135823220015,0.1397644430398941,0.9160606861114502,21760,0.0050925612,-1.690363274514675,0.111376953125,-0.011646510398713871,0.1,,
,,,,,4460000,3e-05,1.0055693116039037,0.13274218142032623,0.9547757506370544,21770,0.0046396367,-1.6397576123476028,0.12138671875,-0.01331271028611809,0.1,29.69528465270996,96.0
2178,13708,28.040270019999998,95.06,325,4460544,,,,,,,,,,,,
2179,13713,29.495439010000005,93.27,325,4462592,3e-05,0.7735814779996872,0.06146887689828873,0.9513224959373474,21780,0.0057229693,-1.6305380180478095,0.1076171875,-0.013280242678592912,0.1,,
2180,13718,29.658770790000002,92.65,325,4464640,3e-05,0.961998695321381,0.08833535015583038,0.9563019275665283,21790,0.005681852,-1.5580405056476594,0.10546875,-0.010489749041153119,0.1,,
2181,13723,30.092582019999995,92.83,325,4466688,3e-05,0.8794614121317863,0.07452662289142609,0.9547226428985596,21800,0.0052008918,-1.6438490256667138,0.103759765625,-0.013488234102260322,0.1,,
2182,13729,31.351362820000006,91.44,325,4468736,3e-05,0.8507649349048734,0.07404275238513947,0.9550632238388062,21810,0.0071085636,-1.634978099167347,0.127783203125,-0.014600442646769806,0.1,,
,,,,,4470000,3e-05,0.6307950681075454,0.043840110301971436,0.9676125645637512,21820,0.007707366,-1.6517300754785538,0.13525390625,-0.01357876463152934,0.1,27.225217437744142,94.2
2183,13735,31.080704679999993,91.57,325,4470784,,,,,,,,,,,,
2184,13741,29.795504109999996,91.76,325,4472832,3e-05,0.8624272815883159,0.11632204055786133,0.9539803862571716,21830,0.0075082285,-1.6334820792078972,0.125927734375,-0.014552452886709944,0.1,,
2185,13746,29.74446347,92.36,325,4474880,3e-05,1.4036278963088988,0.1592647135257721,0.9191715717315674,21840,0.0038589616,-1.6535826668143272,0.090625,-0.011311518645379692,0.1,,
2186,13752,29.72544182,93.23,325,4476928,3e-05,1.0787318728864193,0.14503353834152222,0.9346439838409424,21850,0.0059461137,-1.6449291422963142,0.099755859375,-0.012051149623584934,0.1,,
2187,13757,29.006194980000004,94.71,325,4478976,3e-05,0.7860170885920524,0.08951206505298615,0.9555577635765076,21860,0.009878812,-1.5727063700556756,0.120263671875,-0.01169959754915908,0.1,,
,,,,,4480000,3e-05,0.5924703605473042,0.060445524752140045,0.9701361656188965,21870,0.008076857,-1.650405725836754,0.14755859375,-0.013968543463852257,0.1,34.38735237121582,89.2
2188,13764,29.433828310000003,94.93,325,4481024,,,,,,,,,,,,
2189,13770,29.575344320000003,95.18,325,4483072,3e-05,1.3495413530617952,0.2562132477760315,0.9284253716468811,21880,0.005356171,-1.618449266254902,0.103662109375,-0.013309800170827658,0.1,,
2190,13775,29.251322699999996,95.41,325,4485120,3e-05,0.7220558820292353,0.06974021345376968,0.9536283016204834,21890,0.005169641,-1.65990841537714,0.115087890625,-0.014970530150458216,0.1,,
2191,13781,28.535837450000002,95.51,325,4487168,3e-05,0.8468247005715966,0.07770594209432602,0.9447950720787048,21900,0.005840202,-1.6252230495214461,0.127099609375,-0.013439058576477692,0.1,,
2192,13787,28.544609970000007,94.65,325,4489216,3e-05,0.7752783726900816,0.06839859485626221,0.9579477310180664,21910,0.0057599936,-1.6571631610393525,0.1267578125,-0.014923840781557373,0.1,,
,,,,,4490000,3e-05,1.1650047432631254,0.14543406665325165,0.9216261506080627,21920,0.0075873034,-1.677486278116703,0.106298828125,-0.012590557726798578,0.1,24.227980422973634,89.8
2193,13794,28.193719780000006,95.33,325,4491264,,,,,,,,,,,,
2194,13800,28.362608090000002,94.45,325,4493312,3e-05,1.2072521019726992,0.19054467976093292,0.9501171112060547,21930,0.0067881304,-1.6306661441922188,0.124365234375,-0.010604610174777918,0.1,,
2195,13805,28.65379265,93.76,325,4495360,3e-05,1.2210050377994777,0.17339637875556946,0.9225932359695435,21940,0.004900347,-1.6930747106671333,0.108544921875,-0.012383342446992174,0.1,,
2196,13811,28.21833271,94.85,325,4497408,3e-05,0.7227751536294817,0.07624214887619019,0.9579558372497559,21950,0.005653629,-1.6131485849618912,0.128955078125,-0.014350813353667035,0.1,,
2197,13816,28.198031949999994,95.4,325,4499456,3e-05,1.0151390865445138,0.1517258584499359,0.9437253475189209,21960,0.005502899,-1.673929338157177,0.1068359375,-0.013248407345963642,0.1,,
,,,,,4500000,3e-05,0.8755424300208687,0.10769059509038925,0.9454293251037598,21970,0.0062128603,-1.660145464539528,0.1236328125,-0.013641541588003746,0.1,23.686838912963868,97.8
2198,13823,28.823760420000003,94.93,325,4501504,,,,,,,,,,,,
2199,13828,29.50995664,94.5,325,4503552,3e-05,0.8644388997927308,0.10057088732719421,0.9543554782867432,21980,0.0069612805,-1.6658318653702735,0.11884765625,-0.011472323472844437,0.1,,
2200,13833,29.628474890000003,94.05,325,4505600,3e-05,0.6811902526766062,0.09744787961244583,0.9669106602668762,21990,0.008429287,-1.6207503750920296,0.13994140625,-0.012290468747960404,0.1,,
2201,13838,30.49570001,92.77,325,4507648,3e-05,1.027607189118862,0.11698311567306519,0.9351000189781189,22000,0.00632218,-1.6267167553305626,0.120166015625,-0.012888985261088236,0.1,,
2202,13844,31.25262608,90.91,325,4509696,3e-05,1.208017760515213,0.1474260836839676,0.9375650882720947,22010,0.0059486176,-1.551369236409664,0.114453125,-0.009868023439776153,0.1,,
,,,,,4510000,3e-05,0.8889005597680807,0.13163317739963531,0.949303150177002,22020,0.0050573777,-1.5400724217295647,0.103466796875,-0.012549184140516445,0.1,31.23720359802246,85.8
2203,13850,30.719678950000002,92.23,325,4511744,,,,,,,,,,,,
2204,13855,30.469018900000002,93.77,325,4513792,3e-05,0.9017986763268709,0.08819005638360977,0.9534499049186707,22030,0.0058278767,-1.5897108003497125,0.119775390625,-0.01238846720661968,0.1,,
2205,13860,30.948633100000002,93.05,325,4515840,3e-05,0.8302379759028554,0.07655909657478333,0.9313773512840271,22040,0.006791753,-1.7138997822999955,0.126611328125,-0.014294039802916814,0.1,,
2206,13865,30.233412489999996,93.39,325,4517888,3e-05,1.022812389023602,0.10935576260089874,0.9434805512428284,22050,0.009729171,-1.6049735248088837,0.13623046875,-0.012848328475956804,0.1,,
2207,13871,29.82405804,93.87,325,4519936,3e-05,0.9122741742059588,0.11156247556209564,0.9451553821563721,22060,0.0051212683,-1.6254109650850297,0.104541015625,-0.014890776324318723,0.1,,
,,,,,4520000,3e-05,0.7362332982942462,0.0631033256649971,0.9563262462615967,22070,0.0068945116,-1.6495392084121705,0.133740234375,-0.014755101758055389,0.1,30.08390998840332,94.6
2208,13877,29.806019850000002,93.86,325,4521984,,,,,,,,,,,,
2209,13882,29.340646839999994,93.77,325,4524032,3e-05,0.7557522542774677,0.09309978038072586,0.9478033185005188,22080,0.007160387,-1.6255585506558419,0.102734375,-0.013598359114257618,0.1,,
2210,13888,28.745359820000008,94.07,325,4526080,3e-05,0.9334792889654636,0.10387451946735382,0.9449023604393005,22090,0.0059643523,-1.6190309628844262,0.112255859375,-0.012175469062640332,0.1,,
2211,13893,28.90575404,94.71,325,4528128,3e-05,0.9879447257146239,0.10000329464673996,0.943381130695343,22100,0.004677085,-1.6461576744914055,0.108984375,-0.014553847323986702,0.1,,
,,,,,4530000,3e-05,1.0192418223246933,0.1346457451581955,0.9423661828041077,22110,0.00561299,-1.6287064522504806,0.086962890625,-0.012403638509567827,0.1,25.687261199951173,99.4
2212,13899,29.632980039999996,93.43,325,4530176,,,,,,,,,,,,
2213,13905,29.74626218,93.49,325,4532224,3e-05,0.842704171128571,0.08934393525123596,0.9465293884277344,22120,0.0074584614,-1.6393635064363479,0.111962890625,-0.014258452388457955,0.1,,
2214,13910,30.138038589999997,93.29,325,4534272,3e-05,0.6774399612098932,0.05209898576140404,0.956099808216095,22130,0.008597918,-1.6117664292454719,0.13876953125,-0.00724457079777494,0.1,,
2215,13915,29.957677599999997,92.74,325,4536320,3e-05,1.0410634323954582,0.17323780059814453,0.9308087825775146,22140,0.005030653,-1.6896366894245147,0.1248046875,-0.012030392358428798,0.1,,
2216,13920,29.95623167,92.5,326,4538368,3e-05,1.0956963445991277,0.0768246129155159,0.9405213594436646,22150,0.005283403,-1.6733810752630234,0.112548828125,-0.014769103622529655,0.1,,
,,,,,4540000,3e-05,0.7284327153116464,0.05816186964511871,0.9595419764518738,22160,0.0055433605,-1.6812084168195724,0.1208984375,-0.013902988130575977,0.1,36.61986122131348,86.0
2217,13926,28.695987229999997,93.61,326,4540416,,,,,,,,,,,,
2218,13931,28.388749119999996,92.86,326,4542464,3e-05,1.2132431976497173,0.08846960961818695,0.9191162586212158,22170,0.006577944,-1.8041032612323762,0.133251953125,-0.0139636070583947,0.1,,
2219,13937,28.835205769999998,93.01,326,4544512,3e-05,1.0627047665417195,0.14943808317184448,0.9428649544715881,22180,0.006533137,-1.7598886087536811,0.1349609375,-0.016061909624841064,0.1,,
2220,13942,28.107659079999994,94.4,326,4546560,3e-05,0.7869410373270511,0.08265858888626099,0.9524863362312317,22190,0.008428917,-1.7152573838829994,0.14013671875,-0.013309839856810867,0.1,,
2221,13947,28.641968390000006,93.94,326,4548608,3e-05,0.6690952995792031,0.05708228424191475,0.9444675445556641,22200,0.007183711,-1.7595015853643416,0.16572265625,-0.015205100388266146,0.1,,
,,,,,4550000,3e-05,1.6016912832856178,0.14897410571575165,0.9192337393760681,22210,0.004907876,-1.7065385594964027,0.113720703125,-0.012707109504844993,0.1,25.047291564941407,103.0
2222,13954,27.891298189999993,95.18,326,4550656,,,,,,,,,,,,
2223,13959,28.51800928,94.73,326,4552704,3e-05,1.4580131869763135,0.10300754010677338,0.9263007044792175,22220,0.006541023,-1.889611779153347,0.12265625,-0.014029509207466618,0.1,,
2224,13964,28.39581639,94.63,326,4554752,3e-05,1.7956086177378894,0.11198873817920685,0.9001682996749878,22230,0.004542941,-1.74813764244318,0.081640625,-0.00947426924831234,0.1,,
2225,13969,28.34513282,94.49,326,4556800,3e-05,1.423241801187396,0.19243282079696655,0.9157754182815552,22240,0.0046423255,-1.8490139707922935,0.117041015625,-0.011207118516904303,0.1,,
2226,13974,28.932973739999994,93.38,326,4558848,3e-05,1.3373022980988025,0.15990707278251648,0.9342944025993347,22250,0.004865593,-1.8714084431529046,0.120654296875,-0.013507380458759145,0.1,,
,,,,,4560000,3e-05,1.5260553665459156,0.2422887533903122,0.9305565357208252,22260,0.0046805386,-1.8389115914702416,0.1212890625,-0.013182545633753762,0.1,26.00776481628418,101.0
2227,13981,29.68816411,92.69,326,4560896,,,,,,,,,,,,
2228,13986,29.12446378,92.76,326,4562944,3e-05,1.0835355456918478,0.09279808402061462,0.9288946390151978,22270,0.008640164,-1.842111049592495,0.140283203125,-0.011991530179511756,0.1,,
2229,13992,28.625401520000004,92.66,326,4564992,3e-05,1.2869013424962759,0.10293743759393692,0.924872875213623,22280,0.0049987724,-1.786320573091507,0.151708984375,-0.011208369041560218,0.1,,
2230,13997,28.820310240000005,92.12,326,4567040,3e-05,1.5395310137420892,0.20487064123153687,0.9319018721580505,22290,0.0067022517,-1.7961128056049347,0.115869140625,-0.01428372588707134,0.1,,
2231,14002,28.780804120000003,91.91,326,4569088,3e-05,1.3599296513944865,0.1546553671360016,0.9307204484939575,22300,0.006913225,-1.813159954547882,0.146337890625,-0.014834906870964915,0.1,,
,,,,,4570000,3e-05,1.3785355012863874,0.1650473028421402,0.9323773980140686,22310,0.0048441924,-1.7900166153907775,0.125927734375,-0.012433222774416209,0.1,28.192084884643556,94.2
2232,14008,28.42286741,91.36,326,4571136,,,,,,,,,,,,
2233,14014,29.19467182,91.15,326,4573184,3e-05,1.2346809323877097,0.15485772490501404,0.9348258972167969,22320,0.004960527,-1.791260914504528,0.099951171875,-0.013881923994631507,0.1,,
2234,14019,28.51426292,92.76,326,4575232,3e-05,0.9908325307071209,0.0997994914650917,0.9443422555923462,22330,0.0052159242,-1.808449460566044,0.131884765625,-0.015647158518549985,0.1,,
2235,14024,28.131350449999996,93.64,326,4577280,3e-05,0.8047419907525182,0.07383327186107635,0.9459875822067261,22340,0.0064066267,-1.8332423612475395,0.1513671875,-0.01742342935758643,0.1,,
2236,14029,27.91942731,94.16,326,4579328,3e-05,1.1097031459212303,0.10382557660341263,0.9525014758110046,22350,0.0056687817,-1.8005312860012055,0.154931640625,-0.015268086566356942,0.1,,
,,,,,4580000,3e-05,1.0026887949556111,0.1457597315311432,0.9416528940200806,22360,0.007170407,-1.7121024250984191,0.12421875,-0.011517593088501598,0.1,25.67866439819336,97.4
2237,14036,28.4262681,94.62,326,4581376,,,,,,,,,,,,
2238,14041,29.090530009999995,94.59,326,4583424,3e-05,1.049733652919531,0.14105859398841858,0.9427064657211304,22370,0.007007641,-1.7818521723151206,0.16328125,-0.010327431850600987,0.1,,
2239,14047,29.500898170000006,94.36,326,4585472,3e-05,1.1359081760048866,0.1454610526561737,0.9489391446113586,22380,0.006205898,-1.7468381181359292,0.1154296875,-0.012686662818305194,0.1,,
2240,14052,29.646000719999996,93.74,326,4587520,3e-05,0.8253736436367035,0.0811772570014,0.9488564729690552,22390,0.007938222,-1.8161137595772743,0.156201171875,-0.017913037270773202,0.1,,
2241,14057,29.7467961,93.75,326,4589568,3e-05,1.3063482102006674,0.11325250566005707,0.9139066338539124,22400,0.005648461,-1.7604085355997086,0.12841796875,-0.01447725145262666,0.1,,
,,,,,4590000,3e-05,0.6753671903163194,0.04996901750564575,0.9626889228820801,22410,0.0072450303,-1.7022346198558806,0.1607421875,-0.013980938927852548,0.1,21.04953989982605,99.4
2242,14063,29.72695536,94.5,326,4591616,,,,,,,,,,,,
2243,14069,29.92251767999999,93.44,326,4593664,3e-05,1.2923612896353007,0.12786661088466644,0.9410286545753479,22420,0.0044028894,-1.7569382026791573,0.09990234375,-0.012372840114403516,0.1,,
2244,14074,30.022009970000003,92.49,326,4595712,3e-05,0.8301840558648109,0.10238015651702881,0.9565756320953369,22430,0.00743971,-1.784615731239319,0.14794921875,-0.01682285989227239,0.1,,
2245,14079,29.461238589999997,91.72,326,4597760,3e-05,1.436202099174261,0.13210925459861755,0.8975684642791748,22440,0.0039748866,-1.7207293480634689,0.111572265625,-0.012912958388915286,0.1,,
2246,14085,29.55534268,90.96,326,4599808,3e-05,1.4401961293071508,0.22261583805084229,0.921205997467041,22450,0.0059164227,-1.7187455266714096,0.11181640625,-0.013019471074221656,0.1,,
,,,,,4600000,3e-05,1.2820450507104397,0.16150081157684326,0.9266513586044312,22460,0.0038543008,-1.7016091287136077,0.106103515625,-0.009973543978412635,0.1,30.03659133911133,102.0
2247,14091,29.305219479999995,92.2,326,4601856,,,,,,,,,,,,
2248,14097,29.164857699999992,93.54,326,4603904,3e-05,1.2851259630173444,0.10309677571058273,0.925865888595581,22470,0.0059437845,-1.73273463845253,0.109716796875,-0.013973967352649197,0.1,,
2249,14102,29.66521812,94.56,326,4605952,3e-05,0.6815324563533067,0.05815647169947624,0.9516322612762451,22480,0.0069086896,-1.7360151827335357,0.144384765625,-0.015972943598171696,0.1,,
2250,14107,30.071454530000004,94.92,326,4608000,3e-05,0.8794720301404595,0.09822695702314377,0.9428601861000061,22490,0.0071803504,-1.7850999787449837,0.147802734375,-0.012750751335988752,0.1,,
,,,,,4610000,3e-05,1.0020151261240244,0.0962444394826889,0.947729766368866,22500,0.004621413,-1.697634255886078,0.120947265625,-0.012231188250007108,0.1,25.458367919921876,93.8
2251,14113,29.38142656,94.58,326,4610048,,,,,,,,,,,,
2252,14118,30.123469399999994,95.48,326,4612096,3e-05,1.491289097443223,0.49099063873291016,0.9363051056861877,22510,0.0072590276,-1.6711165323853492,0.118359375,-0.012670008308487014,0.1,,
2253,14124,30.44329651,95.3,326,4614144,3e-05,0.8391182718798518,0.07516138255596161,0.9492326974868774,22520,0.0062969374,-1.6312079191207887,0.11875,-0.0130623136239592,0.1,,
2254,14129,30.330332229999996,94.92,326,4616192,3e-05,0.7224605903029442,0.06841577589511871,0.9561358094215393,22530,0.00791998,-1.6839700609445571,0.14306640625,-0.013820732990279794,0.1,,
2255,14136,29.883717599999997,95.09,326,4618240,3e-05,0.9093238320201635,0.09523240476846695,0.9418840408325195,22540,0.0045723254,-1.667837643623352,0.11484375,-0.013743898447137326,0.1,,
,,,,,4620000,3e-05,1.4446112394332886,0.17327021062374115,0.9288442134857178,22550,0.006159845,-1.6378385588526725,0.113623046875,-0.011189870478119701,0.1,27.55090789794922,98.6
2256,14143,29.07840648,95.32,326,4620288,,,,,,,,,,,,
2257,14149,28.020163639999996,96.85,326,4622336,3e-05,1.308172232657671,0.16477862000465393,0.9145623445510864,22560,0.003921273,-1.6694209799170494,0.095703125,-0.011941703769844025,0.1,,
2258,14155,28.348104469999996,95.6,326,4624384,3e-05,0.7171884851530195,0.08731891214847565,0.9382748007774353,22570,0.0052103363,-1.629754987359047,0.10732421875,-0.01227300636965083,0.1,,
2259,14161,28.358682879999996,96.12,326,4626432,3e-05,0.7456906950101256,0.08078400045633316,0.9628580212593079,22580,0.0076366635,-1.6113363325595855,0.12548828125,-0.013160078838700429,0.1,,
2260,14167,29.74104843,95.18,326,4628480,3e-05,0.8958581771701575,0.1527606099843979,0.9393633604049683,22590,0.0055723046,-1.6310254111886024,0.12568359375,-0.012754746977589094,0.1,,
,,,,,4630000,3e-05,0.5056389251723885,0.04888491332530975,0.9757674336433411,22600,0.0075227255,-1.57672820687294,0.151171875,-0.015102663091965951,0.1,38.74181365966797,83.8
2261,14173,30.55183203,94.75,326,4630528,,,,,,,,,,,,
2262,14179,30.636310700000003,94.32,326,4632576,3e-05,1.0797925706952811,0.17814847826957703,0.9540634155273438,22610,0.004222556,-1.5837253332138062,0.07890625,-0.010535056953085587,0.1,,
2263,14184,30.31291337,94.71,326,4634624,3e-05,0.5728517739102245,0.024477876722812653,0.9725451469421387,22620,0.0058161,-1.5643347948789597,0.140771484375,-0.010903349588625133,0.1,,
2264,14190,29.699953689999997,95.8,326,4636672,3e-05,0.6784062793478369,0.072466641664505,0.95691978931427,22630,0.0070041586,-1.5986474648118019,0.1201171875,-0.013683682447299362,0.1,,
2265,14195,29.604102689999994,95.99,326,4638720,3e-05,0.9266763243824243,0.11524342000484467,0.942812979221344,22640,0.0053289006,-1.541363951563835,0.084765625,-0.008513932744972409,0.1,,
,,,,,4640000,3e-05,0.8438107833266258,0.07406090199947357,0.9531558156013489,22650,0.0069940267,-1.6182421818375587,0.089501953125,-0.010650971229188145,0.1,28.106150817871093,92.0
2266,14202,29.615288340000003,94.81,326,4640768,,,,,,,,,,,,
2267,14207,29.983367880000007,94.27,326,4642816,3e-05,0.9345473732799292,0.08847814798355103,0.9529069066047668,22660,0.0066422443,-1.594383056461811,0.11923828125,-0.013748283998575061,0.1,,
2268,14213,30.22700949,94.32,326,4644864,3e-05,0.8278902160003782,0.09137506783008575,0.9583570957183838,22670,0.005863822,-1.5756086751818656,0.115087890625,-0.014392054092604667,0.1,,
2269,14219,30.42117263,93.38,326,4646912,3e-05,0.9035760592669249,0.13373790681362152,0.9544247984886169,22680,0.005139215,-1.6039820075035096,0.1080078125,-0.012328178872121499,0.1,,
2270,14225,31.030504850000003,93.03,326,4648960,3e-05,0.7306206610053778,0.04811598360538483,0.9610418081283569,22690,0.007985628,-1.6173390835523604,0.124560546875,-0.013718231035454664,0.1,,
,,,,,4650000,3e-05,0.5506041292101145,0.054876700043678284,0.9753929972648621,22700,0.006393555,-1.6750584304332734,0.13232421875,-0.015612316713668407,0.1,30.04299545288086,89.0
2271,14231,31.101426789999994,92.82,326,4651008,,,,,,,,,,,,
2272,14237,30.976666080000005,92.58,326,4653056,3e-05,0.5927897348999978,0.057885266840457916,0.9729408621788025,22710,0.0076386617,-1.6079168930649756,0.1353515625,-0.014312192710349336,0.1,,
2273,14242,29.960187680000008,92.61,326,4655104,3e-05,0.8375256782397628,0.04208129644393921,0.9351927042007446,22720,0.006806032,-1.7248455956578255,0.121435546875,-0.01489682974643074,0.1,,
2274,14247,30.09134734,92.4,326,4657152,3e-05,1.120362354069948,0.15868037939071655,0.9323669672012329,22730,0.0043339888,-1.6774758249521255,0.107080078125,-0.014341111551038921,0.1,,
2275,14253,29.75485384,92.43,326,4659200,3e-05,0.8337705818936229,0.10744905471801758,0.9525242447853088,22740,0.0061483467,-1.7132456362247468,0.12041015625,-0.014216368109919131,0.1,,
,,,,,4660000,3e-05,0.9616467501968146,0.11536772549152374,0.9414185285568237,22750,0.004591996,-1.6952790066599845,0.098046875,-0.013773917692014947,0.1,28.300085830688477,97.4
2276,14260,29.073110240000002,93.67,326,4661248,,,,,,,,,,,,
2277,14265,30.209294769999996,92.8,326,4663296,3e-05,1.2983699072152377,0.1072923094034195,0.9148047566413879,22760,0.00532547,-1.7315409645438193,0.104638671875,-0.011876765877241268,0.1,,
2278,14270,30.613163399999998,92.31,326,4665344,3e-05,1.2335686597973108,0.10247370600700378,0.9351272583007812,22770,0.006737621,-1.6812279358506204,0.11455078125,-0.01121562659391202,0.1,,
2279,14276,29.742580820000004,92.28,326,4667392,3e-05,0.8968370225280523,0.09603889286518097,0.9577773213386536,22780,0.007100881,-1.616626676917076,0.133349609375,-0.010381934168981389,0.1,,
2280,14282,29.79687971,90.84,326,4669440,3e-05,1.6229523804038763,0.26565784215927124,0.8745801448822021,22790,0.0038350327,-1.7319860607385635,0.10517578125,-0.012820632831426338,0.1,,
,,,,,4670000,3e-05,1.5715002853423357,0.1913450062274933,0.9234102368354797,22800,0.003817528,-1.6943567544221878,0.089697265625,-0.012510348547948524,0.1,29.518017578125,93.0
2281,14288,30.02400653,91.66,326,4671488,,,,,,,,,,,,
2282,14294,29.50116522999999,91.83,326,4673536,3e-05,0.6510498728603125,0.07997671514749527,0.9651027321815491,22810,0.006226947,-1.638574081659317,0.12626953125,-0.014747941127279774,0.1,,
2283,14299,29.032785129999994,92.35,326,4675584,3e-05,1.6940090697258712,0.1750173270702362,0.9120209217071533,22820,0.0041806647,-1.7857894629240036,0.119873046875,-0.014595277840271592,0.1,,
2284,14305,29.870513679999995,92.72,326,4677632,3e-05,0.6466268928721547,0.08629896491765976,0.9637118577957153,22830,0.005217955,-1.6285754159092902,0.1330078125,-0.01659326715162024,0.1,,
2285,14310,30.706548299999994,91.22,327,4679680,3e-05,0.7448432752862573,0.11259640008211136,0.9642634391784668,22840,0.0071730977,-1.6800130695104598,0.123583984375,-0.014156375493621453,0.1,,
,,,,,4680000,3e-05,0.8638828048482537,0.08016770333051682,0.9587357044219971,22850,0.00640445,-1.7255355730652808,0.141064453125,-0.015675645146984607,0.1,28.967281150817872,101.0
2286,14317,30.857258870000006,92.34,326,4681728,,,,,,,,,,,,
2287,14323,31.28446004,92.34,327,4683776,3e-05,1.0525986168533563,0.10484068095684052,0.9395784139633179,22860,0.005912248,-1.7345896154642104,0.128369140625,-0.015441849583294243,0.1,,
2288,14328,30.85889615,92.4,327,4685824,3e-05,0.5847850887104868,0.06441707909107208,0.9757529497146606,22870,0.0064997463,-1.6330035015940667,0.139208984375,-0.016549031238537282,0.1,,
2289,14334,30.71396338,92.89,327,4687872,3e-05,0.8189122501760722,0.08819645643234253,0.9562426805496216,22880,0.0059554484,-1.6846252709627152,0.1396484375,-0.017576323292450978,0.1,,
2290,14339,30.879554210000002,92.29,327,4689920,3e-05,0.8119294816628099,0.09400859475135803,0.9397222399711609,22890,0.008371005,-1.7212245970964433,0.1173828125,-0.014474416361190378,0.1,,
,,,,,4690000,3e-05,0.9124429984018206,0.08911299705505371,0.945034921169281,22900,0.007780468,-1.6608827263116837,0.116357421875,-0.013103110354859383,0.1,32.07043724060058,96.6
2291,14346,31.374980040000004,92.13,327,4691968,,,,,,,,,,,,
2292,14352,30.344475869999997,93.72,327,4694016,3e-05,1.1260740220546723,0.16995340585708618,0.937740683555603,22910,0.0050659734,-1.5992715522646903,0.12060546875,-0.014240466320188716,0.1,,
2293,14358,30.556897299999996,94.25,327,4696064,3e-05,0.9829930627718568,0.11381089687347412,0.9465893507003784,22920,0.005356931,-1.7418490499258041,0.123486328125,-0.013632248893554789,0.1,,
2294,14363,30.545377829999993,93.86,327,4698112,3e-05,0.6615794815123082,0.0795673280954361,0.959077775478363,22930,0.0067583174,-1.6559171095490455,0.143798828125,-0.014495053348946385,0.1,,
,,,,,4700000,3e-05,0.7619046285748482,0.07001861184835434,0.9574998617172241,22940,0.008931314,-1.5941933125257493,0.122705078125,-0.012115794836427085,0.1,30.15702705383301,99.0
2295,14370,29.207296260000003,95.86,327,4700160,,,,,,,,,,,,
2296,14376,28.890045350000005,95.23,327,4702208,3e-05,2.0484955478459597,0.16986271739006042,0.9122620820999146,22950,0.0040126033,-1.7866631895303726,0.083642578125,-0.013348357824725099,0.1,,
2297,14382,29.42998912999999,94.67,327,4704256,3e-05,0.951248275116086,0.13008388876914978,0.9506984353065491,22960,0.005270662,-1.6586454793810845,0.12177734375,-0.014265990434796549,0.1,,
2298,14388,28.635022989999996,94.89,327,4706304,3e-05,0.646126944757998,0.07704143971204758,0.9705670475959778,22970,0.005586004,-1.6318631604313851,0.12216796875,-0.013329642050666734,0.1,,
2299,14393,29.002176589999998,95.33,327,4708352,3e-05,0.6692338077351451,0.08196822553873062,0.9549903869628906,22980,0.0060514123,-1.6604699552059174,0.133203125,-0.01232245594728738,0.1,,
,,,,,4710000,3e-05,0.9872141189873218,0.08462696522474289,0.939374566078186,22990,0.004340249,-1.702205775678158,0.1125,-0.01284871642710641,0.1,25.13496627807617,102.4
2300,14400,28.70310362,95.45,327,4710400,,,,,,,,,,,,
2301,14406,29.192852729999995,94.44,327,4712448,3e-05,1.954928594827652,0.24044720828533173,0.8788019418716431,23000,0.00411248,-1.6825445294380188,0.0994140625,-0.01278472647536546,0.1,,
2302,14412,29.1991213,94.04,327,4714496,3e-05,1.9179116178303957,0.24395786225795746,0.900955855846405,23010,0.0041548484,-1.6633315935730935,0.1064453125,-0.013843069144058973,0.1,,
2303,14418,29.164086869999995,93.77,327,4716544,3e-05,1.4432212226092815,0.12469866871833801,0.9379289746284485,23020,0.005030592,-1.6824119597673417,0.105810546875,-0.014968782447976992,0.1,,
2304,14424,29.400523189999998,94.07,327,4718592,3e-05,1.1287337988615036,0.18080994486808777,0.9426101446151733,23030,0.006496692,-1.7111400425434113,0.12880859375,-0.014067952684126795,0.1,,
,,,,,4720000,3e-05,0.6279985709115863,0.04690203070640564,0.9670864343643188,23040,0.008865665,-1.602337194979191,0.140478515625,-0.01373785818577744,0.1,30.140034484863282,93.2
2305,14430,29.939078120000005,95.12,327,4720640,,,,,,,,,,,,
2306,14437,29.87856882,95.1,327,4722688,3e-05,2.4755863677710295,0.3905942440032959,0.8845260143280029,23050,0.004376825,-1.663874079287052,0.101416015625,-0.011636941938195377,0.1,,
2307,14443,30.121505539999998,95.7,327,4724736,3e-05,0.9386968260630966,0.0686112642288208,0.9409357309341431,23060,0.007732204,-1.6674516633152963,0.11640625,-0.013874934503110125,0.1,,
2308,14449,31.08426011,94.14,327,4726784,3e-05,0.6400429656729102,0.056857746094465256,0.9664765000343323,23070,0.006671131,-1.5884918496012688,0.108837890625,-0.01231344259576872,0.1,,
2309,14455,30.559824830000004,94.72,327,4728832,3e-05,0.8275499260053039,0.10757528245449066,0.9565982222557068,23080,0.0063665463,-1.6688497737050056,0.126123046875,-0.01279753886628896,0.1,,
,,,,,4730000,3e-05,0.9212540185078979,0.08082602173089981,0.9479297995567322,23090,0.005666973,-1.7356952384114266,0.10751953125,-0.014992959058145062,0.1,30.158248138427734,92.4
2310,14462,31.436970469999995,93.31,327,4730880,,,,,,,,,,,,
2311,14468,31.357326899999993,93.64,327,4732928,3e-05,0.9054564179852604,0.058729805052280426,0.9605622291564941,23100,0.007943147,-1.6453714311122893,0.116552734375,-0.012447476515080779,0.1,,
2312,14473,30.86818397,93.64,327,4734976,3e-05,0.6829150879755617,0.04435441270470619,0.9539589881896973,23110,0.009828789,-1.705205351114273,0.170654296875,-0.013159964157966896,0.1,,
2313,14479,30.72051241,93.08,327,4737024,3e-05,0.6362165205180645,0.05719323828816414,0.9558030366897583,23120,0.0054157358,-1.6632619485259057,0.12900390625,-0.013283697428414598,0.1,,
2314,14485,31.625382979999994,92.06,327,4739072,3e-05,0.8803868908435106,0.09923235327005386,0.9440261125564575,23130,0.0075150435,-1.621694228053093,0.131591796875,-0.012693986756494269,0.1,,
,,,,,4740000,3e-05,0.6202573915943503,0.06025606021285057,0.9688751101493835,23140,0.011862082,-1.6100491479039192,0.155322265625,-0.013520168949617073,0.1,32.535701751708984,87.6
2315,14492,32.018694350000004,90.89,327,4741120,,,,,,,,,,,,
2316,14498,32.61594836,90.78,327,4743168,3e-05,1.0454877471551298,0.17565229535102844,0.9427168965339661,23150,0.005123148,-1.673065446317196,0.115234375,-0.011998385190963745,0.1,,
2317,14504,32.605954350000005,91.42,327,4745216,3e-05,0.581974713690579,0.0913652777671814,0.9698053598403931,23160,0.006208526,-1.6486983716487884,0.1279296875,-0.013552379619795829,0.1,,
2318,14510,32.29174226,91.68,327,4747264,3e-05,0.7799110235646367,0.032340049743652344,0.9632962942123413,23170,0.0067290356,-1.7195963650941848,0.13671875,-0.01519866421003826,0.1,,
2319,14515,31.005934739999997,92.98,327,4749312,3e-05,0.6325130036100746,0.03863590955734253,0.9587745070457458,23180,0.008887489,-1.6355287253856658,0.122412109375,-0.012607259332435205,0.1,,
,,,,,4750000,3e-05,0.5881369056180119,0.06685047596693039,0.9583254456520081,23190,0.0069312225,-1.6635215163230896,0.151416015625,-0.014527726665255614,0.1,26.21557273864746,95.6
2320,14522,30.667862829999994,94.01,327,4751360,,,,,,,,,,,,
2321,14528,30.044165510000003,93.96,327,4753408,3e-05,1.799066373333335,0.2490273416042328,0.9055570363998413,23200,0.0049137324,-1.712524102628231,0.10810546875,-0.010357104415015783,0.1,,
2322,14534,30.120594340000004,93.58,327,4755456,3e-05,1.0611253194510937,0.09877969324588776,0.9391131401062012,23210,0.004918823,-1.7071896240115165,0.11181640625,-0.014279954286757856,0.1,,
2323,14539,30.467824220000008,93.43,327,4757504,3e-05,0.8489698458462953,0.09024958312511444,0.9543794989585876,23220,0.0046692006,-1.6236397176980972,0.108740234375,-0.012179457204183564,0.1,,
2324,14545,29.68309589,93.72,327,4759552,3e-05,0.5974902523681521,0.059647247195243835,0.9625257849693298,23230,0.006340893,-1.606850726902485,0.13525390625,-0.014923524798359723,0.1,,
,,,,,4760000,3e-05,0.8725815329700708,0.0748896524310112,0.9227721095085144,23240,0.008757126,-1.7362049475312233,0.1275390625,-0.010990100295748562,0.1,30.188034057617188,88.6
2325,14552,28.74424207,95.21,327,4761600,,,,,,,,,,,,
2326,14557,29.030004469999998,95.84,327,4763648,3e-05,1.3058462526649237,0.08932457864284515,0.9117007255554199,23250,0.005327724,-1.7495080173015594,0.107568359375,-0.012148631783202291,0.1,,
2327,14563,28.602878540000003,95.24,327,4765696,3e-05,0.7896061979234219,0.07433151453733444,0.9540265202522278,23260,0.0066928174,-1.6392723232507707,0.123193359375,-0.014254550822079182,0.1,,
2328,14569,28.71035354,94.92,327,4767744,3e-05,0.7776163069531321,0.07985271513462067,0.9545740485191345,23270,0.006745561,-1.7462964996695518,0.13564453125,-0.014171088120201602,0.1,,
2329,14574,29.41683348,94.75,327,4769792,3e-05,1.0290591910481452,0.11316134035587311,0.9362713694572449,23280,0.007781413,-1.720553234219551,0.1421875,-0.009789602091768757,0.1,,
,,,,,4770000,3e-05,1.0653336631134152,0.08844860643148422,0.9497921466827393,23290,0.0077334475,-1.7054204896092415,0.125439453125,-0.013069893585634419,0.1,31.692212677001955,89.6
2330,14581,29.846422239999995,94.7,327,4771840,,,,,,,,,,,,
2331,14587,30.06393176,94.71,327,4773888,3e-05,0.6122538389638066,0.04629664868116379,0.9710441827774048,23300,0.0049192123,-1.7570373594760895,0.121044921875,-0.013575582375051454,0.1,,
2332,14593,29.39800298,95.8,327,4775936,3e-05,0.8663473222404718,0.07685790210962296,0.9485874176025391,23310,0.0055661276,-1.6918282851576805,0.12578125,-0.013987499556969851,0.1,,
2333,14598,29.249611000000005,95.15,327,4777984,3e-05,0.8896223435178399,0.09086339175701141,0.9535394310951233,23320,0.0056362026,-1.7762602597475052,0.14443359375,-0.012243617337662726,0.1,,
,,,,,4780000,3e-05,0.7748259646818042,0.08265623450279236,0.9453940391540527,23330,0.0064666895,-1.6502751141786576,0.1392578125,-0.014565523958299308,0.1,29.004439640045167,90.2
2334,14605,29.167360360000004,94.14,327,4780032,,,,,,,,,,,,
2335,14611,29.34357712,93.69,327,4782080,3e-05,0.8227786796167493,0.11049988865852356,0.9514960646629333,23340,0.0049220547,-1.6837114363908767,0.114453125,-0.013723878894234076,0.1,,
2336,14617,28.891747899999995,93.86,327,4784128,3e-05,0.6663482710719109,0.06141281500458717,0.9544248580932617,23350,0.008071361,-1.6841682374477387,0.12900390625,-0.014101473087794147,0.1,,
2337,14623,29.335566989999993,94.68,327,4786176,3e-05,0.8245974088087678,0.05785991623997688,0.9497904777526855,23360,0.0055199564,-1.7927123069763184,0.13779296875,-0.01709111399250105,0.1,,
2338,14629,30.07429416,94.13,327,4788224,3e-05,0.6659609746187926,0.08331276476383209,0.9691586494445801,23370,0.0061806375,-1.6769246265292168,0.13466796875,-0.016752179485047237,0.1,,
,,,,,4790000,3e-05,1.0461254056543112,0.1215064749121666,0.9503539204597473,23380,0.0060448893,-1.6632638201117516,0.1140625,-0.01365923516859766,0.1,30.8897346496582,93.2
2339,14636,30.7529587,93.63,327,4790272,,,,,,,,,,,,
2340,14641,30.537168439999995,94.32,327,4792320,3e-05,0.7894799439236522,0.09628933668136597,0.9611116647720337,23390,0.0062262486,-1.715579479932785,0.14833984375,-0.017423658617190085,0.1,,
2341,14647,30.2034456,94.57,327,4794368,3e-05,1.0947851926088332,0.12476614117622375,0.9405676126480103,23400,0.0060168398,-1.7446732223033905,0.131884765625,-0.01390132718370296,0.1,,
2342,14652,30.53145413,93.24,327,4796416,3e-05,0.9978913903236389,0.14897491037845612,0.9509884119033813,23410,0.0055887164,-1.7144778430461884,0.121435546875,-0.01573598345858045,0.1,,
2343,14657,29.724229550000004,94.56,327,4798464,3e-05,0.7668537432327867,0.07706913352012634,0.9532240629196167,23420,0.0055213966,-1.678040900826454,0.13037109375,-0.014666244067484513,0.1,,
,,,,,4800000,3e-05,1.0331469725817441,0.11272752285003662,0.9401626586914062,23430,0.0058675827,-1.7173011690378188,0.125341796875,-0.011659494283958339,0.1,25.49378185272217,105.4
2344,14664,29.150241469999997,94.83,327,4800512,,,,,,,,,,,,
2345,14669,29.74261255,94.02,327,4802560,3e-05,1.9571228686720132,0.14780190587043762,0.9090693593025208,23440,0.0038194302,-1.7663471952080727,0.09013671875,-0.009262299526017159,0.1,,
2346,14674,29.609873470000004,93.72,327,4804608,3e-05,2.126586091145873,0.23802272975444794,0.8883873224258423,23450,0.003294088,-1.762829628586769,0.089453125,-0.011290527277742513,0.1,,
2347,14679,30.462413289999994,92.43,327,4806656,3e-05,1.2340618014335631,0.1412399411201477,0.9317014813423157,23460,0.0055991793,-1.7048355370759964,0.1119140625,-0.01703863592701964,0.1,,
2348,14684,30.85948226,92.2,327,4808704,3e-05,0.8948003754019738,0.10767917335033417,0.9604575037956238,23470,0.0062065655,-1.6743246152997018,0.111328125,-0.015062833856791257,0.1,,
,,,,,4810000,3e-05,1.0907836217433213,0.11148590594530106,0.9482735991477966,23480,0.0058403322,-1.667142042517662,0.10771484375,-0.01078415511874482,0.1,32.142648696899414,95.4
2349,14691,31.515699319999996,91.33,327,4810752,,,,,,,,,,,,
2350,14696,32.19470274,91.24,327,4812800,3e-05,1.132815699465573,0.08303934335708618,0.95452880859375,23490,0.005970415,-1.6370985969901084,0.097412109375,-0.012656335765495897,0.1,,
2351,14701,32.141556019999996,92.63,327,4814848,3e-05,0.6229054780676961,0.08002801239490509,0.9651395082473755,23500,0.007444181,-1.644910253584385,0.1521484375,-0.01584736999357119,0.1,,
2352,14706,31.88397657,93.17,327,4816896,3e-05,1.060664926469326,0.10391697287559509,0.9447208642959595,23510,0.0059260316,-1.6497811540961265,0.119775390625,-0.01346841903286986,0.1,,
2353,14712,31.96923357,93.46,327,4818944,3e-05,0.7507086666300893,0.09483890235424042,0.967744767665863,23520,0.0051835002,-1.7117671519517899,0.126416015625,-0.013908007100690156,0.1,,
,,,,,4820000,3e-05,0.838570992089808,0.08216117322444916,0.9429630637168884,23530,0.0061627,-1.67294689565897,0.098876953125,-0.011329385143471881,0.1,27.147143173217774,99.4
2354,14718,31.31006591,92.93,327,4820992,,,,,,,,,,,,
2355,14723,30.952240640000003,93.75,327,4823040,3e-05,0.7207856412976981,0.06603895872831345,0.953433632850647,23540,0.005097382,-1.633736039698124,0.104345703125,-0.013784190366277472,0.1,,
2356,14729,30.445853969999998,94.51,327,4825088,3e-05,0.8686748879030347,0.13902278244495392,0.9450212717056274,23550,0.005221528,-1.6603032067418098,0.100390625,-0.014430721418466418,0.1,,
2357,14734,29.708776069999995,94.93,327,4827136,3e-05,0.7112109819427133,0.05926944315433502,0.9509451389312744,23560,0.0071962867,-1.704609675705433,0.12626953125,-0.01347401800157968,0.1,,
2358,14739,29.56721674,94.91,327,4829184,3e-05,1.0491037663072347,0.13351863622665405,0.9460309147834778,23570,0.0068787592,-1.6923527494072914,0.136181640625,-0.014292782644042745,0.1,,
,,,,,4830000,3e-05,0.6860912201926113,0.09692880511283875,0.959148645401001,23580,0.0068815085,-1.6791052728891374,0.14951171875,-0.014193830511067063,0.1,32.896924591064455,89.2
2359,14745,29.179609400000004,95.49,327,4831232,,,,,,,,,,,,
2360,14751,30.015741249999998,94.79,327,4833280,3e-05,1.9362216752022505,0.41263532638549805,0.9027925133705139,23590,0.0035391708,-1.6504132762551307,0.085986328125,-0.012267548980889841,0.1,,
2361,14756,29.667135580000004,95.51,327,4835328,3e-05,0.8314944133162498,0.08658454567193985,0.9542034268379211,23600,0.00548688,-1.6623133778572083,0.11796875,-0.013783012999920175,0.1,,
2362,14762,29.59627294,95.66,327,4837376,3e-05,0.6302960135042668,0.08470922708511353,0.9645815491676331,23610,0.005479259,-1.696946105360985,0.120068359375,-0.014858461386756972,0.1,,
2363,14767,29.86692773,95.97,327,4839424,3e-05,0.966909890808165,0.07742910087108612,0.9370630383491516,23620,0.006250807,-1.6183196216821671,0.103564453125,-0.01404385310888756,0.1,,
,,,,,4840000,3e-05,1.034385697171092,0.13112185895442963,0.9374404549598694,23630,0.006360978,-1.6945414006710053,0.1322265625,-0.01361061430652626,0.1,31.671063232421876,99.2
2364,14774,30.65384914,95.76,327,4841472,,,,,,,,,,,,
2365,14779,30.487152350000002,94.21,327,4843520,3e-05,0.5880120381712913,0.06758138537406921,0.970909059047699,23640,0.0075585465,-1.696907415986061,0.148388671875,-0.01650121243437752,0.1,,
2366,14784,30.543147219999994,92.69,327,4845568,3e-05,1.0584292255342007,0.15378563106060028,0.9198915958404541,23650,0.005568823,-1.729818233847618,0.128564453125,-0.014255218795733526,0.1,,
2367,14790,29.847396439999994,93.32,327,4847616,3e-05,1.94422123208642,0.17909955978393555,0.8741299510002136,23660,0.0044371374,-1.6941131353378296,0.09814453125,-0.013926853827433661,0.1,,
2368,14795,30.1279025,92.41,327,4849664,3e-05,0.8354988288134336,0.08713483810424805,0.9440876841545105,23670,0.0047939075,-1.653214117884636,0.120068359375,-0.013866839074762539,0.1,,
,,,,,4850000,3e-05,1.0304364066570997,0.07070770114660263,0.9383361339569092,23680,0.004760447,-1.7269658580422402,0.140771484375,-0.012109316120040603,0.1,29.293722915649415,83.6
2369,14801,29.54043847999999,94.16,327,4851712,,,,,,,,,,,,
2370,14807,29.470198380000003,95.36,327,4853760,3e-05,2.033270393125713,0.6590046882629395,0.8977032899856567,23690,0.005523005,-1.7637506693601608,0.097900390625,-0.01191186741925776,0.1,,
2371,14812,30.407303949999996,94.1,327,4855808,3e-05,0.8346631966531277,0.0648760125041008,0.9332898259162903,23700,0.006586667,-1.745134988427162,0.139697265625,-0.018218609446194023,0.1,,
2372,14817,30.922018490000006,92.67,327,4857856,3e-05,0.88966334015131,0.07099300622940063,0.9479711055755615,23710,0.0055372943,-1.7217442989349365,0.145458984375,-0.014570203106268309,0.1,,
2373,14822,30.85027894,91.54,327,4859904,3e-05,0.9864618925377726,0.11390747129917145,0.938705325126648,23720,0.007072135,-1.737762711942196,0.131884765625,-0.012540877424180507,0.1,,
,,,,,4860000,3e-05,1.1504246652126313,0.16817931830883026,0.920536994934082,23730,0.0054635266,-1.8368043273687362,0.143310546875,-0.0144973576097982,0.1,27.1582893371582,95.0
2374,14829,31.08086827,91.85,327,4861952,,,,,,,,,,,,
2375,14834,31.03302465,91.79,327,4864000,3e-05,0.9519312115386128,0.0873946100473404,0.9265602827072144,23740,0.006816868,-1.8225265249609948,0.148779296875,-0.017142208048608155,0.1,,
2376,14840,29.279398719999996,92.72,327,4866048,3e-05,0.9378299530595541,0.06294029206037521,0.9431878328323364,23750,0.009036958,-1.6989791050553322,0.136865234375,-0.015339954936644062,0.1,,
2377,14845,27.934489600000003,94.31,327,4868096,3e-05,1.9113344877958298,0.21392297744750977,0.9182270765304565,23760,0.004963033,-1.8287435069680213,0.138134765625,-0.013872948795324191,0.1,,
,,,,,4870000,3e-05,1.9224976383149623,0.2481498122215271,0.9086968898773193,23770,0.00662061,-1.7712119340896606,0.12294921875,-0.015287378779612481,0.1,35.3142578125,88.6
2378,14852,28.207979970000007,94.46,327,4870144,,,,,,,,,,,,
2379,14857,28.346358160000005,93.49,327,4872192,3e-05,0.7964362267404794,0.08881781995296478,0.9400963187217712,23780,0.0074142013,-1.7506778240203857,0.143603515625,-0.016476844866701867,0.1,,
2380,14862,29.52558595,93.45,327,4874240,3e-05,0.8925327949225903,0.10557933151721954,0.9544464349746704,23790,0.008438094,-1.747341838479042,0.149609375,-0.011556566384388133,0.1,,
2381,14867,30.80260116,92.85,327,4876288,3e-05,1.1141134422272443,0.11413085460662842,0.9512235522270203,23800,0.006081149,-1.741276501119137,0.130419921875,-0.012243965792004019,0.1,,
2382,14872,30.531727319999995,93.05,328,4878336,3e-05,0.9563634157180786,0.17458859086036682,0.9599890112876892,23810,0.009112845,-1.7458287686109544,0.15283203125,-0.014886630338151009,0.1,,
,,,,,4880000,3e-05,1.6263722456991672,0.17591094970703125,0.9385634660720825,23820,0.0058544036,-1.7950946733355522,0.1123046875,-0.014310309384018182,0.1,22.259516143798827,98.2
2383,14878,30.710580470000004,91.92,328,4880384,,,,,,,,,,,,
2384,14884,29.702947960000003,93.36,328,4882432,3e-05,1.0329546969383956,0.1554592102766037,0.9509595036506653,23830,0.008623518,-1.7701475352048874,0.12470703125,-0.014077093149535359,0.1,,
2385,14889,28.632963609999994,94.34,328,4884480,3e-05,0.8492814920842647,0.10752467066049576,0.936821699142456,23840,0.008200014,-1.7690048575401307,0.1728515625,-0.015184150118147954,0.1,,
2386,14894,29.17421222,93.79,328,4886528,3e-05,0.8187820622697473,0.06489522010087967,0.947444498538971,23850,0.0077463863,-1.8248387277126312,0.1568359375,-0.012516637143562548,0.1,,
2387,14900,29.662963749999996,92.69,328,4888576,3e-05,0.8068027533590794,0.05008792132139206,0.9468364715576172,23860,0.0068970677,-1.8041501313447952,0.18603515625,-0.011772073362953961,0.1,,
,,,,,4890000,3e-05,0.9381940778344869,0.09426853805780411,0.9535481333732605,23870,0.0058192476,-1.7331386759877205,0.117431640625,-0.013303565443493426,0.1,29.115031814575197,95.8
2388,14906,29.293271520000008,93.66,328,4890624,,,,,,,,,,,,
2389,14911,30.151449990000007,93.11,328,4892672,3e-05,1.023724521137774,0.13137640058994293,0.931862473487854,23880,0.005027619,-1.7677185446023942,0.12763671875,-0.012323406928044279,0.1,,
2390,14916,31.127607449999996,92.54,328,4894720,3e-05,0.7397573936730624,0.06994708627462387,0.9613093137741089,23890,0.0062144296,-1.7658298790454865,0.148828125,-0.01507370921317488,0.1,,
2391,14922,31.57165684,91.86,328,4896768,3e-05,0.7897782208397984,0.07136432081460953,0.9565930962562561,23900,0.008844757,-1.6929331570863724,0.136865234375,-0.014073672564700246,0.1,,
2392,14927,32.06446148,92.02,328,4898816,3e-05,0.5765255307778716,0.049538012593984604,0.977598249912262,23910,0.0072569605,-1.6895906195044517,0.145556640625,-0.01534973211819306,0.1,,
,,,,,4900000,3e-05,0.609911634773016,0.05486663430929184,0.9676283597946167,23920,0.007143846,-1.7692923292517662,0.13564453125,-0.015627951989881695,0.1,23.9074426651001,98.2
2393,14933,32.03560461000001,91.46,328,4900864,,,,,,,,,,,,
2394,14938,31.81976922,91.93,328,4902912,3e-05,1.0266246024519206,0.08033475279808044,0.9419783353805542,23930,0.005427657,-1.6954228311777115,0.108544921875,-0.013282755995169282,0.1,,
2395,14943,31.184505149999996,92.59,328,4904960,3e-05,0.8046679854393005,0.1015835851430893,0.9624848961830139,23940,0.005689095,-1.7332359313964845,0.110009765625,-0.012473176297498867,0.1,,
2396,14948,30.445555219999996,93.15,328,4907008,3e-05,0.7277967773377896,0.0881241038441658,0.9590683579444885,23950,0.006657835,-1.7630300417542457,0.1255859375,-0.013657671387773008,0.1,,
2397,14954,29.38303083,93.96,328,4909056,3e-05,0.72179182972759,0.08300172537565231,0.9572166204452515,23960,0.007122312,-1.7401589676737785,0.131591796875,-0.013834341560141183,0.1,,
,,,,,4910000,3e-05,1.1550188109278678,0.17535074055194855,0.9055008888244629,23970,0.0036328908,-1.7680370420217515,0.09765625,-0.013718468495062553,0.1,31.596379852294923,97.4
2398,14960,29.90310341,93.91,328,4911104,,,,,,,,,,,,
2399,14965,29.777514050000004,93.38,328,4913152,3e-05,1.1104721434414386,0.10387853533029556,0.9329009056091309,23980,0.0071667167,-1.746063306927681,0.1150390625,-0.014218691090354696,0.1,,
2400,14970,29.70413102,94.11,328,4915200,3e-05,1.193936100974679,0.12932124733924866,0.9302701950073242,23990,0.0070260055,-1.7837158188223838,0.115283203125,-0.013655725307762623,0.1,,
2401,14975,29.885029229999997,94.75,328,4917248,3e-05,0.6854379776865244,0.07002301514148712,0.9620347023010254,24000,0.008448202,-1.7635909557342528,0.152099609375,-0.01335552692762576,0.1,,
2402,14981,29.684025540000004,94.87,328,4919296,3e-05,0.5914737934246659,0.052080824971199036,0.9598040580749512,24010,0.009422112,-1.833537831902504,0.161083984375,-0.014839800109621137,0.1,,
,,,,,4920000,3e-05,0.5084673888981343,0.03321755304932594,0.9632696509361267,24020,0.009506319,-1.8257765129208565,0.189111328125,-0.01616166312014684,0.1,28.995480346679688,95.2
2403,14987,29.21479124,95.79,328,4921344,,,,,,,,,,,,
2404,14992,28.794003789999998,95.79,328,4923392,3e-05,1.5457044951617718,0.13292308151721954,0.9084245562553406,24030,0.006488442,-1.8019945681095124,0.10810546875,-0.011033972131554038,0.1,,
2405,14997,28.721049719999996,95.03,328,4925440,3e-05,1.1554688151925803,0.12472353130578995,0.9337577819824219,24040,0.004934379,-1.828317567706108,0.10126953125,-0.012579937698319554,0.1,,
2406,15002,28.865818449999995,92.74,328,4927488,3e-05,0.682310514897108,0.07966591417789459,0.9600258469581604,24050,0.0071277684,-1.8224129393696784,0.137060546875,-0.01554621483082883,0.1,,
2407,15007,29.19353373,91.2,328,4929536,3e-05,1.1435787104070188,0.07819192111492157,0.913789689540863,24060,0.010543231,-1.8662417277693748,0.15498046875,-0.014634313658461906,0.1,,
,,,,,4930000,3e-05,1.4663832735270261,0.16613763570785522,0.9354245662689209,24070,0.0051400233,-1.7876092359423637,0.1072265625,-0.012628874782240018,0.1,30.104224586486815,93.2
2408,15014,28.55469323,92.28,328,4931584,,,,,,,,,,,,
2409,15019,30.03392766,92.2,328,4933632,3e-05,0.9624093800783158,0.13478264212608337,0.9463056325912476,24080,0.005545852,-1.8554691329598427,0.133740234375,-0.011660518625285476,0.1,,
2410,15025,30.028784520000002,93.05,328,4935680,3e-05,0.9397461207583546,0.12086768448352814,0.955647349357605,24090,0.0076831537,-1.7379577964544297,0.1337890625,-0.014301051571965217,0.1,,
2411,15030,30.33304748,93.8,328,4937728,3e-05,1.0321246199309826,0.22804096341133118,0.9368907809257507,24100,0.0069768266,-1.8054425671696663,0.148583984375,-0.014889361523091792,0.1,,
2412,15036,31.024535659999998,93.1,328,4939776,3e-05,0.713725333660841,0.0477854385972023,0.9530442357063293,24110,0.007767204,-1.769396810233593,0.155224609375,-0.016250545310322197,0.1,,
,,,,,4940000,3e-05,0.7089388389140368,0.04983565956354141,0.9568588733673096,24120,0.0065611303,-1.7938525184988976,0.138427734375,-0.015208531526150182,0.1,39.77733840942383,84.0
2413,15042,30.761284780000004,93.51,328,4941824,,,,,,,,,,,,
2414,15047,29.68917328,93.83,328,4943872,3e-05,0.7583533743396401,0.05976397544145584,0.9560519456863403,24130,0.0073333383,-1.8121854454278945,0.138671875,-0.012928058352554218,0.1,,
2415,15052,29.90383749,94.37,328,4945920,3e-05,1.043598559126258,0.11807802319526672,0.9341987371444702,24140,0.005737168,-1.8269113704562188,0.109814453125,-0.015361111564561724,0.1,,
2416,15057,29.692277300000004,94.01,328,4947968,3e-05,0.9939446840435266,0.11720298230648041,0.9565684199333191,24150,0.005015668,-1.7395244047045708,0.10263671875,-0.012215016357367858,0.1,,
,,,,,4950000,3e-05,1.0333186034113169,0.10809526592493057,0.9326354265213013,24160,0.005414619,-1.7350013613700868,0.11337890625,-0.014899449565564282,0.1,33.80221862792969,91.4
2417,15064,30.454245769999996,92.25,328,4950016,,,,,,,,,,,,
2418,15069,30.692902689999997,92.02,328,4952064,3e-05,0.9245242848992348,0.12429729104042053,0.9574077725410461,24170,0.0061621466,-1.7519104778766632,0.118798828125,-0.014284450508421287,0.1,,
2419,15074,30.17785428,92.02,328,4954112,3e-05,0.5297057872638107,0.04226747900247574,0.9742333889007568,24180,0.00825874,-1.7818304419517517,0.150341796875,-0.016735714010428636,0.1,,
2420,15079,30.266133929999995,91.61,328,4956160,3e-05,0.7880851898342371,0.07371565699577332,0.9438127875328064,24190,0.006873129,-1.8178002685308456,0.145263671875,-0.013555680902209133,0.1,,
2421,15085,30.11046751,91.84,328,4958208,3e-05,0.806904648989439,0.07768051326274872,0.9523700475692749,24200,0.006112346,-1.750491464138031,0.117724609375,-0.014116045751143247,0.1,,
,,,,,4960000,3e-05,1.045680920779705,0.14895391464233398,0.9501911401748657,24210,0.005234726,-1.751298400759697,0.118701171875,-0.01517608094145544,0.1,38.93292236328125,87.4
2422,15091,30.036284869999996,92.77,328,4960256,,,,,,,,,,,,
2423,15097,30.57635519,92.18,328,4962304,3e-05,1.2952363077551126,0.11090101301670074,0.9285253286361694,24220,0.00524963,-1.6808852657675744,0.1166015625,-0.012944971659453585,0.1,,
2424,15102,30.035462579999997,93.1,328,4964352,3e-05,1.1288665384054184,0.13020825386047363,0.9398913979530334,24230,0.0063736034,-1.697963447868824,0.114697265625,-0.013995360367698596,0.1,,
2425,15107,30.277432939999994,93.35,328,4966400,3e-05,1.1015066847205162,0.11742834746837616,0.951536238193512,24240,0.004391956,-1.697902388870716,0.0859375,-0.013202371669467538,0.1,,
2426,15112,29.86580597,93.84,328,4968448,3e-05,0.919514599815011,0.12752753496170044,0.9526734948158264,24250,0.0069873687,-1.668886548280716,0.100390625,-0.013736287411302329,0.1,,
,,,,,4970000,3e-05,1.054530718550086,0.11365325003862381,0.9439637660980225,24260,0.0066067507,-1.7338770762085915,0.115869140625,-0.015534099657088518,0.1,27.318554306030272,98.4
2427,15119,29.034575430000007,94.39,328,4970496,,,,,,,,,,,,
2428,15124,29.058782609999998,95.42,328,4972544,3e-05,1.477908471226692,0.18868431448936462,0.8989048600196838,24270,0.004363374,-1.7328432947397232,0.1046875,-0.012622338242363185,0.1,,
2429,15129,29.71654763,95.79,328,4974592,3e-05,0.6202771715819836,0.07401574403047562,0.9613854885101318,24280,0.008118345,-1.77510706782341,0.14892578125,-0.01832521880278364,0.1,,
2430,15135,29.834237279999996,94.98,328,4976640,3e-05,0.8880725776776671,0.07661020010709763,0.9548872113227844,24290,0.0075925346,-1.7827994391322135,0.13134765625,-0.013645169269875624,0.1,,
2431,15140,29.66994854,93.8,328,4978688,3e-05,1.3354717675596475,0.1407814919948578,0.9425117373466492,24300,0.0067866757,-1.7578196302056313,0.126220703125,-0.013053038486395963,0.1,,
,,,,,4980000,3e-05,1.2688751518726349,0.1692022681236267,0.9298829436302185,24310,0.009441253,-1.6977547854185104,0.1208984375,-0.014692011993611231,0.1,31.058481979370118,87.8
2432,15146,29.186210889999998,93.47,328,4980736,,,,,,,,,,,,
2433,15151,28.841807680000006,93.3,328,4982784,3e-05,1.2112642325460912,0.15624797344207764,0.937311053276062,24320,0.006037238,-1.7919143915176392,0.12861328125,-0.014046087217866442,0.1,,
2434,15157,28.23272945,94.62,328,4984832,3e-05,1.0742983870208263,0.12262821942567825,0.9447932243347168,24330,0.005992544,-1.810210643708706,0.136669921875,-0.016231137298746035,0.1,,
2435,15162,28.67630483,93.78,328,4986880,3e-05,0.728649172000587,0.08353650569915771,0.9570702314376831,24340,0.008188177,-1.7150188907980919,0.151318359375,-0.014282370707951486,0.1,,
2436,15167,29.288801320000008,93.67,328,4988928,3e-05,1.0111706782132388,0.08193954080343246,0.9438130259513855,24350,0.0059454194,-1.7027507200837135,0.11611328125,-0.016005938255693762,0.1,,
,,,,,4990000,3e-05,0.9944281473755836,0.15396910905838013,0.9346401691436768,24360,0.0050986996,-1.6556024968624115,0.121044921875,-0.01192370250064414,0.1,29.2367244720459,97.2
2437,15174,30.441268560000005,93.68,328,4990976,,,,,,,,,,,,
2438,15179,30.652537710000004,93.17,328,4993024,3e-05,1.8147264618426562,0.21786285936832428,0.9343822598457336,24370,0.005546276,-1.6959945291280747,0.09296875,-0.009883118304423988,0.1,,
2439,15185,30.381940590000003,93.33,328,4995072,3e-05,1.1576565489172936,0.1476350724697113,0.9345760345458984,24380,0.005451014,-1.7032154023647308,0.119775390625,-0.013215539028169587,0.1,,
2440,15191,29.979628520000002,93.86,328,4997120,3e-05,1.0688480980694295,0.14121028780937195,0.9511060118675232,24390,0.0047403034,-1.6028212904930115,0.1173828125,-0.012526168464682996,0.1,,
2441,15197,30.03059843,94.14,328,4999168,3e-05,0.8520636728033424,0.09671752154827118,0.9421284794807434,24400,0.0065811984,-1.6567616552114486,0.11318359375,-0.01609161353262607,0.1,,
,,,,,5000000,3e-05,1.009872678667307,0.12572836875915527,0.9368095397949219,24410,0.005877986,-1.761380571126938,0.122509765625,-0.01384432187769562,0.1,31.027796936035156,90.4
2442,15204,29.529015029999997,95.1,328,5001216,,,,,,,,,,,,
