time/iterations,time/time_elapsed,rollout/ep_rew_mean,rollout/ep_len_mean,time/fps,time/total_timesteps,train/learning_rate,train/value_loss,train/loss,train/explained_variance,train/n_updates,train/approx_kl,train/entropy_loss,train/clip_fraction,train/policy_gradient_loss,train/clip_range,eval/mean_reward,eval/mean_ep_length
1,4,-3.6612199090909088,91.18181818181819,496,2048,,,,,,,,,,,,
2,8,-5.086444113636364,92.0,458,4096,3e-05,21.784894275665284,9.17036247253418,-0.0232236385345459,10,0.00046207104,-3.2230943232774734,0.000146484375,-0.0041603062767535445,0.1,,
3,13,-8.086824287878787,91.95454545454545,444,6144,3e-05,26.999713718891144,6.914788246154785,0.343036949634552,20,0.00024403402,-3.1984984040260316,0.000341796875,-0.0026868229499086736,0.1,,
4,18,-10.648748636363637,92.85227272727273,439,8192,3e-05,25.01895147562027,10.615802764892578,0.5234261751174927,30,0.0001512332,-3.2425771921873094,0.0,-0.002013962564524263,0.1,,
,,,,,10000,3e-05,29.37376127243042,12.72050952911377,0.5768324136734009,40,0.00021622938,-3.2133288383483887,0.0,-0.0028378963426803237,0.1,-15.369330787658692,95.8
5,24,-10.37952342,93.81,422,10240,,,,,,,,,,,,
6,29,-13.56108146,94.16,421,12288,3e-05,8.365160974860192,3.2116286754608154,0.6145840883255005,50,0.00020456372,-3.210126394033432,0.0,-0.002349050878547132,0.1,,
7,33,-12.48520946,94.08,425,14336,3e-05,31.064253854751588,10.460923194885254,0.5845252275466919,60,0.00014549051,-3.2361677408218386,0.0,-0.0020015986490761863,0.1,,
8,38,-10.717908399999999,94.05,428,16384,3e-05,7.720876657962799,3.93453049659729,0.6689236164093018,70,0.00019685968,-3.209188610315323,0.0,-0.002369529567658901,0.1,,
9,42,-10.07918348,93.46,431,18432,3e-05,10.80477140545845,3.371302366256714,0.7506105303764343,80,0.00017819915,-3.155795007944107,0.0,-0.002127439159085043,0.1,,
,,,,,20000,3e-05,15.8124418258667,8.483770370483398,0.6832985877990723,90,0.00018046013,-3.2202461659908295,0.0,-0.0023352588585112246,0.1,-3.0878612607717515,97.4
10,48,-7.989458,92.22,425,20480,,,,,,,,,,,,
11,52,-10.359287199999999,92.76,427,22528,3e-05,13.624621778726578,4.139939308166504,0.6543497443199158,100,0.0001212396,-3.1874245434999464,0.0,-0.0017656968455412425,0.1,,
12,57,-9.92572839,92.53,429,24576,3e-05,26.275249016284942,12.511116981506348,0.6256469488143921,110,0.00023481392,-3.2050618886947633,0.0,-0.002275344217196107,0.1,,
13,61,-9.34607558,93.85,430,26624,3e-05,8.465423613786697,2.575979709625244,0.7217293977737427,120,0.00017465677,-3.194536516070366,0.0,-0.002203445031773299,0.1,,
14,66,-10.32788,94.57,431,28672,3e-05,10.554287779331208,2.952291488647461,0.7246419191360474,130,0.00013340035,-3.1903222680091856,0.0,-0.0015623295985278673,0.1,,
,,,,,30000,3e-05,11.801823365688325,5.5530619621276855,0.7801339626312256,140,0.00023059122,-3.2079915583133696,0.0,-0.002633047179551795,0.1,-9.070437335968018,94.8
15,71,-8.71099838,95.4,427,30720,,,,,,,,,,,,
16,76,-6.20767694,94.89,428,32768,3e-05,7.201686936616897,2.2111902236938477,0.8347488045692444,150,0.00021859581,-3.219734674692154,0.0,-0.0025569983583409337,0.1,,
17,81,-5.828059859999999,94.19,429,34816,3e-05,11.292252469062806,2.1512699127197266,0.8026461005210876,160,0.00019984189,-3.199025663733482,0.0,-0.0021696330833947284,0.1,,
18,85,-5.261863860000001,93.4,430,36864,3e-05,11.080145394802093,4.8487701416015625,0.7913190722465515,170,0.0001879181,-3.17952122092247,0.0,-0.002193138729489874,0.1,,
19,90,-4.305112029999999,92.94,431,38912,3e-05,8.06337350308895,3.0011157989501953,0.7544599175453186,180,0.00020426197,-3.17854423224926,0.0,-0.0020847842359216886,0.1,,
,,,,,40000,3e-05,12.029050579667091,5.6364922523498535,0.7235065698623657,190,0.00018075906,-3.187259593605995,0.0,-0.0019959431781899186,0.1,9.883662012219428,88.4
20,95,-2.7194457700000005,92.54,429,40960,,,,,,,,,,,,
21,99,-2.5455689599999998,91.55,430,43008,3e-05,6.716108463704586,0.9306658506393433,0.8105668425559998,200,0.00024986916,-3.210912969708443,0.0,-0.002383731983718462,0.1,,
22,104,-2.66043817,92.66,430,45056,3e-05,8.092106759548187,2.35917329788208,0.8506063222885132,210,0.00045294393,-3.1903097212314604,0.00087890625,-0.0038599268795223908,0.1,,
23,109,-1.9410400900000002,92.79,431,47104,3e-05,9.055508318543435,3.893564224243164,0.7825510501861572,220,0.00029275424,-3.183204409480095,0.0,-0.0026876332180108876,0.1,,
24,113,-1.53828395,94.15,432,49152,3e-05,6.703462439775467,1.8984744548797607,0.8041183352470398,230,0.00029003568,-3.19273641705513,0.0,-0.002484192975680344,0.1,,
,,,,,50000,3e-05,5.5140655875206,1.4453506469726562,0.8016402721405029,240,0.00047883598,-3.18581902384758,9.765625e-05,-0.003417606378206983,0.1,5.0384791642427444,95.8
25,119,-1.35234993,93.22,429,51200,,,,,,,,,,,,
26,123,0.4862690800000001,93.78,430,53248,3e-05,7.292880150675773,1.5305007696151733,0.7110955715179443,250,0.00022048948,-3.1527513444423674,0.0,-0.001987130133784376,0.1,,
27,128,0.09756944000000001,93.76,431,55296,3e-05,4.723703737556934,0.8842678070068359,0.7813244462013245,260,0.00041818843,-3.1994651436805723,4.8828125e-05,-0.0027207519829971715,0.1,,
28,132,2.0447694500000004,93.95,431,57344,3e-05,6.31169741153717,1.3392183780670166,0.7747763395309448,270,0.0004387993,-3.2018092393875124,0.000244140625,-0.0029067835479509086,0.1,,
29,137,1.08434873,93.58,432,59392,3e-05,6.011685675382614,1.210556983947754,0.7439244985580444,280,0.0004985139,-3.171353778243065,0.000244140625,-0.0028942402597749604,0.1,,
,,,,,60000,3e-05,6.5842217087745665,2.1691997051239014,0.7891865968704224,290,0.0003725379,-3.1244351267814636,0.0,-0.0027308893506415187,0.1,-7.732357215881348,106.4
30,143,1.9214718299999998,93.91,429,61440,,,,,,,,,,,,
31,147,2.5058531399999997,92.49,430,63488,3e-05,6.481286513805389,1.3870985507965088,0.8333112001419067,300,0.00023377602,-3.1636168271303178,0.0,-0.0018759862869046628,0.1,,
32,152,3.4508643699999997,93.49,430,65536,3e-05,8.197618252038955,2.1450891494750977,0.8272859454154968,310,0.00041414655,-3.155432015657425,0.0,-0.002356240412336774,0.1,,
33,157,2.38130096,93.31,429,67584,3e-05,4.488331031799317,1.152625560760498,0.8350430727005005,320,0.00041959246,-3.1785579174757004,0.000244140625,-0.002774888862040825,0.1,,
34,162,3.3825957600000005,92.36,429,69632,3e-05,6.4119977205991745,1.4449166059494019,0.7289804220199585,330,0.00046942825,-3.1503068029880525,0.000439453125,-0.003355888114310801,0.1,,
,,,,,70000,3e-05,8.042200925946236,3.2630391120910645,0.8195391893386841,340,0.00064897805,-3.1590753346681595,9.765625e-05,-0.003399560262914747,0.1,1.8811321020126344,101.6
35,167,1.7771376200000004,94.24,427,71680,,,,,,,,,,,,
36,172,0.7091578100000002,95.73,427,73728,3e-05,8.08495283126831,4.575493812561035,0.804254412651062,350,0.00050884637,-3.1391422033309935,0.0,-0.003170766981202178,0.1,,
37,176,2.8870256699999994,93.88,428,75776,3e-05,5.635018172860145,1.3566911220550537,0.7842009663581848,360,0.00025573187,-3.1639935672283173,0.0,-0.0018940334091894328,0.1,,
38,181,4.59894908,93.21,428,77824,3e-05,4.353050719201565,1.0611389875411987,0.8406820297241211,370,0.0009032123,-3.140245097875595,0.004248046875,-0.0035925114410929383,0.1,,
39,186,5.409592819999999,92.34,429,79872,3e-05,4.632290837168694,1.3743451833724976,0.8360580801963806,380,0.0008528052,-3.1121030122041704,0.007763671875,-0.0041403874522075055,0.1,,
,,,,,80000,3e-05,5.318892246484756,1.1432348489761353,0.7473081350326538,390,0.0006642402,-3.121431878209114,0.0001953125,-0.0033220885088667274,0.1,5.216967475414276,96.6
40,191,5.31411532,93.2,426,81920,,,,,,,,,,,,
41,197,4.858451919999999,93.06,426,83968,3e-05,4.156772418320179,0.941039502620697,0.818108320236206,400,0.00044702983,-3.124204161763191,9.765625e-05,-0.0023803847579983994,0.1,,
42,201,4.17283545,94.18,425,86016,3e-05,6.7173898160457615,2.2781026363372803,0.7550077438354492,410,0.0004194861,-3.125982016324997,0.0,-0.0021738914292654954,0.1,,
43,206,4.37184554,94.61,425,88064,3e-05,3.924377942085266,1.04910409450531,0.8789137601852417,420,0.0008229824,-3.1274153858423235,0.003076171875,-0.003553808378637768,0.1,,
,,,,,90000,3e-05,5.299160799384117,1.1140851974487305,0.7158893942832947,430,0.00056016684,-3.138859263062477,9.765625e-05,-0.0027728552173357456,0.1,-2.3504497528076174,105.2
44,212,2.95334835,95.62,423,90112,,,,,,,,,,,,
45,218,2.6342332699999997,95.96,422,92160,3e-05,5.010410045087338,1.0412347316741943,0.7156283855438232,440,0.00067062536,-3.1145333141088485,0.0041015625,-0.0034753325278870763,0.1,,
46,222,2.83358801,96.21,422,94208,3e-05,4.9734618559479715,1.2657922506332397,0.6473420858383179,450,0.00092656596,-3.110209769010544,0.003466796875,-0.0035443949018372223,0.1,,
47,227,2.51261052,95.54,423,96256,3e-05,5.010775429010391,1.082308053970337,0.8111340999603271,460,0.00081684743,-3.0938121169805526,0.001416015625,-0.003640581190120429,0.1,,
48,232,3.0946452099999995,96.48,423,98304,3e-05,4.052406530082226,0.9004185199737549,0.848663330078125,470,0.000651816,-3.0648899346590044,0.001318359375,-0.0032159161433810367,0.1,,
,,,,,100000,3e-05,3.5784295201301575,1.0586953163146973,0.8302774429321289,480,0.0008783372,-3.1212611377239226,0.005419921875,-0.003952974184358027,0.1,0.1583573818206787,93.6
49,237,4.0964412999999995,96.16,422,100352,,,,,,,,,,,,
50,242,4.7154481299999995,94.83,423,102400,3e-05,5.6929400086402895,1.1151474714279175,0.7909975051879883,490,0.00045581476,-3.1099987089633943,9.765625e-05,-0.0021980814140988513,0.1,,
51,247,3.0023713400000003,95.61,422,104448,3e-05,5.802220505475998,1.2903170585632324,0.6897141933441162,500,0.00051739876,-3.1156526654958725,0.0,-0.0027127918758196755,0.1,,
52,252,2.15139605,95.11,422,106496,3e-05,8.226349860429764,3.4560368061065674,0.8011791706085205,510,0.0004264129,-3.124823498725891,0.000146484375,-0.0026244122447678818,0.1,,
53,256,2.8753600399999995,94.49,422,108544,3e-05,5.1811020642519,1.337311863899231,0.8070996403694153,520,0.00068390707,-3.119424170255661,0.001806640625,-0.0034947204549098387,0.1,,
,,,,,110000,3e-05,5.503440564870834,1.406131625175476,0.7443993091583252,530,0.0006397113,-3.10999019742012,0.001953125,-0.0031462620332604273,0.1,-7.18654338568449,89.4
54,262,3.0480984,95.12,421,110592,,,,,,,,,,,,
55,267,4.22413837,95.79,421,112640,3e-05,6.199814063310623,1.154994249343872,0.6161230206489563,540,0.00047570257,-3.1511334419250487,0.000146484375,-0.0027770504471845924,0.1,,
56,271,5.31026978,94.51,422,114688,3e-05,4.106593695282936,1.140758991241455,0.7482244968414307,550,0.00058825465,-3.070654159784317,0.0,-0.00281870204344159,0.1,,
57,276,5.93920251,94.21,422,116736,3e-05,5.733835844695568,1.369936227798462,0.7852174639701843,560,0.00056214834,-3.087889188528061,4.8828125e-05,-0.002884297288255766,0.1,,
58,280,6.5360116,93.52,423,118784,3e-05,5.114020505547524,1.0311607122421265,0.7795064449310303,570,0.00061596907,-3.0934477180242537,0.000244140625,-0.0033544088568305598,0.1,,
,,,,,120000,3e-05,5.171019425988197,1.7074759006500244,0.8165501952171326,580,0.0004291992,-3.0754788428545,0.0,-0.002301036391872913,0.1,-1.2865666389465331,88.8
59,286,6.607370820000001,93.08,422,120832,,,,,,,,,,,,
60,291,6.805973829999999,92.83,422,122880,3e-05,6.203425917029381,2.001028299331665,0.6553176641464233,590,0.0002769946,-3.1136437922716143,0.0,-0.0018713187047978864,0.1,,
61,295,5.825985839999999,93.11,422,124928,3e-05,4.235249637067318,0.9702845811843872,0.8306387066841125,600,0.00031450085,-3.0541536659002304,0.0,-0.00196527264197357,0.1,,
62,300,6.0020115700000005,94.63,422,126976,3e-05,3.8540446355938913,0.8116415739059448,0.7574877142906189,610,0.0005551521,-3.1119881540536882,9.765625e-05,-0.0028170844772830604,0.1,,
63,305,5.745267709999999,94.18,422,129024,3e-05,3.4465163171291353,0.7178536057472229,0.8114001750946045,620,0.00057283044,-3.0676633566617966,0.0,-0.002782386128092185,0.1,,
,,,,,130000,3e-05,6.07496041059494,3.499166965484619,0.8260220885276794,630,0.00043763666,-3.0627336651086807,0.0,-0.0023580943714478055,0.1,3.9226755857467652,97.6
64,310,6.4683250899999996,94.68,422,131072,,,,,,,,,,,,
65,315,6.606739480000001,94.56,422,133120,3e-05,4.116091565787793,0.9654151797294617,0.7315334677696228,640,0.00075229496,-3.0643768072128297,0.0005859375,-0.00356769809150137,0.1,,
66,319,5.6293418,94.77,422,135168,3e-05,2.6243810996413233,0.5082098245620728,0.7118160724639893,650,0.00079932075,-3.0762092411518096,0.003173828125,-0.003060312764137052,0.1,,
67,324,5.629212659999999,94.62,422,137216,3e-05,4.796117499470711,1.421586513519287,0.7614233493804932,660,0.0006398822,-3.0705753952264785,0.001611328125,-0.003279776030103676,0.1,,
68,328,5.055437649999999,94.92,423,139264,3e-05,2.9100078590214253,0.6571738123893738,0.854215681552887,670,0.000644214,-3.061986517906189,0.000439453125,-0.0031541572650894524,0.1,,
,,,,,140000,3e-05,3.601796294748783,0.8261352777481079,0.8286589980125427,680,0.00077196374,-3.0702532708644865,0.001953125,-0.0035060091177001595,0.1,-1.6877957344055177,95.6
69,334,4.10637161,95.29,422,141312,,,,,,,,,,,,
70,338,5.0313457,95.09,423,143360,3e-05,4.423074397444725,1.0439691543579102,0.8679662942886353,690,0.000425879,-3.107672041654587,9.765625e-05,-0.002454913346446119,0.1,,
71,343,6.148614450000001,93.49,423,145408,3e-05,4.397471490502357,0.6067631244659424,0.8170346021652222,700,0.00073551026,-3.053453895449638,0.001123046875,-0.0031522162113105877,0.1,,
72,348,6.25368661,93.35,423,147456,3e-05,3.8134378761053087,0.8824383020401001,0.8297635316848755,710,0.0005709257,-3.0484773606061935,9.765625e-05,-0.003098546995897777,0.1,,
73,352,5.60097899,93.62,423,149504,3e-05,5.754626733064652,1.1474851369857788,0.7432482242584229,720,0.00037542728,-3.0547876983880995,0.0,-0.0024196770653361456,0.1,,
,,,,,150000,3e-05,4.240963011980057,1.0094667673110962,0.7150703072547913,730,0.00050433865,-3.0675310492515564,0.0,-0.0027574425330385566,0.1,12.1097243309021,86.6
74,357,5.618094580000001,94.59,423,151552,,,,,,,,,,,,
75,362,5.130457080000001,95.16,423,153600,3e-05,3.5096594482660293,0.9360913038253784,0.7864912748336792,740,0.0006213696,-3.041654273867607,4.8828125e-05,-0.002373192217783071,0.1,,
76,367,4.45666899,96.55,424,155648,3e-05,3.618487077951431,0.6912449598312378,0.6884467005729675,750,0.00070943596,-3.096309819817543,0.00302734375,-0.0031204006430925802,0.1,,
77,371,4.24004506,96.16,424,157696,3e-05,3.401886324584484,0.6292658448219299,0.7894057631492615,760,0.0005772532,-3.091320940852165,0.0017578125,-0.003060430192272179,0.1,,
78,376,5.110493440000001,95.29,424,159744,3e-05,4.519221776723862,0.8223206996917725,0.7724900245666504,770,0.00044519585,-3.0523975402116776,0.000390625,-0.0026062627177452667,0.1,,
,,,,,160000,3e-05,3.8750049129128454,0.7550177574157715,0.7683956623077393,780,0.0007265952,-3.068972074985504,0.00078125,-0.0031370692333439363,0.1,14.466869831085205,93.6
79,381,5.646121320000001,94.85,424,161792,,,,,,,,,,,,
80,385,6.217661689999999,94.8,424,163840,3e-05,3.998487448692322,0.7754231095314026,0.8119163513183594,790,0.0006702029,-3.072788989543915,0.000927734375,-0.003136934241047129,0.1,,
81,390,6.497634020000001,93.94,424,165888,3e-05,3.9794528871774673,0.9561004042625427,0.7789883613586426,800,0.0007017662,-3.037340533733368,0.0001953125,-0.0036905482382280754,0.1,,
82,395,6.601620390000001,92.61,424,167936,3e-05,5.88821500390768,1.5024030208587646,0.7483724355697632,810,0.00061631086,-3.052163192629814,0.000732421875,-0.003198300994699821,0.1,,
83,400,6.462008369999999,92.84,424,169984,3e-05,4.323542831838131,0.7482361793518066,0.7950791120529175,820,0.00056750455,-3.051777186989784,0.00048828125,-0.0027717388584278524,0.1,,
,,,,,170000,3e-05,3.2972464472055436,0.6690910458564758,0.8531875610351562,830,0.00088190567,-3.078234130144119,0.00224609375,-0.003620389851857908,0.1,-6.235504245758056,91.0
84,405,7.175776469999999,92.91,423,172032,,,,,,,,,,,,
85,410,7.86494514,92.63,424,174080,3e-05,3.7856245011091234,0.6959777474403381,0.7829915881156921,840,0.0007259243,-3.0453374475240707,0.001123046875,-0.0032357665681047366,0.1,,
86,414,9.329309519999999,92.74,424,176128,3e-05,3.699287210404873,0.7902408838272095,0.8118272423744202,850,0.00052409933,-3.0358925849199294,0.0001953125,-0.0026359182927990334,0.1,,
87,419,9.51050871,92.97,424,178176,3e-05,2.7019125990569592,0.46361345052719116,0.7252572774887085,860,0.00079423026,-3.0420841842889788,0.003515625,-0.002990577293530805,0.1,,
,,,,,180000,3e-05,3.549282592535019,0.8588333129882812,0.8023719787597656,870,0.00040010785,-3.004178500175476,0.0,-0.002072602664702572,0.1,2.1708608150482176,96.6
88,425,9.8972167,92.49,423,180224,,,,,,,,,,,,
89,430,8.405675669999999,93.85,423,182272,3e-05,3.061656955629587,0.5028316974639893,0.6871707439422607,880,0.0007160984,-3.046673211455345,0.000390625,-0.002810049062827602,0.1,,
90,435,9.034004920000001,93.17,423,184320,3e-05,3.171298806369305,0.6069185733795166,0.8096388578414917,890,0.0008372064,-3.041242977976799,0.00283203125,-0.003600530300172977,0.1,,
91,439,8.75715807,94.54,423,186368,3e-05,3.3793478906154633,0.6993588209152222,0.8316802382469177,900,0.0005216728,-3.02221921980381,9.765625e-05,-0.002691195913939737,0.1,,
92,445,8.733756419999999,94.95,423,188416,3e-05,3.663064792752266,0.5944194793701172,0.7924147844314575,910,0.0007854785,-3.0204892218112946,0.002880859375,-0.0032967982842819765,0.1,,
,,,,,190000,3e-05,3.3061775505542754,0.8654329180717468,0.8805316090583801,920,0.00071949384,-3.043256086111069,0.002099609375,-0.0029690124589251353,0.1,7.505938625335693,93.0
93,451,9.799989660000001,93.82,422,190464,,,,,,,,,,,,
94,455,10.91127274,92.66,422,192512,3e-05,3.9328942462801932,0.9257416129112244,0.7553155422210693,930,0.0010989929,-3.004281911253929,0.0025390625,-0.0037705679424107075,0.1,,
95,461,8.77965248,93.41,421,194560,3e-05,3.2948154017329214,0.6260483860969543,0.7095984220504761,940,0.00069281016,-3.018842765688896,9.765625e-05,-0.003036536704894388,0.1,,
96,466,8.569818539999998,93.38,421,196608,3e-05,4.60710375905037,1.0368695259094238,0.7981046438217163,950,0.00044376517,-3.0256705820560454,0.0,-0.0021191266336245463,0.1,,
97,470,6.935155169999999,94.62,421,198656,3e-05,4.964153668284416,1.281285047531128,0.845357358455658,960,0.00041627124,-3.0029890805482866,0.0,-0.002296835229208227,0.1,,
,,,,,200000,3e-05,3.5342688143253325,0.702910304069519,0.7517262697219849,970,0.0003290778,-3.0159674257040026,0.0,-0.0018109438882675023,0.1,12.664125657081604,96.4
98,476,6.6845761900000005,94.65,421,200704,,,,,,,,,,,,
99,481,6.02206329,95.99,421,202752,3e-05,3.6316889837384223,0.7324216961860657,0.7787246704101562,980,0.00075456745,-2.973772755265236,0.0021484375,-0.0030159376561641692,0.1,,
100,485,8.56267403,94.98,421,204800,3e-05,3.9732134371995924,0.7363311052322388,0.7656152248382568,990,0.0005445066,-2.985278829932213,0.0005859375,-0.002891046556760557,0.1,,
101,490,8.964117469999998,93.84,421,206848,3e-05,3.6108671933412553,0.6409223079681396,0.7634426355361938,1000,0.000781965,-2.9546406239271166,0.003515625,-0.0034889350441517307,0.1,,
102,494,9.218449439999999,94.08,422,208896,3e-05,3.749667611718178,0.8453125357627869,0.7233881950378418,1010,0.0007630538,-3.0052874207496645,0.00166015625,-0.0027427883265772834,0.1,,
,,,,,210000,3e-05,2.5915182031691075,0.47457200288772583,0.7187880277633667,1020,0.0011061527,-2.9676602691411973,0.0025390625,-0.0037013734385254794,0.1,3.7721449702978136,95.2
103,500,9.11998221,92.85,421,210944,,,,,,,,,,,,
104,505,8.14486067,93.15,421,212992,3e-05,3.2761337265372275,0.630422830581665,0.7497064471244812,1030,0.0005981645,-2.9836998254060747,0.000341796875,-0.00263123627519235,0.1,,
105,509,8.43188087,94.09,421,215040,3e-05,2.5964842163026334,0.6171758770942688,0.7713263630867004,1040,0.0006527022,-2.9488908141851424,0.001513671875,-0.002401999561698176,0.1,,
106,514,7.73764882,95.38,422,217088,3e-05,2.1267957895994187,0.40505558252334595,0.8524487018585205,1050,0.001585949,-2.9792614042758943,0.012890625,-0.004642527792020701,0.1,,
107,518,8.65190612,95.35,422,219136,3e-05,2.1703159689903258,0.4165354371070862,0.5826772451400757,1060,0.0012822121,-2.9731847912073137,0.007421875,-0.004342956353502814,0.1,,
,,,,,220000,3e-05,2.8281026922166346,0.511821985244751,0.8199983835220337,1070,0.0011098885,-2.982557886838913,0.003857421875,-0.0036409527325304224,0.1,9.646427822113036,86.8
108,524,10.23877655,96.32,421,221184,,,,,,,,,,,,
109,528,9.786174039999999,95.83,422,223232,3e-05,2.4909263633191587,0.7019495368003845,0.8433531522750854,1080,0.0011209591,-2.9771125823259355,0.007177734375,-0.004215638877940364,0.1,,
110,533,8.786927590000003,95.21,422,225280,3e-05,2.642862690985203,0.6031305193901062,0.7967216968536377,1090,0.00081197347,-2.977176010608673,0.000390625,-0.003469037386821583,0.1,,
111,537,8.67966774,93.96,422,227328,3e-05,3.587066702544689,0.7225360870361328,0.7663911581039429,1100,0.0006083885,-2.981092795729637,0.00029296875,-0.0025854829989839347,0.1,,
112,542,7.339387800000001,94.9,422,229376,3e-05,2.812483873963356,0.5303546190261841,0.7982355356216431,1110,0.0007925583,-2.9824214935302735,0.000244140625,-0.003506175527581945,0.1,,
,,,,,230000,3e-05,3.171359670162201,0.8984867930412292,0.8279324769973755,1120,0.0007330055,-2.969127821922302,0.001123046875,-0.003456268398440443,0.1,5.05579594373703,101.6
113,547,7.020289959999999,94.71,422,231424,,,,,,,,,,,,
114,552,7.772580379999999,95.19,422,233472,3e-05,3.339613674581051,0.6259543895721436,0.8752737045288086,1130,0.0004970725,-2.9708275884389876,0.000244140625,-0.0021979349228786306,0.1,,
115,557,8.64064244,94.76,422,235520,3e-05,3.8383547380566596,0.8349665403366089,0.7917286157608032,1140,0.0004663267,-2.979349580407143,0.000146484375,-0.002759908538428135,0.1,,
116,561,8.357905310000001,96.11,422,237568,3e-05,3.4652414813637735,0.5813064575195312,0.7623298168182373,1150,0.00039722165,-2.9245393216609954,4.8828125e-05,-0.0016455471777589992,0.1,,
117,566,9.5483074,95.5,423,239616,3e-05,4.4529005825519565,0.9758532047271729,0.8161337375640869,1160,0.0005723074,-2.9618231654167175,0.0013671875,-0.00301463509676978,0.1,,
,,,,,240000,3e-05,2.9768651008605955,0.6199666857719421,0.7380276918411255,1170,0.0011907369,-2.934567338228226,0.00478515625,-0.00403382916119881,0.1,12.499097752571107,92.4
118,571,9.41111381,95.59,422,241664,,,,,,,,,,,,
119,576,9.95608193,94.82,422,243712,3e-05,3.4385621294379236,0.6936571598052979,0.6863225698471069,1180,0.0010742244,-2.9438043892383576,0.003564453125,-0.00437083255383186,0.1,,
120,581,9.26277234,95.32,422,245760,3e-05,3.0131092369556427,0.5916863083839417,0.7522367238998413,1190,0.0010618308,-2.945336064696312,0.002294921875,-0.0038387931868783197,0.1,,
121,585,9.56690479,94.5,423,247808,3e-05,4.168510311841965,0.8808209300041199,0.7920392155647278,1200,0.0007390197,-2.9865916669368744,0.002001953125,-0.00303528462536633,0.1,,
122,591,8.21066733,93.85,422,249856,3e-05,3.5476149186491965,0.44758230447769165,0.8120537996292114,1210,0.0010650512,-2.923792135715485,0.00224609375,-0.004055518910172395,0.1,,
,,,,,250000,3e-05,5.335049556195736,1.6132640838623047,0.8316639065742493,1220,0.00028891454,-2.892102262377739,0.0,-0.0016505282910657115,0.1,2.5989226341247558,97.8
123,596,8.510896190000002,94.89,422,251904,,,,,,,,,,,,
124,601,8.4992687,94.38,422,253952,3e-05,3.8546236351132395,0.5527025461196899,0.8372686505317688,1230,0.00034595284,-2.9558201730251312,0.0,-0.0019402287813136353,0.1,,
125,605,9.333361389999999,94.06,422,256000,3e-05,3.152057959139347,0.8698293566703796,0.8342453241348267,1240,0.00049307616,-2.9066428661346437,0.0005859375,-0.002213073294842616,0.1,,
126,610,9.721332030000001,94.71,422,258048,3e-05,2.9087057575583457,0.5499427318572998,0.7476539611816406,1250,0.0008640578,-2.919283798336983,0.00380859375,-0.0037204198364634068,0.1,,
,,,,,260000,3e-05,4.137049271166324,0.9806864857673645,0.7718863487243652,1260,0.000928386,-2.937977370619774,0.003662109375,-0.00327890942862723,0.1,11.69025535583496,95.6
127,615,9.64036802,94.72,422,260096,,,,,,,,,,,,
128,620,9.3809945,94.88,422,262144,3e-05,2.2600596442818643,0.43522709608078003,0.747374415397644,1270,0.0013004881,-2.9016882866621017,0.01201171875,-0.004210090692504309,0.1,,
129,625,9.831524,94.65,422,264192,3e-05,2.9063164249062536,0.6224030256271362,0.8520883917808533,1280,0.0006033523,-2.9489350497722624,0.000732421875,-0.002946923073614016,0.1,,
130,629,9.591239459999999,94.76,422,266240,3e-05,2.571068598330021,0.44240251183509827,0.8421168327331543,1290,0.001121982,-2.896211701631546,0.007861328125,-0.003973495791433379,0.1,,
131,634,10.53538717,93.56,423,268288,3e-05,2.8382616147398947,0.5073217153549194,0.8574792146682739,1300,0.00084544974,-2.882558900117874,0.001953125,-0.0031835422007134183,0.1,,
,,,,,270000,3e-05,2.9191187508404255,0.6449059844017029,0.8781698346138,1310,0.00075416826,-2.8215167820453644,0.00205078125,-0.0031671570250182413,0.1,10.033620154857635,95.8
132,639,10.709196429999999,91.89,422,270336,,,,,,,,,,,,
133,644,10.309580200000001,90.94,422,272384,3e-05,3.0494840160012244,0.5902740955352783,0.8391115069389343,1320,0.0008220311,-2.8836195141077043,0.000732421875,-0.003638607496395707,0.1,,
134,648,10.34431385,90.52,423,274432,3e-05,2.958243636786938,0.5965043902397156,0.7422734498977661,1330,0.0009886606,-2.869539725780487,0.004296875,-0.00408657897496596,0.1,,
135,653,9.363394890000002,91.6,423,276480,3e-05,2.9211798921227454,0.5432332158088684,0.7951328754425049,1340,0.0012568091,-2.8808226138353348,0.00927734375,-0.004396747288410552,0.1,,
136,657,10.173259690000002,91.6,423,278528,3e-05,2.810119886696339,0.5755890607833862,0.7905956506729126,1350,0.0012351997,-2.9044072538614274,0.00634765625,-0.004429228595108725,0.1,,
,,,,,280000,3e-05,3.047223173081875,0.5571937561035156,0.7511070370674133,1360,0.0013141704,-2.861705932021141,0.009521484375,-0.004887763291480951,0.1,12.671436405181884,87.8
137,663,10.222351230000001,92.95,423,280576,,,,,,,,,,,,
138,668,10.13354366,93.82,422,282624,3e-05,3.037515403330326,0.5425183773040771,0.760503888130188,1370,0.0007884962,-2.869360902905464,0.0005859375,-0.0031079319247510283,0.1,,
139,673,9.795393670000001,93.53,422,284672,3e-05,3.391667012870312,0.7306885123252869,0.7789525389671326,1380,0.00076543284,-2.855653753876686,0.00126953125,-0.0034643095888895912,0.1,,
140,677,9.58008571,93.88,423,286720,3e-05,3.331285846233368,0.7120526432991028,0.7972512245178223,1390,0.00081541727,-2.853258338570595,0.007763671875,-0.002802341758797411,0.1,,
141,682,8.620403900000001,94.44,422,288768,3e-05,4.150157150626183,1.0339665412902832,0.7855087518692017,1400,0.0005058094,-2.9507935494184494,0.000537109375,-0.0028954779700143263,0.1,,
,,,,,290000,3e-05,3.9585901707410813,0.8589810729026794,0.6533463001251221,1410,0.0005839046,-2.8539200007915495,0.0,-0.002346551200025715,0.1,6.1241615295410154,101.0
142,688,9.12676453,93.64,422,290816,,,,,,,,,,,,
143,694,9.294839909999999,93.92,421,292864,3e-05,3.3917133137583733,0.7470744848251343,0.8347550630569458,1420,0.0005819185,-2.807125297188759,0.00107421875,-0.0029775409100693652,0.1,,
144,698,9.72249775,94.38,421,294912,3e-05,2.207178834080696,0.4557167887687683,0.7621188163757324,1430,0.0013254057,-2.8606557816267015,0.004296875,-0.0046148348497808914,0.1,,
145,703,10.496888950000002,93.89,421,296960,3e-05,2.6820436745882033,0.5455768704414368,0.8386163115501404,1440,0.0012484512,-2.878346490859985,0.00810546875,-0.004154860353446565,0.1,,
146,708,10.01217213,94.58,421,299008,3e-05,3.013836567103863,0.6658598780632019,0.7493836283683777,1450,0.0010687925,-2.8359596967697143,0.00771484375,-0.004129275080049411,0.1,,
,,,,,300000,3e-05,3.2570478469133377,0.8422286510467529,0.7768476605415344,1460,0.00067314174,-2.8673553824424745,0.002490234375,-0.003201251081191003,0.1,5.842836570739746,92.2
147,714,10.06518369,94.49,421,301056,,,,,,,,,,,,
148,719,9.942667319999998,93.54,421,303104,3e-05,2.5428806275129316,0.5387783050537109,0.8621938824653625,1470,0.0011271546,-2.884110337495804,0.0048828125,-0.004106832860270515,0.1,,
149,724,10.308751540000001,93.27,421,305152,3e-05,2.784654426574707,0.48320722579956055,0.8477071523666382,1480,0.0008912694,-2.8008411169052123,0.00380859375,-0.003279682429274544,0.1,,
150,729,10.54927684,93.05,421,307200,3e-05,2.3646935120224954,0.4603016972541809,0.8311436772346497,1490,0.0013115436,-2.807483133673668,0.00361328125,-0.0037755419150926174,0.1,,
151,733,9.980731130000002,93.64,421,309248,3e-05,2.3546241469681264,0.41645631194114685,0.8475049734115601,1500,0.0009667184,-2.8036267548799514,0.002783203125,-0.0032210710371145977,0.1,,
,,,,,310000,3e-05,2.624440462887287,0.4127279222011566,0.8004254698753357,1510,0.0008658683,-2.8509125143289564,0.006494140625,-0.003224016664898954,0.1,12.125654125213623,92.2
152,739,9.83838214,93.69,421,311296,,,,,,,,,,,,
153,744,10.485894059999998,94.31,421,313344,3e-05,4.34340689778328,0.8798195719718933,0.8133497834205627,1520,0.00041104,-2.8352112084627152,4.8828125e-05,-0.0021473220433108507,0.1,,
154,749,9.446749789999998,95.51,420,315392,3e-05,2.45940133780241,0.5289719700813293,0.9021866917610168,1530,0.0012172308,-2.814403200149536,0.00498046875,-0.0037024300399934873,0.1,,
155,754,9.657122840000001,94.63,420,317440,3e-05,3.43319303765893,0.6260692477226257,0.8490961194038391,1540,0.0007045921,-2.8019371151924135,0.001123046875,-0.002935148232791107,0.1,,
156,758,10.073108310000002,93.42,420,319488,3e-05,2.624572958052158,0.5640624761581421,0.7712219953536987,1550,0.0008618359,-2.8355701863765717,0.010986328125,-0.002968276327010244,0.1,,
,,,,,320000,3e-05,2.3946359530091286,0.44666242599487305,0.7597900629043579,1560,0.00064033165,-2.8357669740915297,0.00166015625,-0.0032102733544888905,0.1,14.201776695251464,93.2
157,764,11.011257350000003,93.57,420,321536,,,,,,,,,,,,
158,769,10.81728433,93.54,420,323584,3e-05,2.5056709624826907,0.38572368025779724,0.7801060676574707,1570,0.0017580488,-2.7744651466608046,0.008642578125,-0.0047051069530425595,0.1,,
159,774,11.17258135,92.89,420,325632,3e-05,1.6228734880685807,0.2698104977607727,0.8064097166061401,1580,0.0011822366,-2.797505810856819,0.005712890625,-0.0035490077134454623,0.1,,
160,779,11.532061179999996,92.31,420,327680,3e-05,3.3092250555753706,0.79115229845047,0.6164132952690125,1590,0.0007828305,-2.7802475094795227,0.001123046875,-0.00291413540544454,0.1,,
161,784,9.671814509999997,93.62,420,329728,3e-05,3.269030873477459,0.5978681445121765,0.7982893586158752,1600,0.0005096659,-2.758366498351097,0.000830078125,-0.002293454046593979,0.1,,
,,,,,330000,3e-05,4.101588903367519,0.898114800453186,0.7934665679931641,1610,0.0002972066,-2.756112977862358,0.0,-0.002067880470713135,0.1,14.81628234386444,86.2
162,789,9.422373529999998,94.2,420,331776,,,,,,,,,,,,
163,794,9.90953292,94.82,420,333824,3e-05,3.4730486541986467,0.7080963850021362,0.8435335159301758,1620,0.0005849266,-2.7682453483343124,0.000146484375,-0.0025764349738892633,0.1,,
164,799,9.430370070000002,95.16,420,335872,3e-05,2.601825097948313,0.47319984436035156,0.8312230706214905,1630,0.0011012374,-2.749453440308571,0.006982421875,-0.0039422480636858385,0.1,,
165,804,9.772412349999998,95.8,420,337920,3e-05,3.755928298830986,0.8133184313774109,0.8234090805053711,1640,0.00048946415,-2.789064663648605,4.8828125e-05,-0.002319693464960437,0.1,,
166,808,10.392193050000001,94.62,420,339968,3e-05,3.044372069090605,0.6328789591789246,0.8306748270988464,1650,0.00075885624,-2.7641779989004136,0.000390625,-0.002992235311830882,0.1,,
,,,,,340000,3e-05,2.5295737832784653,0.4807964563369751,0.792697548866272,1660,0.0010057634,-2.757992795109749,0.0025390625,-0.003803420875919983,0.1,8.499485903978348,94.8
167,814,9.414626440000001,95.35,420,342016,,,,,,,,,,,,
168,818,9.03847082,95.51,420,344064,3e-05,2.890747833251953,0.6392095685005188,0.828850507736206,1670,0.00075586804,-2.766953003406525,0.001171875,-0.0033622855815337973,0.1,,
169,823,9.82461599,94.56,420,346112,3e-05,3.592983993887901,0.6712326407432556,0.8068800568580627,1680,0.00066904165,-2.7734049528837206,0.000634765625,-0.002965928099001758,0.1,,
170,827,10.168931050000001,95.04,420,348160,3e-05,3.9821732729673385,1.3438694477081299,0.8089070320129395,1690,0.0005928403,-2.7522412449121476,4.8828125e-05,-0.0025465113401878627,0.1,,
,,,,,350000,3e-05,3.185606659203768,0.5814016461372375,0.848223090171814,1700,0.0005073319,-2.7927002608776093,4.8828125e-05,-0.0023620104329893366,0.1,12.78014132976532,94.4
171,833,10.65619936,94.48,420,350208,,,,,,,,,,,,
172,837,11.08553762,94.1,420,352256,3e-05,2.574749292433262,0.5978111624717712,0.8505064249038696,1710,0.0009686069,-2.742847725749016,0.002099609375,-0.0033172898372868078,0.1,,
173,842,11.19488517,94.26,420,354304,3e-05,2.9003809094429016,0.5827333927154541,0.7692166566848755,1720,0.001589427,-2.7098318964242933,0.0169921875,-0.004829458432504907,0.1,,
174,846,11.7626942,94.09,420,356352,3e-05,4.082347139716148,0.5743444561958313,0.8651081323623657,1730,0.0004744073,-2.676720330119133,0.000341796875,-0.002246832054515835,0.1,,
175,851,10.14980928,94.45,420,358400,3e-05,2.7396840915083884,0.5548498630523682,0.7400763034820557,1740,0.0012617442,-2.70374658703804,0.00556640625,-0.004331307439133525,0.1,,
,,,,,360000,3e-05,2.851009725034237,0.6163008809089661,0.6792178153991699,1750,0.000906964,-2.6898873805999757,0.001904296875,-0.0033149407798191534,0.1,10.650530862808228,92.6
176,856,11.062232530000001,93.65,420,360448,,,,,,,,,,,,
177,861,10.295583120000002,93.08,420,362496,3e-05,2.1416043877601623,0.42786625027656555,0.8520188331604004,1760,0.0013279362,-2.6784532457590102,0.014208984375,-0.004357360574067571,0.1,,
178,866,10.618374699999999,93.21,420,364544,3e-05,3.012768864631653,0.6804807186126709,0.8321720361709595,1770,0.0006186812,-2.6561036825180055,0.001123046875,-0.002551504335133359,0.1,,
179,870,10.63031367,92.74,420,366592,3e-05,3.479277069866657,0.825026273727417,0.8085155487060547,1780,0.0007866821,-2.700517025589943,0.001220703125,-0.002698950166814029,0.1,,
180,875,10.44161054,93.09,421,368640,3e-05,3.499894881248474,0.5896086096763611,0.7763610482215881,1790,0.00075220986,-2.65107401907444,0.001806640625,-0.0029844783872249535,0.1,,
,,,,,370000,3e-05,2.6954970106482508,0.5816786885261536,0.8606352210044861,1800,0.0011294147,-2.63404067158699,0.00654296875,-0.0036324029846582563,0.1,18.089634037017824,86.4
181,880,11.95218653,92.29,420,370688,,,,,,,,,,,,
182,885,11.350784310000002,92.72,420,372736,3e-05,2.5231167055666446,0.45777109265327454,0.8217822313308716,1810,0.0015338961,-2.6273048758506774,0.00986328125,-0.0045224368921481075,0.1,,
183,890,11.926130670000003,92.67,421,374784,3e-05,3.485910801589489,0.583733856678009,0.7705633640289307,1820,0.0007689033,-2.6601346254348757,0.001513671875,-0.002895836639800109,0.1,,
184,894,11.152325900000001,92.71,421,376832,3e-05,3.5011086642742155,0.883846640586853,0.8659067749977112,1830,0.0005641886,-2.690933546423912,0.0009765625,-0.0025627626688219606,0.1,,
185,899,10.442132100000002,92.7,421,378880,3e-05,4.506087855994702,0.934539794921875,0.7991564869880676,1840,0.0003889483,-2.6569537937641146,0.0,-0.0022573407331947237,0.1,,
,,,,,380000,3e-05,3.592480778694153,0.6863555312156677,0.8375918865203857,1850,0.0009053619,-2.6724671512842177,0.001220703125,-0.0034470362414140256,0.1,7.476579689979554,94.2
186,905,9.635900730000001,93.82,420,380928,,,,,,,,,,,,
187,910,8.62968637,94.53,420,382976,3e-05,3.0553321577608585,0.6994591355323792,0.8630262017250061,1860,0.0014755416,-2.6555679112672808,0.014794921875,-0.0047252684671548195,0.1,,
188,915,8.176565909999999,94.53,420,385024,3e-05,3.4632515221834184,0.6071060299873352,0.8380467295646667,1870,0.0006634217,-2.7090431332588194,0.000244140625,-0.002699373138602823,0.1,,
189,919,8.03423614,93.46,420,387072,3e-05,3.0331291005015375,0.6652591824531555,0.7548385262489319,1880,0.0008276927,-2.6757493197917936,0.002783203125,-0.002971702557988465,0.1,,
190,924,8.69323978,92.22,421,389120,3e-05,4.056368483603,0.8074610829353333,0.8283799886703491,1890,0.0008935233,-2.58064880669117,0.001611328125,-0.0035509298963006587,0.1,,
,,,,,390000,3e-05,3.2546184211969376,0.8087296485900879,0.7793852090835571,1900,0.0008975477,-2.5869337946176527,0.002734375,-0.003118941193679348,0.1,14.798503136634826,96.4
191,929,9.78444799,90.25,420,391168,,,,,,,,,,,,
192,934,10.42337603,89.95,420,393216,3e-05,4.402087780833244,1.276694893836975,0.8131126761436462,1910,0.00074892596,-2.5811152815818788,0.00087890625,-0.0032482229929883034,0.1,,
193,938,10.32388325,90.55,421,395264,3e-05,3.944768264889717,0.7611117362976074,0.8377274870872498,1920,0.0008150004,-2.5434285581111906,0.00234375,-0.0032490947283804416,0.1,,
194,943,11.420672960000001,90.93,421,397312,3e-05,2.778474020212889,0.4788428246974945,0.8729058504104614,1930,0.00091393874,-2.6353237837553025,0.00087890625,-0.0029835694644134493,0.1,,
195,947,11.952221970000004,92.92,421,399360,3e-05,3.3740864641964436,0.6501542925834656,0.8269565105438232,1940,0.00071953353,-2.5996241122484207,0.00126953125,-0.0025614661659346893,0.1,,
,,,,,400000,3e-05,2.646177425980568,0.6940387487411499,0.8301679491996765,1950,0.0012117133,-2.6496574491262437,0.00595703125,-0.003708341415040195,0.1,19.42240390777588,81.4
196,953,11.930377949999997,93.71,421,401408,,,,,,,,,,,,
197,957,11.244097329999997,93.82,421,403456,3e-05,3.1532195091247557,0.5288055539131165,0.8189464211463928,1960,0.0008836719,-2.6121282666921615,0.00478515625,-0.0033354862302076072,0.1,,
198,962,11.827756960000002,93.33,421,405504,3e-05,3.8566571325063705,0.6399229764938354,0.7968229651451111,1970,0.00046178873,-2.5733338236808776,0.00068359375,-0.0019585946341976524,0.1,,
199,966,11.62843721,94.27,421,407552,3e-05,2.8757385134696962,0.49187126755714417,0.8636157512664795,1980,0.0011866945,-2.6079620987176897,0.00361328125,-0.002979564666748047,0.1,,
200,971,11.63644168,94.38,421,409600,3e-05,2.3633822754025458,0.45962458848953247,0.865395188331604,1990,0.00121465,-2.6296304941177366,0.00625,-0.003429704518930521,0.1,,
,,,,,410000,3e-05,3.4414215222001077,0.7589356899261475,0.8538206815719604,2000,0.0007324454,-2.5832688391208647,0.002783203125,-0.0029686717432923617,0.1,18.558323669433594,91.8
201,976,11.657359279999998,94.48,421,411648,,,,,,,,,,,,
202,981,11.61297104,94.04,421,413696,3e-05,2.541995629668236,0.6102157831192017,0.8643556237220764,2010,0.0011574875,-2.6598008245229723,0.00537109375,-0.0036558676496497356,0.1,,
203,985,11.221095089999999,94.06,421,415744,3e-05,3.5363555938005446,0.7621739506721497,0.8249090909957886,2020,0.0009427346,-2.609126552939415,0.002978515625,-0.0031377465347759426,0.1,,
204,990,10.753869960000001,93.37,421,417792,3e-05,2.276256059110165,0.5743777751922607,0.8007618188858032,2030,0.000784653,-2.6099708139896394,0.002490234375,-0.0026022567617474124,0.1,,
205,994,11.86236941,92.65,422,419840,3e-05,2.517449700832367,0.4911527931690216,0.8335281610488892,2040,0.0010208874,-2.5751297056674955,0.004052734375,-0.0037704021786339583,0.1,,
,,,,,420000,3e-05,3.5320917084813117,0.7427129745483398,0.843666136264801,2050,0.00066970056,-2.5638652205467225,0.001171875,-0.0027958770631812515,0.1,21.658997344970704,87.0
206,1000,11.84212007,92.59,421,421888,,,,,,,,,,,,
207,1004,13.26728034,92.73,421,423936,3e-05,2.711633298546076,0.6951528787612915,0.8361449241638184,2060,0.001721351,-2.579748684167862,0.021044921875,-0.005091391177847982,0.1,,
208,1009,14.154516560000001,92.56,422,425984,3e-05,2.786164103448391,0.6978297233581543,0.8842081427574158,2070,0.0011488185,-2.5785877764225007,0.007080078125,-0.0036894880162435585,0.1,,
209,1013,14.658004830000003,93.17,422,428032,3e-05,2.875425361096859,0.6265154480934143,0.8368803262710571,2080,0.00081201363,-2.5561901718378066,0.001416015625,-0.003332208111532964,0.1,,
,,,,,430000,3e-05,2.719216151535511,0.5422502756118774,0.8322086930274963,2090,0.0008915472,-2.536529064178467,0.00302734375,-0.0034320086415391415,0.1,13.896986770629884,92.8
210,1019,14.672781040000002,93.33,421,430080,,,,,,,,,,,,
211,1023,13.829897849999998,93.79,422,432128,3e-05,2.674968928843737,0.5546610355377197,0.8963865041732788,2100,0.0009788126,-2.554380738735199,0.00537109375,-0.0031371733464766295,0.1,,
212,1028,13.864071929999998,93.29,422,434176,3e-05,3.9869125202298163,0.7625346183776855,0.8261898756027222,2110,0.00076811336,-2.5530082404613497,0.002001953125,-0.0024994201958179474,0.1,,
213,1032,13.76602483,92.81,422,436224,3e-05,3.588966150581837,0.8046600818634033,0.7644596695899963,2120,0.00055815186,-2.545797827839851,0.000927734375,-0.0022860088938614354,0.1,,
214,1037,13.82230446,93.03,422,438272,3e-05,4.084871631860733,0.751625657081604,0.7347890734672546,2130,0.0004827096,-2.5870989084243776,0.000341796875,-0.00196228856802918,0.1,,
,,,,,440000,3e-05,2.0235186353325845,0.33799687027931213,0.878010630607605,2140,0.0008952081,-2.559262904524803,0.005859375,-0.0033520114346174525,0.1,13.730200386047363,79.8
215,1042,14.554191150000001,92.39,422,440320,,,,,,,,,,,,
216,1047,14.878704870000002,92.34,422,442368,3e-05,3.359349448978901,0.6092177629470825,0.8627991676330566,2150,0.0008775194,-2.503377339243889,0.002587890625,-0.0029373267898336053,0.1,,
217,1051,14.349881539999998,92.38,422,444416,3e-05,2.9844963401556015,0.5496266484260559,0.8577088117599487,2160,0.0010188846,-2.5832142561674116,0.004296875,-0.003445169556653127,0.1,,
218,1056,14.439531050000001,91.34,422,446464,3e-05,2.660134156048298,0.5404617190361023,0.7968059778213501,2170,0.0008187655,-2.6113218426704408,0.0029296875,-0.0027238080438110046,0.1,,
219,1061,14.682122260000003,91.55,422,448512,3e-05,2.0253840304911135,0.47130241990089417,0.8442748785018921,2180,0.0013828494,-2.5888732463121413,0.01123046875,-0.003903695283224806,0.1,,
,,,,,450000,3e-05,2.4375960275530817,0.4963659942150116,0.8699573874473572,2190,0.00075178524,-2.614989310503006,0.003759765625,-0.002965788167784922,0.1,17.864335823059083,89.6
220,1066,13.72118798,93.43,422,450560,,,,,,,,,,,,
221,1071,14.376636280000003,94.21,422,452608,3e-05,2.839776684343815,0.6491646766662598,0.8168154358863831,2200,0.0006906071,-2.6021856874227525,0.00107421875,-0.0028921755932969973,0.1,,
222,1075,13.94676531,95.24,422,454656,3e-05,2.5271395623683928,0.5108700394630432,0.8494684100151062,2210,0.0014462642,-2.5675542175769808,0.00556640625,-0.004158458314486779,0.1,,
223,1080,13.81903338,95.35,422,456704,3e-05,2.871506352722645,0.5410688519477844,0.746696949005127,2220,0.00079415436,-2.55568984746933,0.002001953125,-0.002807010622927919,0.1,,
224,1085,14.50353626,93.92,422,458752,3e-05,2.784135992825031,0.6204424500465393,0.8594095706939697,2230,0.00046281953,-2.560239338874817,0.000830078125,-0.002139108418487012,0.1,,
,,,,,460000,3e-05,2.9054085925221442,0.6124646663665771,0.848556637763977,2240,0.00088616856,-2.608057144284248,0.0029296875,-0.002976356295403093,0.1,5.499285125732422,95.6
225,1090,15.110657430000002,93.57,422,460800,,,,,,,,,,,,
226,1095,14.252758210000001,92.96,422,462848,3e-05,2.6521834433078766,0.3860904276371002,0.8724974393844604,2250,0.0011910291,-2.633796286582947,0.00732421875,-0.0035830973996780814,0.1,,
227,1099,14.819664190000001,92.7,422,464896,3e-05,3.8524872705340387,0.541949987411499,0.8665778040885925,2260,0.0006572836,-2.581803172826767,0.00234375,-0.0028372386557748543,0.1,,
228,1104,14.213880219999998,93.85,422,466944,3e-05,2.7955336801707746,0.4909835457801819,0.8378444910049438,2270,0.00097391574,-2.6027206897735597,0.002587890625,-0.003291626335703768,0.1,,
229,1108,13.406222839999998,94.24,423,468992,3e-05,4.213528549671173,0.9336694478988647,0.8521997332572937,2280,0.0009881278,-2.6163872092962266,0.008349609375,-0.004249496350530535,0.1,,
,,,,,470000,3e-05,4.193664520978928,0.9580194354057312,0.7711461782455444,2290,0.00060805015,-2.5870487481355666,0.00029296875,-0.0025464373829890974,0.1,11.878624153137206,92.8
230,1114,12.548718599999999,93.49,422,471040,,,,,,,,,,,,
231,1118,13.217186489999996,92.83,422,473088,3e-05,2.6909045949578285,0.4815707504749298,0.8159005045890808,2300,0.0008486217,-2.603104344010353,0.00234375,-0.003102150800987147,0.1,,
232,1123,13.935848269999997,92.09,423,475136,3e-05,2.587496541440487,0.3726624548435211,0.8231406807899475,2310,0.0013500748,-2.5503978222608565,0.00908203125,-0.003614757940522395,0.1,,
233,1127,13.613833459999999,92.94,423,477184,3e-05,1.9211813114583491,0.418215811252594,0.843075156211853,2320,0.0016066858,-2.602599796652794,0.019580078125,-0.005133690484217368,0.1,,
234,1132,15.103906380000002,92.57,423,479232,3e-05,2.8510347977280617,0.41927075386047363,0.850490927696228,2330,0.0010979751,-2.5577036678791045,0.003955078125,-0.0041167182585923005,0.1,,
,,,,,480000,3e-05,2.245973329246044,0.42404142022132874,0.8540081977844238,2340,0.000939746,-2.5489058285951613,0.0037109375,-0.003052894803113304,0.1,18.995795059204102,97.0
235,1137,15.567733500000001,93.27,422,481280,,,,,,,,,,,,
236,1142,14.718702169999997,94.58,423,483328,3e-05,2.1625119082629682,0.6387568712234497,0.8739925026893616,2350,0.0011008846,-2.5797622054815292,0.003564453125,-0.0031677152757765724,0.1,,
237,1146,13.909537719999998,94.13,423,485376,3e-05,2.0416165150702,0.41536352038383484,0.8013788461685181,2360,0.0014769738,-2.586520692706108,0.00732421875,-0.0044127983914222565,0.1,,
238,1151,14.76412247,93.16,423,487424,3e-05,2.629761805385351,0.3670700788497925,0.866111695766449,2370,0.0012044493,-2.573352965712547,0.00830078125,-0.004035793108050712,0.1,,
239,1156,14.287824919999998,93.21,423,489472,3e-05,3.4295124292373655,0.7368056178092957,0.7895101308822632,2380,0.0006652847,-2.5350246995687487,0.00068359375,-0.0022002210724167528,0.1,,
,,,,,490000,3e-05,2.919752672314644,0.6938213109970093,0.7527581453323364,2390,0.0008435247,-2.553925779461861,0.001171875,-0.00332308319339063,0.1,14.83466739654541,89.6
240,1162,14.936410979999998,92.37,422,491520,,,,,,,,,,,,
241,1166,15.680561820000001,92.26,423,493568,3e-05,2.488270442187786,0.4667935371398926,0.8241416811943054,2400,0.0012316792,-2.531306704878807,0.007373046875,-0.003976397494261619,0.1,,
242,1171,14.765171699999998,93.31,423,495616,3e-05,3.2314361609518527,0.8036874532699585,0.8263055682182312,2410,0.0007339801,-2.5289612114429474,0.00205078125,-0.003043002399499528,0.1,,
243,1176,15.954021409999996,92.99,423,497664,3e-05,2.918919976055622,0.5590096712112427,0.8277745246887207,2420,0.0009287767,-2.581685170531273,0.005224609375,-0.003991862028487958,0.1,,
244,1180,16.49174726,91.74,423,499712,3e-05,2.6832366690039633,0.5743218064308167,0.8342458009719849,2430,0.0010064199,-2.5619239509105682,0.0041015625,-0.00317129340255633,0.1,,
,,,,,500000,3e-05,2.5197193056344984,0.4362047016620636,0.8421496152877808,2440,0.00084763666,-2.57039652466774,0.0015625,-0.0024066890851827337,0.1,18.39423828125,95.4
245,1186,16.546355789999996,92.82,422,501760,,,,,,,,,,,,
246,1191,15.604489549999998,92.99,422,503808,3e-05,2.691786286234856,0.7180754542350769,0.7680222988128662,2450,0.0005775863,-2.5379066288471224,0.002197265625,-0.0026762060122564437,0.1,,
247,1196,16.13178906,93.53,422,505856,3e-05,3.025792570412159,0.6438066959381104,0.7401494979858398,2460,0.0006238263,-2.5347968965768812,0.0005859375,-0.002522717631654814,0.1,,
248,1200,15.427159470000001,94.16,422,507904,3e-05,2.856772968173027,0.5017883777618408,0.7794930934906006,2470,0.0010000955,-2.548144206404686,0.003271484375,-0.003126117902866099,0.1,,
249,1205,15.54166389,93.35,423,509952,3e-05,3.7404174759984015,0.7452262043952942,0.8060346245765686,2480,0.0005253225,-2.5442073434591292,0.001220703125,-0.0026502400636672975,0.1,,
,,,,,510000,3e-05,3.3742787078022958,0.6873505711555481,0.7910313010215759,2490,0.0010624833,-2.5285973221063616,0.0044921875,-0.0031011712897452528,0.1,15.38092052936554,99.2
250,1210,15.65347068,93.44,422,512000,,,,,,,,,,,,
251,1215,15.77657813,93.14,422,514048,3e-05,3.634413668513298,0.891285240650177,0.7326048016548157,2500,0.0009151698,-2.519382119178772,0.005615234375,-0.0031505031845881605,0.1,,
252,1220,15.874032849999999,92.3,422,516096,3e-05,3.5807006493210793,0.5301376581192017,0.7885212898254395,2510,0.0004937088,-2.600813788175583,0.00029296875,-0.0021798845613375307,0.1,,
253,1224,15.38657192,92.04,423,518144,3e-05,2.956676797568798,0.6405455470085144,0.8400130271911621,2520,0.0005136649,-2.5681433200836183,0.000146484375,-0.002583099569892511,0.1,,
,,,,,520000,3e-05,2.888413616269827,0.445857435464859,0.8555286526679993,2530,0.00091532804,-2.5589495420455934,0.00625,-0.0035723498149309307,0.1,16.585805034637453,94.2
254,1230,14.433724989999998,92.66,422,520192,,,,,,,,,,,,
255,1235,13.49696324,93.96,422,522240,3e-05,3.1285179629921913,0.6171305179595947,0.760873556137085,2540,0.00062422984,-2.573196089267731,0.00029296875,-0.00259454061742872,0.1,,
256,1240,13.73742442,94.49,422,524288,3e-05,3.4934800907969477,0.8267080783843994,0.8101022839546204,2550,0.00068348786,-2.543703144788742,0.001025390625,-0.002792300417786464,0.1,,
257,1244,13.450775879999998,94.75,422,526336,3e-05,3.2464965686202047,0.5756084322929382,0.877572774887085,2560,0.0006802664,-2.5804512053728104,0.001708984375,-0.0032976007758406924,0.1,,
258,1248,15.161556580000001,94.13,423,528384,3e-05,2.6470287665724754,0.35016801953315735,0.7531955242156982,2570,0.0013464718,-2.588127690553665,0.009716796875,-0.003826640621991828,0.1,,
,,,,,530000,3e-05,2.3215300023555754,0.36873191595077515,0.7953230738639832,2580,0.0014143108,-2.5315399408340453,0.01015625,-0.0042780602525454015,0.1,23.136648178100586,86.2
259,1254,15.838492330000001,93.15,422,530432,,,,,,,,,,,,
260,1258,16.64704874,92.39,422,532480,3e-05,2.370445115864277,0.5638101100921631,0.808198094367981,2590,0.0014089462,-2.566899982094765,0.02060546875,-0.004033122071996331,0.1,,
261,1263,16.70592546,92.86,423,534528,3e-05,1.5960559099912643,0.2676049768924713,0.6979845762252808,2600,0.0012888743,-2.5472708493471146,0.00986328125,-0.003807162686280208,0.1,,
262,1267,15.758034740000003,93.39,423,536576,3e-05,1.4182228468358518,0.21470966935157776,0.826572597026825,2610,0.0016713929,-2.5414655655622482,0.019970703125,-0.005468917964026332,0.1,,
263,1272,15.563806119999997,93.95,423,538624,3e-05,3.066144148260355,0.6311485767364502,0.8357460498809814,2620,0.0011466064,-2.5373292535543444,0.00849609375,-0.003554876853013411,0.1,,
,,,,,540000,3e-05,3.2106007754802706,0.40886902809143066,0.8483970761299133,2630,0.0006903722,-2.5164294451475144,0.00166015625,-0.0028868648878415115,0.1,12.633088874816895,99.4
264,1277,15.08881784,94.64,423,540672,,,,,,,,,,,,
265,1282,14.967996079999999,93.17,423,542720,3e-05,2.8420691058039664,0.6509487628936768,0.7841163873672485,2640,0.00066356675,-2.5450919210910796,0.00185546875,-0.0027185118931811305,0.1,,
266,1286,15.56225773,93.03,423,544768,3e-05,2.661942154914141,0.594538688659668,0.8131887912750244,2650,0.0010345647,-2.5125138372182847,0.005712890625,-0.0031526983104413374,0.1,,
267,1291,15.786611489999999,93.79,423,546816,3e-05,1.7368851616978644,0.3241047263145447,0.8987128138542175,2660,0.0013265423,-2.542434886097908,0.013720703125,-0.0048048283613752575,0.1,,
268,1295,15.650819160000003,93.86,423,548864,3e-05,2.2070195116102695,0.40098029375076294,0.8813021183013916,2670,0.00048698706,-2.567751106619835,0.001123046875,-0.0024956804438261313,0.1,,
,,,,,550000,3e-05,2.10905085131526,0.3552471101284027,0.862629234790802,2680,0.0009801625,-2.574798399209976,0.002001953125,-0.0034614593401784076,0.1,18.37325496673584,87.8
269,1301,15.84875136,94.49,423,550912,,,,,,,,,,,,
270,1305,16.658151229999998,94.35,423,552960,3e-05,2.8595781177282333,0.5215887427330017,0.8604333996772766,2690,0.00082877825,-2.585316985845566,0.001806640625,-0.0029448734305333344,0.1,,
271,1310,15.54233655,95.11,423,555008,3e-05,2.726663924753666,0.5054941177368164,0.854249119758606,2700,0.0011659877,-2.596413028240204,0.00576171875,-0.003519740325282328,0.1,,
272,1314,15.614900550000002,94.0,423,557056,3e-05,2.558500153571367,0.3883402347564697,0.793107807636261,2710,0.00082062464,-2.5423463881015778,0.003564453125,-0.00284766917466186,0.1,,
273,1319,15.815343290000001,93.71,423,559104,3e-05,2.149109710752964,0.4403424561023712,0.8695921897888184,2720,0.00091009075,-2.6124597519636152,0.002880859375,-0.00330968594935257,0.1,,
,,,,,560000,3e-05,2.9051746413111688,0.48518243432044983,0.8254938125610352,2730,0.0008027296,-2.6212439060211183,0.002734375,-0.002815026690950617,0.1,19.55690517425537,89.8
274,1324,16.371177,93.02,423,561152,,,,,,,,,,,,
275,1329,16.10590818,92.91,423,563200,3e-05,2.367911321669817,0.4944586157798767,0.8938108086585999,2740,0.0010980933,-2.6603625893592833,0.007861328125,-0.00449341832427308,0.1,,
276,1333,16.053430810000002,93.36,423,565248,3e-05,3.0888138361275197,0.551604151725769,0.8673069477081299,2750,0.00056555204,-2.617259955406189,0.00146484375,-0.0031686303089372815,0.1,,
277,1338,15.723046709999998,92.69,423,567296,3e-05,2.935568469762802,0.4906628727912903,0.8589343428611755,2760,0.00062982156,-2.6283480316400527,0.000244140625,-0.002866736370197032,0.1,,
278,1342,15.08399374,92.39,424,569344,3e-05,3.2057060316205024,0.6384211778640747,0.8687335252761841,2770,0.0016446994,-2.5945281028747558,0.02275390625,-0.004829732101643458,0.1,,
,,,,,570000,3e-05,2.7739547163248064,0.5370770692825317,0.8477821946144104,2780,0.00094135525,-2.639572504162788,0.005615234375,-0.0038305464026052506,0.1,5.150251293182373,101.0
279,1348,15.70398923,92.99,423,571392,,,,,,,,,,,,
280,1352,15.716199359999997,92.52,423,573440,3e-05,2.6042363815009595,0.4662027359008789,0.8546424508094788,2790,0.0011170928,-2.617371454834938,0.00546875,-0.003813218885625247,0.1,,
281,1357,15.470877849999999,93.4,424,575488,3e-05,3.2603181436657906,0.4750989079475403,0.8586043119430542,2800,0.00045831068,-2.5820477098226546,0.00263671875,-0.00224255269713467,0.1,,
282,1361,16.540876869999998,94.17,424,577536,3e-05,2.215182889252901,0.47206759452819824,0.8996030688285828,2810,0.0006362196,-2.588816687464714,0.000439453125,-0.0030062579928198828,0.1,,
283,1366,15.756611929999998,94.02,424,579584,3e-05,2.0599958553910254,0.3199426233768463,0.8977800011634827,2820,0.0011991763,-2.5912240922451018,0.006640625,-0.0039168243994936345,0.1,,
,,,,,580000,3e-05,2.9774349972605707,0.6407443881034851,0.8130053281784058,2830,0.00066362444,-2.5805117398500443,0.0013671875,-0.002719644524040632,0.1,19.317089462280272,88.0
284,1371,16.412492,93.38,424,581632,,,,,,,,,,,,
285,1376,15.044149500000001,93.99,424,583680,3e-05,3.1442428454756737,0.5216996669769287,0.7853477597236633,2840,0.0010354484,-2.5759724974632263,0.00361328125,-0.003282054606825113,0.1,,
286,1380,13.8335909,93.77,424,585728,3e-05,2.420144198089838,0.6800442337989807,0.7146209478378296,2850,0.0009587194,-2.5411101043224336,0.00439453125,-0.003898938110796735,0.1,,
287,1385,13.27340431,94.0,424,587776,3e-05,2.868831082433462,0.6271284222602844,0.7486385703086853,2860,0.00085701037,-2.558339166641235,0.00263671875,-0.003516538895200938,0.1,,
288,1389,13.889800309999998,93.3,424,589824,3e-05,2.827043691277504,0.6406242251396179,0.8261530995368958,2870,0.0008714178,-2.593110331892967,0.0017578125,-0.003042675231699832,0.1,,
,,,,,590000,3e-05,2.5898350648581983,0.511815071105957,0.869817852973938,2880,0.0008069294,-2.5537808418273924,0.00263671875,-0.003492428979370743,0.1,15.219139766693115,85.2
289,1394,14.12348101,93.19,424,591872,,,,,,,,,,,,
290,1399,14.867954580000003,92.52,424,593920,3e-05,3.952709874510765,1.0488659143447876,0.7943909168243408,2890,0.0008228313,-2.5862168669700623,0.001025390625,-0.003460895858006552,0.1,,
291,1404,15.414526449999999,93.23,424,595968,3e-05,2.294986529648304,0.48631948232650757,0.8265751004219055,2900,0.0010002644,-2.6038878262043,0.003515625,-0.0037537127529503776,0.1,,
292,1408,14.656044750000001,93.72,424,598016,3e-05,2.5962775595486165,0.4941866099834442,0.7460799813270569,2910,0.0012553809,-2.560747650265694,0.006689453125,-0.00430554585182108,0.1,,
,,,,,600000,3e-05,2.9359764859080313,0.8812345266342163,0.8811643123626709,2920,0.0011693196,-2.6396647095680237,0.009619140625,-0.004123396088834852,0.1,19.392939949035643,94.6
293,1413,14.83428856,94.05,424,600064,,,,,,,,,,,,
294,1418,15.649741339999999,94.59,424,602112,3e-05,2.4821553654968738,0.35824233293533325,0.8209251165390015,2930,0.0012458921,-2.5927193105220794,0.00576171875,-0.0034695074951741844,0.1,,
295,1423,15.433805879999998,95.5,424,604160,3e-05,2.959575618803501,0.5930787324905396,0.8569250702857971,2940,0.0013432048,-2.543235492706299,0.0064453125,-0.003697530733188614,0.1,,
296,1427,16.859855370000002,94.36,424,606208,3e-05,2.021362268924713,0.4828360676765442,0.8459031581878662,2950,0.0011776437,-2.547511327266693,0.00751953125,-0.00436567758442834,0.1,,
297,1432,16.477574160000003,94.88,424,608256,3e-05,2.2707200780510903,0.4796079993247986,0.8171414732933044,2960,0.0013251589,-2.57375148832798,0.007080078125,-0.004206882676953683,0.1,,
,,,,,610000,3e-05,2.8362754076719283,0.4494406580924988,0.8356257081031799,2970,0.00068417436,-2.575616192817688,0.0017578125,-0.002870091034856159,0.1,17.166067123413086,91.2
298,1437,16.654607860000002,94.92,424,610304,,,,,,,,,,,,
299,1442,16.63042549,93.78,424,612352,3e-05,2.3989202819764612,0.4953705072402954,0.8144389390945435,2980,0.001195729,-2.552172577381134,0.0052734375,-0.0037742181331850587,0.1,,
300,1447,15.89298939,93.41,424,614400,3e-05,2.3686911962926387,0.3359518349170685,0.8388323783874512,2990,0.0009315283,-2.6008548855781557,0.002880859375,-0.003569256834452972,0.1,,
301,1451,15.78673182,92.98,424,616448,3e-05,2.8917708210647106,0.4991610050201416,0.8828004598617554,3000,0.00035264186,-2.5158606231212617,0.000244140625,-0.0021489022707100957,0.1,,
302,1456,15.840307169999999,92.77,424,618496,3e-05,2.524163876473904,0.43237340450286865,0.8467232584953308,3010,0.00074027164,-2.5776822686195375,0.003076171875,-0.0030067850777413694,0.1,,
,,,,,620000,3e-05,2.1183164320886134,0.47082018852233887,0.8348197937011719,3020,0.0008440441,-2.518788608908653,0.00380859375,-0.0036064603598788382,0.1,22.479778671264647,94.0
303,1462,15.637864479999998,92.78,424,620544,,,,,,,,,,,,
304,1466,15.75666589,92.88,424,622592,3e-05,2.155380790680647,0.3380790650844574,0.8486374616622925,3030,0.0011169038,-2.5741183191537855,0.005078125,-0.0038320440144161694,0.1,,
305,1471,15.804294039999997,94.33,424,624640,3e-05,1.8990606740117073,0.4140489101409912,0.8965127468109131,3040,0.0008929387,-2.565212345123291,0.004296875,-0.0034362195554422216,0.1,,
306,1475,16.32958535,94.24,424,626688,3e-05,2.4523756474256517,0.38918331265449524,0.860207736492157,3050,0.0007437061,-2.5927863001823424,0.001708984375,-0.0030698455928359182,0.1,,
307,1480,16.71895796,95.74,424,628736,3e-05,2.4214094400405886,0.4682479202747345,0.9047355055809021,3060,0.0014878134,-2.5650254100561143,0.011474609375,-0.0043428032717201855,0.1,,
,,,,,630000,3e-05,1.9083329126238824,0.33464446663856506,0.8988640308380127,3070,0.0013954728,-2.5523304104804994,0.020947265625,-0.003920534203643911,0.1,17.448762130737304,83.6
308,1486,17.02159745,95.14,424,630784,,,,,,,,,,,,
309,1491,17.55465079,94.79,424,632832,3e-05,2.663818537443876,0.5239147543907166,0.8779239058494568,3080,0.00089658576,-2.517619100213051,0.00478515625,-0.003542806798941456,0.1,,
310,1495,18.095419409999998,93.76,424,634880,3e-05,2.4030776500701903,0.5167967677116394,0.8064663410186768,3090,0.0011384465,-2.5361711144447328,0.004541015625,-0.0036681001773104073,0.1,,
311,1500,17.76778984,94.25,424,636928,3e-05,2.2536744073033335,0.3326917886734009,0.8652180433273315,3100,0.0013033522,-2.5102063834667208,0.027783203125,-0.005013351116213016,0.1,,
312,1505,17.26949003,94.11,424,638976,3e-05,2.63893775716424,0.5402190089225769,0.8626247048377991,3110,0.0010974065,-2.5292452454566954,0.005322265625,-0.004075572569854557,0.1,,
,,,,,640000,3e-05,2.383259514719248,0.4602157473564148,0.8851483464241028,3120,0.00075714174,-2.5593794465065,0.00263671875,-0.003079418753623031,0.1,11.334756851196289,94.4
313,1510,17.38479937,94.33,424,641024,,,,,,,,,,,,
314,1515,16.789743080000004,95.62,424,643072,3e-05,1.8055892951786519,0.3100895881652832,0.8382219076156616,3130,0.0015876101,-2.517553123831749,0.0138671875,-0.004560033828602173,0.1,,
315,1520,17.19742126,94.08,424,645120,3e-05,3.446714107692242,0.6256752610206604,0.8534349203109741,3140,0.0007792329,-2.5417630851268767,0.002783203125,-0.0028485132002970203,0.1,,
316,1524,16.801674889999997,94.46,424,647168,3e-05,2.0831100031733514,0.4737035632133484,0.8682551383972168,3150,0.00149523,-2.4772614628076552,0.0158203125,-0.00466831952217035,0.1,,
317,1529,17.548484639999998,92.93,424,649216,3e-05,3.128753626346588,0.6783414483070374,0.7878822684288025,3160,0.0005431075,-2.5683201014995576,0.000732421875,-0.0025499377399682997,0.1,,
,,,,,650000,3e-05,2.410357201844454,0.4115579128265381,0.8861804008483887,3170,0.0011917123,-2.5291129678487776,0.016259765625,-0.004553541904897429,0.1,12.409836483001708,93.4
318,1534,18.62283192,93.05,424,651264,,,,,,,,,,,,
319,1539,18.53902217,93.1,424,653312,3e-05,1.9741738170385361,0.3231329619884491,0.8876822590827942,3180,0.0015770298,-2.5348158329725266,0.009228515625,-0.00421408809197601,0.1,,
320,1543,18.73068813,93.49,424,655360,3e-05,2.53392353951931,0.4685518741607666,0.8675117492675781,3190,0.00091068726,-2.5665416419506073,0.003662109375,-0.003374565017293207,0.1,,
321,1548,18.2765844,93.58,424,657408,3e-05,1.8318696103990078,0.32926735281944275,0.8786497116088867,3200,0.0011242972,-2.580604311823845,0.008154296875,-0.003682266743271612,0.1,,
322,1552,18.617603940000002,92.56,424,659456,3e-05,2.1876824125647545,0.3636605739593506,0.8388606905937195,3210,0.0009519511,-2.594410103559494,0.00458984375,-0.0030812720739049836,0.1,,
,,,,,660000,3e-05,1.756330891698599,0.33493471145629883,0.9178478121757507,3220,0.001529828,-2.5806637912988664,0.008203125,-0.0039385774463880805,0.1,15.596652507781982,93.2
323,1558,16.84476771,94.29,424,661504,,,,,,,,,,,,
324,1563,16.487627,94.0,424,663552,3e-05,1.832571743056178,0.22204548120498657,0.7208342552185059,3230,0.0015732271,-2.553633522987366,0.01455078125,-0.004513595614116639,0.1,,
325,1567,15.78841135,94.53,424,665600,3e-05,2.9447085529565813,0.4580880105495453,0.7976483702659607,3240,0.0012883245,-2.555678579211235,0.0091796875,-0.003894481499446556,0.1,,
326,1572,16.169551900000002,92.99,424,667648,3e-05,2.199645785242319,0.4765901267528534,0.8527743816375732,3250,0.0008695383,-2.551957479119301,0.0037109375,-0.0030690575833432375,0.1,,
327,1576,16.908007049999995,93.14,424,669696,3e-05,3.3368925184011458,0.515022873878479,0.806235671043396,3260,0.0007195666,-2.497274488210678,0.001123046875,-0.003014486993197352,0.1,,
,,,,,670000,3e-05,2.2855294831097126,0.4808048903942108,0.8965376615524292,3270,0.00075159,-2.5206267148256303,0.002001953125,-0.003141778879216872,0.1,12.58752670288086,100.0
328,1582,17.87386484,92.73,424,671744,,,,,,,,,,,,
329,1586,18.77636343,91.2,424,673792,3e-05,1.6108769215643406,0.35289037227630615,0.8877860307693481,3280,0.001415301,-2.5261310577392577,0.0123046875,-0.004096432309597731,0.1,,
330,1591,17.93469906,92.61,424,675840,3e-05,2.007318067550659,0.3217224180698395,0.8518685102462769,3290,0.001008002,-2.5227015197277067,0.0083984375,-0.0039020397380227223,0.1,,
331,1596,17.615405109999998,92.47,424,677888,3e-05,2.121330564469099,0.5142213106155396,0.862705647945404,3300,0.0007334199,-2.50563363134861,0.003076171875,-0.002749708603369072,0.1,,
332,1600,17.689219270000002,91.93,424,679936,3e-05,2.118633482605219,0.3390020728111267,0.8867465257644653,3310,0.0011877124,-2.5302219718694685,0.01279296875,-0.004477056104224175,0.1,,
,,,,,680000,3e-05,2.4515447497367857,0.4735259413719177,0.8871082663536072,3320,0.00092406245,-2.4643063098192215,0.0177734375,-0.0042487746104598045,0.1,15.067571258544922,93.8
333,1606,17.758508550000002,93.38,424,681984,,,,,,,,,,,,
334,1610,18.186407340000002,93.01,424,684032,3e-05,1.6443717673420906,0.2952095568180084,0.8998351097106934,3330,0.0016777436,-2.525609466433525,0.014892578125,-0.0048233960231300445,0.1,,
335,1615,17.936902949999997,93.11,424,686080,3e-05,2.9200471088290216,0.5050368905067444,0.8431383967399597,3340,0.0010798704,-2.4486937135457993,0.00625,-0.004283659528300632,0.1,,
336,1619,17.23866624,92.89,424,688128,3e-05,2.5207835398614407,0.5246850848197937,0.8895881175994873,3350,0.0015769575,-2.5124257445335387,0.030126953125,-0.005894699893542565,0.1,,
,,,,,690000,3e-05,2.8451929166913033,0.2801905572414398,0.8274644613265991,3360,0.0007187604,-2.44951631128788,0.00244140625,-0.002505544606538024,0.1,13.724588966369629,107.8
337,1625,17.053513170000002,93.79,424,690176,,,,,,,,,,,,
338,1629,17.070232049999998,94.2,424,692224,3e-05,3.0128708451986315,0.5656871795654297,0.7846273183822632,3370,0.00079218706,-2.5427883595228193,0.001123046875,-0.0029841631680028514,0.1,,
339,1634,17.17718018,94.02,424,694272,3e-05,1.9137434780597686,0.295688658952713,0.8836430311203003,3380,0.0010940962,-2.497478723526001,0.0033203125,-0.003816020859812852,0.1,,
340,1638,16.997334470000002,94.28,424,696320,3e-05,2.1942828223109245,0.44190117716789246,0.8152823448181152,3390,0.00091960456,-2.4690907448530197,0.005810546875,-0.00288193354208488,0.1,,
341,1643,17.257544579999998,93.9,424,698368,3e-05,1.7271177098155022,0.260028213262558,0.8487530946731567,3400,0.00088252855,-2.45359445810318,0.001953125,-0.002935595071176067,0.1,,
,,,,,700000,3e-05,2.1322836741805076,0.535089373588562,0.8341004252433777,3410,0.0007355355,-2.467578023672104,0.0041015625,-0.0032756370608694853,0.1,16.075194358825684,96.0
342,1648,17.009825690000003,94.74,424,700416,,,,,,,,,,,,
343,1653,17.21224897,94.31,424,702464,3e-05,2.9746428206562996,0.5469955801963806,0.8378068804740906,3420,0.0006691806,-2.4695196241140365,0.003369140625,-0.002703399577876553,0.1,,
344,1657,17.0546341,94.87,424,704512,3e-05,2.0124207086861134,0.3593961000442505,0.8461601138114929,3430,0.0010285417,-2.4331214785575868,0.003857421875,-0.0028655976610025393,0.1,,
345,1662,17.27438828,94.74,425,706560,3e-05,2.298087640851736,0.4121025800704956,0.872343897819519,3440,0.0011408757,-2.4153458803892134,0.006591796875,-0.003233526222174987,0.1,,
346,1666,18.10592551,95.03,425,708608,3e-05,2.002631075680256,0.38359877467155457,0.8761747479438782,3450,0.0008523419,-2.498130315542221,0.005859375,-0.0032174360036151483,0.1,,
,,,,,710000,3e-05,2.3893403306603433,0.44925248622894287,0.8719870448112488,3460,0.0010075459,-2.4568391531705855,0.006494140625,-0.00340592568682041,0.1,23.442422294616698,86.6
347,1671,18.58220248,92.82,425,710656,,,,,,,,,,,,
348,1676,18.605589560000002,93.26,425,712704,3e-05,2.4527563229203224,0.5688154697418213,0.8634101152420044,3470,0.0008242893,-2.4508070975542067,0.002880859375,-0.0031540921539999545,0.1,,
349,1681,18.759716500000003,93.12,425,714752,3e-05,2.0776679143309593,0.34730151295661926,0.8416504263877869,3480,0.0010209808,-2.461222180724144,0.004833984375,-0.003076682850951329,0.1,,
350,1685,18.730884789999998,92.79,425,716800,3e-05,2.0242242686450482,0.3556458353996277,0.8564465641975403,3490,0.0014581577,-2.534438282251358,0.00830078125,-0.004068315913900733,0.1,,
351,1690,17.53320015,93.93,425,718848,3e-05,2.0033656798303126,0.38147109746932983,0.8590813875198364,3500,0.0008315245,-2.4588130712509155,0.002978515625,-0.0030576315184589475,0.1,,
,,,,,720000,3e-05,1.9893101401627065,0.5365135073661804,0.8943098783493042,3510,0.001065633,-2.459725397825241,0.010107421875,-0.004058321422780864,0.1,13.392101597785949,93.4
352,1695,16.73774665,94.96,425,720896,,,,,,,,,,,,
353,1700,17.71907256,94.92,425,722944,3e-05,2.4108683452010156,0.3879362642765045,0.8544279932975769,3520,0.0006221534,-2.4513611972332,0.001806640625,-0.0022876514965901153,0.1,,
354,1704,17.54925827,95.18,425,724992,3e-05,1.6828101709485055,0.2689358592033386,0.8627557158470154,3530,0.0013708137,-2.437308505177498,0.0083984375,-0.003841578832361847,0.1,,
355,1709,17.1473737,94.72,425,727040,3e-05,2.180720989406109,0.47325024008750916,0.821961522102356,3540,0.0006047925,-2.504713585972786,0.000439453125,-0.0021749963285401463,0.1,,
356,1713,18.25438954,93.06,425,729088,3e-05,2.3571433134377004,0.5248906016349792,0.8225870132446289,3550,0.00070214726,-2.4571761399507523,0.005859375,-0.003065209341002628,0.1,,
,,,,,730000,3e-05,1.465912814438343,0.23746737837791443,0.9002829194068909,3560,0.0015351733,-2.491153731942177,0.015869140625,-0.005063764424994588,0.1,25.911023139953613,95.4
357,1719,17.85486047,94.14,425,731136,,,,,,,,,,,,
358,1723,17.55595487,93.97,425,733184,3e-05,2.644601834565401,0.4406788945198059,0.8329038619995117,3570,0.0011287937,-2.464473840594292,0.006396484375,-0.003515953087480739,0.1,,
359,1728,17.834129599999997,93.26,425,735232,3e-05,1.7260497327893973,0.3096592128276825,0.8298409581184387,3580,0.0013114444,-2.481753545999527,0.0146484375,-0.004248332980205305,0.1,,
360,1732,17.98913226,92.89,425,737280,3e-05,3.2099993877112865,0.5244141817092896,0.8159373998641968,3590,0.0005202034,-2.4891509026288987,0.000732421875,-0.0022473381366580726,0.1,,
361,1737,17.59030048,94.43,425,739328,3e-05,2.43981369882822,0.5329039096832275,0.832613468170166,3600,0.0004848418,-2.4441382080316543,0.0009765625,-0.002017625601729378,0.1,,
,,,,,740000,3e-05,2.5802223548293113,0.30074343085289,0.8704187870025635,3610,0.0005472868,-2.4978052109479902,0.00146484375,-0.002338059675821569,0.1,22.537114715576173,91.4
362,1742,19.13581328,92.43,425,741376,,,,,,,,,,,,
363,1747,19.05935869,92.67,425,743424,3e-05,1.980213187634945,0.34593144059181213,0.8900755047798157,3620,0.0013820551,-2.497225394845009,0.011328125,-0.003874699867446907,0.1,,
364,1751,19.619519219999997,93.12,425,745472,3e-05,1.5836457297205926,0.36612483859062195,0.917041003704071,3630,0.0018660179,-2.480611151456833,0.025244140625,-0.0049356127405189906,0.1,,
365,1756,19.725385830000004,94.32,425,747520,3e-05,1.8913374856114387,0.3158405125141144,0.8768893480300903,3640,0.0012172685,-2.4864471942186355,0.011328125,-0.004545026703272015,0.1,,
366,1761,19.12587699,93.76,425,749568,3e-05,1.653458883613348,0.4185146391391754,0.9057675004005432,3650,0.000707104,-2.4799503833055496,0.00498046875,-0.0032561145082581787,0.1,,
,,,,,750000,3e-05,1.5253028720617294,0.2330385148525238,0.9206312894821167,3660,0.001037437,-2.429860699176788,0.006884765625,-0.0034134440546040425,0.1,18.144939994812013,103.8
367,1766,19.24271209,94.24,425,751616,,,,,,,,,,,,
368,1771,18.86490861,93.68,425,753664,3e-05,2.3355117619037626,0.4630516767501831,0.787908673286438,3670,0.0011615559,-2.467809706926346,0.005078125,-0.003925311006605625,0.1,,
369,1775,18.820085940000002,92.92,425,755712,3e-05,2.760869651287794,0.5222225189208984,0.8145711421966553,3680,0.0006311915,-2.456031021475792,0.001025390625,-0.0024882509191229475,0.1,,
370,1780,18.17382426,92.75,425,757760,3e-05,2.1609524935483932,0.3948347568511963,0.8555814027786255,3690,0.0014253776,-2.455953922867775,0.01396484375,-0.004363591785659082,0.1,,
371,1785,17.09744461,93.22,425,759808,3e-05,2.4550320327281954,0.5613471269607544,0.8902323246002197,3700,0.00076518964,-2.452986142039299,0.002978515625,-0.003535214878502302,0.1,,
,,,,,760000,3e-05,2.4709826625883577,0.5264331698417664,0.8932974934577942,3710,0.0006328885,-2.427669879794121,0.00146484375,-0.0023950682749273255,0.1,24.928402709960938,101.4
372,1790,16.802344110000003,94.75,425,761856,,,,,,,,,,,,
373,1795,16.96112547,95.05,425,763904,3e-05,2.4867778845131396,0.4281235635280609,0.8725244998931885,3720,0.0010358656,-2.462974947690964,0.00849609375,-0.0035095772705972194,0.1,,
374,1800,16.98916855,94.81,425,765952,3e-05,1.9492213726043701,0.36973121762275696,0.9090851545333862,3730,0.0010785206,-2.453757771849632,0.006103515625,-0.0040953254472697155,0.1,,
375,1804,16.689299300000002,96.26,425,768000,3e-05,1.9901577718555927,0.3444768786430359,0.8676372766494751,3740,0.0011380898,-2.4664236754179,0.005712890625,-0.0032976319635054097,0.1,,
,,,,,770000,3e-05,2.3868348725140094,0.3898729085922241,0.8291921019554138,3750,0.00086737645,-2.458122932910919,0.00361328125,-0.0035540475771995263,0.1,20.349291229248045,95.0
376,1810,17.24254283,95.2,425,770048,,,,,,,,,,,,
377,1815,17.09101825,95.31,425,772096,3e-05,2.1555307008326055,0.2848207950592041,0.8526176810264587,3760,0.0011619675,-2.455612599849701,0.0142578125,-0.004392334117437713,0.1,,
378,1819,18.323467060000002,95.1,425,774144,3e-05,1.9458800859749317,0.4802826941013336,0.8593556880950928,3770,0.0011663998,-2.4187192738056185,0.008349609375,-0.004474958241917193,0.1,,
379,1824,19.1702711,94.09,425,776192,3e-05,1.943053986132145,0.39584216475486755,0.8646490573883057,3780,0.00070037716,-2.417434412240982,0.001025390625,-0.002777111335308291,0.1,,
380,1829,19.593294540000002,94.7,425,778240,3e-05,2.036443006247282,0.3843274712562561,0.8827739953994751,3790,0.0010398604,-2.420890524983406,0.006103515625,-0.0036458136652072425,0.1,,
,,,,,780000,3e-05,2.9227070808410645,0.7490319609642029,0.8248202800750732,3800,0.00044616137,-2.429913651943207,4.8828125e-05,-0.002181538721197285,0.1,19.414714431762697,90.6
381,1834,19.81361783,95.45,425,780288,,,,,,,,,,,,
382,1839,19.44017633,95.72,425,782336,3e-05,1.8858244821429253,0.5260387659072876,0.8680145144462585,3810,0.0015797645,-2.4445450037717817,0.023974609375,-0.004938044733717106,0.1,,
383,1843,20.11288588,94.5,425,784384,3e-05,2.181840009242296,0.38163065910339355,0.8547938466072083,3820,0.0005094844,-2.470161086320877,0.0009765625,-0.0022864095837576313,0.1,,
384,1847,20.096522940000003,94.21,425,786432,3e-05,2.647488844394684,0.46876591444015503,0.8775259852409363,3830,0.00097064115,-2.445658004283905,0.00556640625,-0.003115586037165485,0.1,,
385,1852,18.94721493,94.69,425,788480,3e-05,1.774481163173914,0.25165998935699463,0.9092317223548889,3840,0.0010676233,-2.4805552095174788,0.01162109375,-0.004172317824850324,0.1,,
,,,,,790000,3e-05,1.6975483059883119,0.3123927116394043,0.868423581123352,3850,0.0008588858,-2.474532800912857,0.006103515625,-0.004010031500365585,0.1,25.877681732177734,91.4
386,1857,18.63643415,93.92,425,790528,,,,,,,,,,,,
387,1862,18.67785891,93.81,425,792576,3e-05,2.214046790450811,0.3137946128845215,0.8703036308288574,3860,0.000954642,-2.460234209895134,0.006103515625,-0.0031463116989471017,0.1,,
388,1866,18.39051129,93.93,425,794624,3e-05,1.8192519135773182,0.36073797941207886,0.8696232438087463,3870,0.00097370683,-2.4954548239707948,0.00654296875,-0.0034116032533347608,0.1,,
389,1871,18.985732569999996,93.27,425,796672,3e-05,1.8662774108350277,0.40447741746902466,0.9082794189453125,3880,0.0009600308,-2.455819842219353,0.003125,-0.0033366916672093795,0.1,,
390,1876,19.11755262,93.1,425,798720,3e-05,1.5648161724209786,0.27075356245040894,0.8660101890563965,3890,0.0012099292,-2.50185190141201,0.01435546875,-0.005024956178385764,0.1,,
,,,,,800000,3e-05,1.94175642170012,0.3566111922264099,0.8686603307723999,3900,0.0014155498,-2.474705195426941,0.01787109375,-0.004216058028396219,0.1,23.441504669189452,94.2
391,1881,18.784044650000002,93.86,425,800768,,,,,,,,,,,,
392,1886,18.21420945,94.11,425,802816,3e-05,1.9551077239215373,0.31186604499816895,0.8456652760505676,3910,0.0012401149,-2.52903371155262,0.01123046875,-0.004068501209258102,0.1,,
393,1890,17.277659030000002,94.57,425,804864,3e-05,1.8124577701091766,0.30660927295684814,0.8760693669319153,3920,0.00095858413,-2.4443665951490403,0.004052734375,-0.0030923067883122713,0.1,,
394,1895,17.34654062,94.6,425,806912,3e-05,2.707649676501751,0.465372234582901,0.8289443850517273,3930,0.00074844644,-2.500313714146614,0.003173828125,-0.0036844925984041766,0.1,,
395,1899,17.73923327,93.98,425,808960,3e-05,1.9701593175530434,0.28497788310050964,0.8527581095695496,3940,0.0007053636,-2.5251880913972853,0.002001953125,-0.003130886489816476,0.1,,
,,,,,810000,3e-05,1.8762355223298073,0.3859384059906006,0.8965544700622559,3950,0.0008720397,-2.505136179924011,0.00908203125,-0.0036382157690241002,0.1,12.511337423324585,93.4
396,1905,16.89262263,94.46,425,811008,,,,,,,,,,,,
397,1910,17.0353443,94.95,425,813056,3e-05,1.9738387532532216,0.45025449991226196,0.8383005857467651,3960,0.0010912319,-2.482967483997345,0.01005859375,-0.004493491497123614,0.1,,
398,1915,17.958328329999997,94.85,425,815104,3e-05,2.0427342668175696,0.46865785121917725,0.8413110971450806,3970,0.0011717774,-2.49131583571434,0.0115234375,-0.004231244922266342,0.1,,
399,1920,17.740314509999997,94.9,425,817152,3e-05,1.7945822432637215,0.37925058603286743,0.9020619988441467,3980,0.0010136855,-2.486352813243866,0.00234375,-0.0035177640209440144,0.1,,
400,1925,17.30476041,95.39,425,819200,3e-05,3.1152345851063727,0.5440773367881775,0.8547024726867676,3990,0.00097437465,-2.504006677865982,0.0080078125,-0.004163522089947946,0.1,,
,,,,,820000,3e-05,2.340220307558775,0.6359823346138,0.8589816689491272,4000,0.0010924188,-2.4729463160037994,0.009912109375,-0.003871903300751001,0.1,23.434175300598145,87.8
401,1930,18.342553409999997,94.45,425,821248,,,,,,,,,,,,
402,1935,18.60556503,94.15,425,823296,3e-05,2.6712247900664807,0.5578692555427551,0.8698233366012573,4010,0.0017703741,-2.485438072681427,0.033935546875,-0.006555315101286397,0.1,,
403,1940,19.511858670000002,93.82,425,825344,3e-05,2.5959706626832486,0.6345045566558838,0.8661974668502808,4020,0.00087726535,-2.452313041687012,0.005615234375,-0.003401114567532204,0.1,,
404,1945,19.404222700000002,93.44,425,827392,3e-05,2.288414531946182,0.5979427695274353,0.880427360534668,4030,0.00075317716,-2.4174925804138185,0.0041015625,-0.0030175887237419373,0.1,,
405,1950,19.77834441,92.16,425,829440,3e-05,2.100063279271126,0.40440309047698975,0.8626500964164734,4040,0.0017517303,-2.440692612528801,0.019921875,-0.005068983312230557,0.1,,
,,,,,830000,3e-05,2.721823440492153,0.42995497584342957,0.875086784362793,4050,0.0011713823,-2.407051482796669,0.008642578125,-0.003978673671372235,0.1,24.84523286819458,93.8
406,1955,19.2530649,92.5,425,831488,,,,,,,,,,,,
407,1959,18.860102610000002,91.72,425,833536,3e-05,3.3250631272792814,0.6959997415542603,0.8309956192970276,4060,0.0009734115,-2.4101148545742035,0.006005859375,-0.0038049054201110266,0.1,,
408,1964,18.659620839999995,92.09,425,835584,3e-05,2.1625600084662437,0.4164806306362152,0.8634051084518433,4070,0.0017433831,-2.4089670807123182,0.020947265625,-0.005228526843711734,0.1,,
409,1968,18.48748649,92.42,425,837632,3e-05,2.2308594070374967,0.4855189323425293,0.9018254280090332,4080,0.0017619398,-2.3862899363040926,0.022509765625,-0.004939803323941306,0.1,,
410,1973,18.91428769,92.33,425,839680,3e-05,2.0514631286263465,0.4153662323951721,0.8653897047042847,4090,0.0012608746,-2.3882634341716766,0.0109375,-0.0037205093627562746,0.1,,
,,,,,840000,3e-05,2.5054360516369343,0.41675734519958496,0.8658403158187866,4100,0.0007836855,-2.372963136434555,0.003271484375,-0.002835502213565633,0.1,14.942343473434448,97.2
411,1978,19.76386866,92.68,425,841728,,,,,,,,,,,,
412,1983,20.16151979,93.59,425,843776,3e-05,1.881132996827364,0.3513292670249939,0.8827741146087646,4110,0.0019575811,-2.3995633125305176,0.034130859375,-0.004978143161861226,0.1,,
413,1987,19.48826922,93.89,425,845824,3e-05,2.1908704966306685,0.490759938955307,0.8383932113647461,4120,0.0009665093,-2.4166761100292207,0.005029296875,-0.0040495411041774785,0.1,,
414,1992,20.757390330000003,93.44,425,847872,3e-05,2.2094886749982834,0.4409291744232178,0.8402093052864075,4130,0.00076013594,-2.395297583937645,0.002294921875,-0.002823901962256059,0.1,,
415,1996,19.971484200000003,93.77,425,849920,3e-05,1.6833042293787002,0.2430931031703949,0.9163352251052856,4140,0.0013453068,-2.352770185470581,0.018701171875,-0.0037546535313595086,0.1,,
,,,,,850000,3e-05,1.860806705057621,0.3687560260295868,0.8630671501159668,4150,0.0010896906,-2.3823564529418944,0.01005859375,-0.003594671087921597,0.1,24.318038749694825,84.8
416,2002,19.499619259999996,94.85,425,851968,,,,,,,,,,,,
417,2006,20.2782851,93.28,425,854016,3e-05,2.777282585203648,0.45693227648735046,0.7927687168121338,4160,0.0010358681,-2.381648215651512,0.00576171875,-0.0038018975988961755,0.1,,
418,2011,19.416058210000003,92.74,425,856064,3e-05,2.6026088178157805,0.4671190083026886,0.8840675950050354,4170,0.0015928021,-2.4000296711921694,0.017236328125,-0.00427583034907002,0.1,,
419,2015,18.468005750000003,93.37,425,858112,3e-05,2.8263317868113518,0.5964943766593933,0.8286492228507996,4180,0.0010222341,-2.456955462694168,0.004345703125,-0.0034776975051499905,0.1,,
,,,,,860000,3e-05,2.3187529295682907,0.4907054305076599,0.8492823243141174,4190,0.00094277464,-2.3825962275266646,0.00556640625,-0.004086668332456611,0.1,26.598025512695312,92.6
420,2021,17.79482169,93.83,425,860160,,,,,,,,,,,,
421,2025,17.12782333,93.69,425,862208,3e-05,1.903028527647257,0.27575552463531494,0.8848726153373718,4200,0.0013728305,-2.3813402593135833,0.015234375,-0.003904217650415376,0.1,,
422,2030,16.648904849999997,94.18,425,864256,3e-05,2.4643683455884458,0.503074049949646,0.8536617755889893,4210,0.0009473603,-2.41125325858593,0.006884765625,-0.0036640471167629584,0.1,,
423,2035,17.257337469999996,95.08,425,866304,3e-05,1.9874167308211326,0.3419599235057831,0.8313352465629578,4220,0.0011371899,-2.4069318652153013,0.00771484375,-0.0037939180387184025,0.1,,
424,2039,17.37086823,96.12,425,868352,3e-05,1.597312054783106,0.29428109526634216,0.9068580865859985,4230,0.0015536068,-2.3837657153606413,0.01552734375,-0.0050446475419448685,0.1,,
,,,,,870000,3e-05,1.772410725057125,0.27621182799339294,0.9082287549972534,4240,0.0008268865,-2.379727154970169,0.00390625,-0.0027406505061662754,0.1,18.738702392578126,90.6
425,2045,19.03228976,95.09,425,870400,,,,,,,,,,,,
426,2049,18.9840332,95.61,425,872448,3e-05,1.6251602999866008,0.2717008888721466,0.926784873008728,4250,0.0015894851,-2.3858357548713682,0.01767578125,-0.005221592873567715,0.1,,
427,2054,18.649988309999998,95.98,425,874496,3e-05,1.8233962789177895,0.2608800232410431,0.893507182598114,4260,0.0009954721,-2.391816425323486,0.007568359375,-0.004018692605313845,0.1,,
428,2059,19.64796652,94.88,425,876544,3e-05,1.6060140661895275,0.29311662912368774,0.8294141292572021,4270,0.0012237292,-2.3707932412624357,0.009521484375,-0.003704787069000304,0.1,,
429,2063,19.31422438,95.49,425,878592,3e-05,1.403972565755248,0.30906832218170166,0.9125306010246277,4280,0.0015241362,-2.382032635807991,0.0181640625,-0.004382550864829682,0.1,,
,,,,,880000,3e-05,1.5389285959303378,0.3379962146282196,0.8852154016494751,4290,0.00079308334,-2.374378517270088,0.0021484375,-0.003305813405313529,0.1,8.431495952606202,90.8
430,2069,18.97578988,94.96,425,880640,,,,,,,,,,,,
431,2073,19.951109539999994,93.93,425,882688,3e-05,1.722231576964259,0.308245450258255,0.8711234927177429,4300,0.0017057576,-2.4716701805591583,0.022900390625,-0.004296769751817919,0.1,,
432,2078,19.80572942,93.79,425,884736,3e-05,1.8442170277237893,0.33512458205223083,0.9102500081062317,4310,0.0007787569,-2.3993321627378466,0.0025390625,-0.0033393604535376653,0.1,,
433,2082,18.91637968,95.2,425,886784,3e-05,1.8820041470229625,0.3060678541660309,0.8786889314651489,4320,0.00082618254,-2.3490963697433473,0.00361328125,-0.0032621253456454726,0.1,,
434,2087,19.35804678,94.28,425,888832,3e-05,1.6893876627087594,0.3266667425632477,0.8666351437568665,4330,0.0014729935,-2.3750107139348984,0.012109375,-0.0038747000449802726,0.1,,
,,,,,890000,3e-05,2.0185272388160227,0.33242011070251465,0.8640629053115845,4340,0.00080893596,-2.363685294985771,0.01201171875,-0.004202308351523243,0.1,18.342513287067412,95.8
435,2093,20.11608291,95.29,425,890880,,,,,,,,,,,,
436,2097,18.705755999999997,95.4,425,892928,3e-05,1.5599771834909917,0.21557492017745972,0.9080514907836914,4350,0.0012068218,-2.4015388995409013,0.012353515625,-0.003822789707919583,0.1,,
437,2102,18.25620931,94.91,425,894976,3e-05,1.9423440627753734,0.34179574251174927,0.8383325934410095,4360,0.0011421507,-2.331969532370567,0.007958984375,-0.003538835869403556,0.1,,
438,2106,18.61750527,94.75,425,897024,3e-05,1.7127197332680226,0.29881787300109863,0.8841871619224548,4370,0.0014216066,-2.3963202118873594,0.0125,-0.004738720273599029,0.1,,
439,2111,18.238539130000003,94.18,425,899072,3e-05,2.535115098953247,0.5863763093948364,0.8494517803192139,4380,0.00060513534,-2.3643517225980757,0.0041015625,-0.0029354357422562314,0.1,,
,,,,,900000,3e-05,2.5153000690042973,0.36254069209098816,0.8071014285087585,4390,0.0005132621,-2.325875237584114,0.00283203125,-0.0026692599465604873,0.1,21.661013984680174,90.8
440,2116,18.1389234,93.62,425,901120,,,,,,,,,,,,
441,2121,18.8661592,93.91,425,903168,3e-05,2.0995894968509674,0.2678030729293823,0.8608607649803162,4400,0.0011870605,-2.3584302097558973,0.012353515625,-0.004403944165096619,0.1,,
442,2125,18.27627152,94.04,425,905216,3e-05,1.8047921501100064,0.256706565618515,0.846391499042511,4410,0.0013263237,-2.322336655855179,0.014892578125,-0.003365760920860339,0.1,,
443,2130,17.99340492,93.79,425,907264,3e-05,1.843205089867115,0.3491286635398865,0.8492472767829895,4420,0.0010847355,-2.3573918402194978,0.010107421875,-0.0035603826894657687,0.1,,
444,2134,17.61556311,94.6,425,909312,3e-05,2.4616824015975,0.4650789499282837,0.8462839126586914,4430,0.0007624848,-2.3412803411483765,0.00654296875,-0.0029847839585272597,0.1,,
,,,,,910000,3e-05,1.4218449264764785,0.2535896897315979,0.915824830532074,4440,0.0015834415,-2.377843016386032,0.016015625,-0.0045493443030864,0.1,21.866003036499023,93.6
445,2140,18.43782193,94.46,425,911360,,,,,,,,,,,,
446,2144,18.19606195,95.02,425,913408,3e-05,1.9041196189820766,0.49076563119888306,0.8952362537384033,4450,0.0009945729,-2.3065066814422606,0.010791015625,-0.004034764142124914,0.1,,
447,2149,19.59879751,94.43,425,915456,3e-05,1.441319639235735,0.22386012971401215,0.8905210494995117,4460,0.001449097,-2.3248193502426147,0.011279296875,-0.004187600468867458,0.1,,
448,2153,20.26986154,93.52,425,917504,3e-05,2.2364961743354796,0.42096805572509766,0.8900636434555054,4470,0.0008025943,-2.2872242629528046,0.00322265625,-0.002711412575445138,0.1,,
449,2158,19.7957108,93.38,425,919552,3e-05,1.8004894450306892,0.4842764437198639,0.8741763830184937,4480,0.00093052885,-2.290704846382141,0.00908203125,-0.0034446849400410428,0.1,,
,,,,,920000,3e-05,1.5375429786741734,0.35517197847366333,0.8591294288635254,4490,0.00100365,-2.335371121764183,0.00556640625,-0.0033481835562270135,0.1,24.288375091552734,83.2
450,2164,19.45463513,94.65,425,921600,,,,,,,,,,,,
451,2168,18.89390343,94.52,425,923648,3e-05,1.8382934004068374,0.3392959237098694,0.8663077354431152,4500,0.0006800899,-2.314780032634735,0.001611328125,-0.0024668065503647084,0.1,,
452,2173,18.810204719999998,94.66,425,925696,3e-05,2.138008514046669,0.40746408700942993,0.857072114944458,4510,0.00067568023,-2.295098453760147,0.0052734375,-0.003651580782025121,0.1,,
453,2177,18.11213259,94.58,425,927744,3e-05,1.8380464881658554,0.4738604724407196,0.8724498748779297,4520,0.0011045071,-2.310277074575424,0.010546875,-0.004650072395452298,0.1,,
454,2182,18.35577107,93.71,426,929792,3e-05,1.663991554826498,0.38016268610954285,0.8497904539108276,4530,0.0012551101,-2.3250950247049333,0.0119140625,-0.0039263462531380355,0.1,,
,,,,,930000,3e-05,1.5903246119618415,0.3160982131958008,0.8777992129325867,4540,0.0012412046,-2.3032211005687713,0.009716796875,-0.004087577789323405,0.1,16.48825831413269,98.0
455,2188,17.87567956,94.23,425,931840,,,,,,,,,,,,
456,2192,19.087427010000003,93.35,425,933888,3e-05,1.6760786339640616,0.3160702884197235,0.8981813788414001,4550,0.001203361,-2.2880867928266526,0.01201171875,-0.004734181053936482,0.1,,
457,2197,19.2464561,92.8,425,935936,3e-05,1.8052985072135925,0.3756162226200104,0.9120166301727295,4560,0.0012302374,-2.3275642544031143,0.01181640625,-0.004242281563347205,0.1,,
458,2201,19.10481345,93.07,425,937984,3e-05,2.5617506079375745,0.4464743435382843,0.8310415744781494,4570,0.0008337704,-2.3784215956926347,0.004443359375,-0.003797251632204279,0.1,,
,,,,,940000,3e-05,2.4264739990234374,0.2852354049682617,0.8817459940910339,4580,0.00088575704,-2.3030955851078034,0.011376953125,-0.0036204522068146614,0.1,14.416961765289306,90.2
459,2207,19.499322810000002,93.12,425,940032,,,,,,,,,,,,
460,2212,19.895862010000002,93.61,425,942080,3e-05,1.7576127469539642,0.3459876775741577,0.8554795980453491,4590,0.001382824,-2.347094750404358,0.019482421875,-0.005158252530964092,0.1,,
461,2216,19.44505617,94.31,425,944128,3e-05,1.7639830633997917,0.28932633996009827,0.8903933167457581,4600,0.0009672073,-2.346628960967064,0.0134765625,-0.004209226713282987,0.1,,
462,2221,19.893601459999996,94.75,426,946176,3e-05,2.120505639910698,0.3828360438346863,0.8570988178253174,4610,0.001203578,-2.3334153652191163,0.014892578125,-0.004168730147648602,0.1,,
463,2225,20.21783048,94.53,426,948224,3e-05,1.5901874251663686,0.23492476344108582,0.9058061838150024,4620,0.0010520951,-2.335410812497139,0.016796875,-0.004702777770580724,0.1,,
,,,,,950000,3e-05,2.039722706377506,0.4616248905658722,0.8593437671661377,4630,0.0008551865,-2.339746680855751,0.005712890625,-0.0046097240032395344,0.1,17.16813507080078,93.6
464,2230,19.74009352,94.55,425,950272,,,,,,,,,,,,
465,2235,19.221928300000002,94.47,425,952320,3e-05,2.2224859431385995,0.4796874523162842,0.8971036672592163,4640,0.0008529768,-2.3347376227378844,0.00556640625,-0.0032415164256235584,0.1,,
466,2240,19.61788478,93.41,426,954368,3e-05,2.1877517484128477,0.411763459444046,0.8557393550872803,4650,0.0008975904,-2.3113972574472426,0.0060546875,-0.003923487779684365,0.1,,
467,2244,19.368709290000005,92.93,426,956416,3e-05,2.9856980085372924,0.47444474697113037,0.8319660425186157,4660,0.0011583896,-2.315038740634918,0.01875,-0.004185650422004983,0.1,,
468,2248,19.404244719999998,92.97,426,958464,3e-05,1.8926786921918393,0.32623669505119324,0.8673532605171204,4670,0.0008969867,-2.2980137199163435,0.004638671875,-0.004159260806045495,0.1,,
,,,,,960000,3e-05,2.0374980323016643,0.29885438084602356,0.848857045173645,4680,0.0008073213,-2.3132364153862,0.00546875,-0.002945931820431724,0.1,20.653359746932985,84.0
469,2254,18.48488262,93.34,426,960512,,,,,,,,,,,,
470,2258,18.34819999,92.69,426,962560,3e-05,2.135367174446583,0.3893529176712036,0.8236668705940247,4690,0.00069051463,-2.3238652139902114,0.00244140625,-0.0028603042592294514,0.1,,
471,2263,18.11268655,93.25,426,964608,3e-05,2.7340460762381555,0.45154911279678345,0.8076997995376587,4700,0.0006243475,-2.354059010744095,0.000830078125,-0.0028108633443480356,0.1,,
472,2267,18.97382107,93.45,426,966656,3e-05,2.253011953830719,0.3479176461696625,0.8482433557510376,4710,0.0010081722,-2.276833713054657,0.005810546875,-0.0035634446336189284,0.1,,
473,2272,18.79748265,94.03,426,968704,3e-05,1.853842831403017,0.36701837182044983,0.8822399377822876,4720,0.000734062,-2.2894608587026597,0.007421875,-0.0030927044950658455,0.1,,
,,,,,970000,3e-05,1.4903326865285635,0.2541522979736328,0.8613182902336121,4730,0.0010950516,-2.359933564066887,0.009912109375,-0.0038156565598910673,0.1,22.920459175109862,90.8
474,2277,19.289410860000004,93.67,426,970752,,,,,,,,,,,,
475,2282,19.70843832,93.6,426,972800,3e-05,1.776021296530962,0.22491326928138733,0.8681864142417908,4740,0.000821688,-2.326947095990181,0.003466796875,-0.002920845229527913,0.1,,
476,2286,19.48085105,93.44,426,974848,3e-05,3.087434881925583,0.47105804085731506,0.8403257131576538,4750,0.0010300402,-2.387196111679077,0.005615234375,-0.0038300180036458186,0.1,,
477,2291,18.363125970000002,94.24,426,976896,3e-05,2.1895108453929426,0.3425906300544739,0.8016797304153442,4760,0.00062880537,-2.324806532263756,0.00419921875,-0.00298963294189889,0.1,,
478,2295,17.27308077,94.13,426,978944,3e-05,2.0550909087061884,0.35254430770874023,0.8189284801483154,4770,0.0013744992,-2.315800443291664,0.0109375,-0.00448150096781319,0.1,,
,,,,,980000,3e-05,1.8794673159718513,0.4008808135986328,0.8401724696159363,4780,0.0012096717,-2.33528955578804,0.013232421875,-0.003123138551018201,0.1,17.926712036132812,94.0
479,2301,17.09125526,94.09,426,980992,,,,,,,,,,,,
480,2305,16.689901820000003,94.2,426,983040,3e-05,1.6163056895136834,0.29584601521492004,0.8811681866645813,4790,0.0008390497,-2.3221414417028425,0.0056640625,-0.0036162851087283344,0.1,,
481,2310,17.019658330000002,94.75,426,985088,3e-05,1.546313475072384,0.29393985867500305,0.8698375821113586,4800,0.00064426864,-2.2893998473882675,0.005712890625,-0.0034510522440541536,0.1,,
482,2315,17.78022423,95.59,426,987136,3e-05,1.8352633714675903,0.29444533586502075,0.8877224326133728,4810,0.0010532583,-2.2977933913469313,0.01201171875,-0.004611718066735193,0.1,,
483,2319,18.18268281,96.17,426,989184,3e-05,2.395285154134035,0.39109012484550476,0.8704457879066467,4820,0.0012730431,-2.3273922175168993,0.0150390625,-0.004479688119317871,0.1,,
,,,,,990000,3e-05,1.8927277065813541,0.33406195044517517,0.9072737693786621,4830,0.0012102453,-2.341072165966034,0.02138671875,-0.0051534973783418534,0.1,19.383171844482423,90.6
484,2325,18.43652352,94.94,426,991232,,,,,,,,,,,,
485,2330,19.76242735,95.26,426,993280,3e-05,1.975868083536625,0.35054895281791687,0.8697168827056885,4840,0.0008797011,-2.2591120898723602,0.003759765625,-0.003752836724743247,0.1,,
486,2334,19.169289470000002,94.12,426,995328,3e-05,2.454479356855154,0.38393133878707886,0.8786669373512268,4850,0.00096519996,-2.288395661115646,0.00458984375,-0.0036696062452392653,0.1,,
487,2339,19.293219370000003,93.23,426,997376,3e-05,1.8720279209315778,0.25509634613990784,0.8606425523757935,4860,0.0012023263,-2.3024233520030974,0.020263671875,-0.004349155200179667,0.1,,
488,2344,19.335600879999998,93.84,426,999424,3e-05,1.6562325105071067,0.27491849660873413,0.8526930809020996,4870,0.001420551,-2.299454092979431,0.019970703125,-0.005741021042922512,0.1,,
,,,,,1000000,3e-05,1.8539478957653046,0.3802160322666168,0.8599203824996948,4880,0.0009983014,-2.3395150035619734,0.00849609375,-0.003187017500749789,0.1,27.429286575317384,82.8
489,2349,18.873533450000004,93.07,426,1001472,,,,,,,,,,,,
490,2354,18.361111909999998,93.48,426,1003520,3e-05,1.7932359121739865,0.3386119604110718,0.9057644009590149,4890,0.001146118,-2.259706327319145,0.019287109375,-0.003977999159542378,0.1,,
491,2359,19.833427009999998,92.55,426,1005568,3e-05,1.8053625606000423,0.34100738167762756,0.8867743015289307,4900,0.0010091066,-2.2849496394395827,0.00654296875,-0.004073304316261783,0.1,,
492,2363,19.84504846,92.04,426,1007616,3e-05,1.8312162697315215,0.3012268543243408,0.9035072326660156,4910,0.0012061431,-2.2561085313558578,0.015673828125,-0.004312795266741887,0.1,,
493,2368,20.86805243,90.99,426,1009664,3e-05,3.032812513411045,0.5671464204788208,0.8640739321708679,4920,0.000750075,-2.2652066349983215,0.003759765625,-0.003300334469531663,0.1,,
,,,,,1010000,3e-05,2.36122952029109,0.4421554207801819,0.8797001838684082,4930,0.00093009934,-2.245804303884506,0.010693359375,-0.003906469960929826,0.1,23.508150482177733,90.4
494,2373,20.55180194,92.16,426,1011712,,,,,,,,,,,,
495,2377,20.26563774,92.28,426,1013760,3e-05,1.6858085460960865,0.4140235483646393,0.8592074513435364,4940,0.0014218364,-2.281962528824806,0.0146484375,-0.004283207902335562,0.1,,
496,2382,18.1288333,93.97,426,1015808,3e-05,1.6572018928825856,0.36637645959854126,0.8706087470054626,4950,0.0010117856,-2.2418638706207275,0.010107421875,-0.00373098230920732,0.1,,
497,2387,17.6987977,94.85,426,1017856,3e-05,1.9350684322416782,0.3615659773349762,0.7271827459335327,4960,0.00082735764,-2.292212110757828,0.0078125,-0.0031584349635522813,0.1,,
498,2391,17.01225298,95.81,426,1019904,3e-05,2.0036530144512654,0.3628498315811157,0.8812292814254761,4970,0.00057350635,-2.2611894428730013,0.003173828125,-0.0029754672083072363,0.1,,
,,,,,1020000,3e-05,1.8962398752570153,0.48006829619407654,0.8732927441596985,4980,0.00071610254,-2.2655212193727494,0.00283203125,-0.0029586038217530586,0.1,19.84093885421753,85.8
499,2397,16.721632940000003,96.69,426,1021952,,,,,,,,,,,,
500,2401,17.66791953,95.37,426,1024000,3e-05,2.340556361526251,0.4177490472793579,0.8704582452774048,4990,0.0008348399,-2.2854078143835066,0.007080078125,-0.0029847592290025205,0.1,,
501,2406,18.32787448,95.3,426,1026048,3e-05,1.5674520611763,0.22573423385620117,0.89075767993927,5000,0.0008993102,-2.2969805628061293,0.00380859375,-0.0034600439568748696,0.1,,
502,2410,18.41132809,95.23,426,1028096,3e-05,1.6478022642433643,0.28043216466903687,0.888962984085083,5010,0.0009264161,-2.279170051217079,0.005810546875,-0.0037078258028486744,0.1,,
,,,,,1030000,3e-05,2.254986811429262,0.39837121963500977,0.8634202480316162,5020,0.00069383404,-2.2890303492546082,0.00224609375,-0.0026693151507060976,0.1,15.588696122169495,94.6
503,2416,18.46683117,94.11,426,1030144,,,,,,,,,,,,
504,2420,17.809978529999995,94.53,426,1032192,3e-05,2.3699762813746927,0.4921739101409912,0.8438928127288818,5030,0.0010385724,-2.2446751266717913,0.00673828125,-0.004200799844693392,0.1,,
505,2425,17.23403002,95.08,426,1034240,3e-05,1.8126638293266297,0.35537663102149963,0.8862563967704773,5040,0.0012547066,-2.267368623614311,0.014794921875,-0.004965902662661392,0.1,,
506,2429,16.85764526,94.38,426,1036288,3e-05,2.5422756604850294,0.46850651502609253,0.8222547173500061,5050,0.0009960732,-2.258679786324501,0.0150390625,-0.003671814495464787,0.1,,
507,2434,16.52475312,94.02,426,1038336,3e-05,2.773967422544956,0.5599044561386108,0.858410120010376,5060,0.00058486476,-2.2625833302736282,0.0025390625,-0.0029691597941564397,0.1,,
,,,,,1040000,3e-05,3.479834781587124,0.6786956191062927,0.8577266931533813,5070,0.0005212523,-2.2143240451812742,0.00302734375,-0.002840703721449245,0.1,23.324748992919922,98.2
508,2439,16.71131984,92.98,426,1040384,,,,,,,,,,,,
509,2444,17.189013239999998,92.71,426,1042432,3e-05,2.939180038869381,0.5520053505897522,0.8369821310043335,5080,0.00079101487,-2.2317244827747347,0.004833984375,-0.003314314055023715,0.1,,
510,2448,18.452843199999997,92.41,426,1044480,3e-05,1.8663280442357064,0.3756052255630493,0.9052854776382446,5090,0.0010614641,-2.25316102206707,0.01103515625,-0.00410210789705161,0.1,,
511,2453,18.71570829,92.51,426,1046528,3e-05,2.5807883769273756,0.4465298056602478,0.8544847965240479,5100,0.00086433406,-2.262072217464447,0.005078125,-0.003467691270634532,0.1,,
512,2457,19.43391727,92.64,426,1048576,3e-05,1.9658274106681346,0.37703460454940796,0.8830806016921997,5110,0.00093827734,-2.247890904545784,0.0076171875,-0.0034144288816605694,0.1,,
,,,,,1050000,3e-05,2.3938571125268937,0.4477490186691284,0.8619444370269775,5120,0.000703319,-2.2857838004827498,0.01181640625,-0.0036131547065451743,0.1,15.484633541107177,89.8
513,2463,18.80834194,93.75,426,1050624,,,,,,,,,,,,
514,2467,18.38046455,94.65,426,1052672,3e-05,2.271478485316038,0.4345448911190033,0.8626887798309326,5130,0.0008551129,-2.2692185580730437,0.006201171875,-0.0032573920383583755,0.1,,
515,2472,17.895466740000003,94.61,426,1054720,3e-05,1.9300330966711043,0.3282890021800995,0.8332850933074951,5140,0.0009524134,-2.3011973679065703,0.0033203125,-0.003556707053212449,0.1,,
516,2477,17.48684869,94.54,426,1056768,3e-05,2.103787998855114,0.4492003619670868,0.827354907989502,5150,0.0010699476,-2.2897047638893127,0.008984375,-0.003953934175660834,0.1,,
517,2481,17.701215100000002,94.19,426,1058816,3e-05,2.1078463159501553,0.3343451917171478,0.8630059957504272,5160,0.00089786854,-2.2628992080688475,0.01279296875,-0.003831400285707787,0.1,,
,,,,,1060000,3e-05,2.2538635030388834,0.48010173439979553,0.8695186972618103,5170,0.00090405234,-2.2407300919294357,0.009716796875,-0.004190200334414839,0.1,26.343508529663087,91.8
518,2486,18.33230408,94.17,426,1060864,,,,,,,,,,,,
519,2491,18.63936214,93.92,426,1062912,3e-05,1.2461468499153852,0.24681171774864197,0.9053566455841064,5180,0.0016263931,-2.2340708166360854,0.023974609375,-0.004274381609866396,0.1,,
520,2496,19.43035845,94.45,426,1064960,3e-05,1.4531445227563382,0.2611578702926636,0.9080812931060791,5190,0.0016197586,-2.2585300534963606,0.01787109375,-0.005635087814880535,0.1,,
521,2501,19.79641829,93.93,426,1067008,3e-05,1.3531252536922693,0.2641415297985077,0.9158875346183777,5200,0.0010963039,-2.2630989074707033,0.008837890625,-0.004114613996353001,0.1,,
522,2505,19.60392382,94.72,426,1069056,3e-05,1.408164654299617,0.21789267659187317,0.9085361957550049,5210,0.0010424723,-2.2909428060054777,0.0103515625,-0.0038975336123257876,0.1,,
,,,,,1070000,3e-05,1.4621614597737789,0.3127574324607849,0.9003995656967163,5220,0.001120653,-2.281259912252426,0.02265625,-0.005330774543108418,0.1,20.456835556030274,96.4
523,2511,19.50997277,94.24,426,1071104,,,,,,,,,,,,
524,2517,19.14452062,94.17,426,1073152,3e-05,2.2129882887005805,0.39766284823417664,0.888264536857605,5230,0.00064931466,-2.243409126996994,0.002880859375,-0.0033404095331206916,0.1,,
525,2522,19.185713680000003,94.45,426,1075200,3e-05,2.1983407281339167,0.4038122594356537,0.8734080195426941,5240,0.0009084195,-2.2909068048000334,0.00517578125,-0.004248968631145544,0.1,,
526,2527,18.69789283,95.47,426,1077248,3e-05,2.0160709895193576,0.33543384075164795,0.8805471658706665,5250,0.000860716,-2.2661748081445694,0.007421875,-0.004005339206196367,0.1,,
527,2532,19.527845230000004,94.71,426,1079296,3e-05,1.5495498590171337,0.32265979051589966,0.8921786546707153,5260,0.00094136293,-2.2871533155441286,0.011572265625,-0.0038392551272409038,0.1,,
,,,,,1080000,3e-05,1.5558338798582554,0.28955718874931335,0.917365312576294,5270,0.0010679628,-2.2399392038583756,0.01357421875,-0.0041434950078837575,0.1,12.522807025909424,96.0
528,2538,19.126160299999995,94.42,426,1081344,,,,,,,,,,,,
529,2543,19.278105819999997,94.08,426,1083392,3e-05,2.0325777821242808,0.37175706028938293,0.8958829641342163,5280,0.0011951504,-2.2653516292572022,0.009375,-0.004670083479140885,0.1,,
530,2547,19.07380341,93.82,426,1085440,3e-05,2.186869265884161,0.4249231219291687,0.8452765345573425,5290,0.00073313917,-2.2752118319272996,0.00595703125,-0.0038435179187217726,0.1,,
531,2552,18.81969391,94.31,426,1087488,3e-05,1.6933479696512221,0.29275602102279663,0.8919620513916016,5300,0.001390322,-2.2750109672546386,0.016845703125,-0.005359538501943461,0.1,,
532,2557,18.62117417,94.16,426,1089536,3e-05,2.1665520571172237,0.3661428689956665,0.8463497161865234,5310,0.001292404,-2.252516195178032,0.01494140625,-0.004729850211879239,0.1,,
,,,,,1090000,3e-05,1.9135262623429299,0.34417152404785156,0.8823177814483643,5320,0.0012226864,-2.2218382954597473,0.020703125,-0.004800716464524157,0.1,20.55350742340088,99.0
533,2562,20.46838337,93.85,425,1091584,,,,,,,,,,,,
534,2567,20.840478999999995,93.77,426,1093632,3e-05,2.170842446386814,0.3517189025878906,0.910169243812561,5330,0.00090582087,-2.203545144200325,0.00654296875,-0.003327658958733082,0.1,,
535,2571,20.876124510000004,94.06,426,1095680,3e-05,2.9532752603292467,0.6580619812011719,0.8533429503440857,5340,0.0006157943,-2.2133753299713135,0.003955078125,-0.00331012126407586,0.1,,
536,2576,20.686075330000005,93.1,426,1097728,3e-05,2.0345071077346804,0.42776012420654297,0.8915370106697083,5350,0.000805969,-2.2276692509651186,0.00634765625,-0.003099310051766224,0.1,,
537,2580,20.11341522,93.33,426,1099776,3e-05,1.442391472309828,0.30175328254699707,0.9337332248687744,5360,0.0013779866,-2.296447217464447,0.00869140625,-0.004199368722038343,0.1,,
,,,,,1100000,3e-05,1.9388861518353224,0.4790809750556946,0.8705525398254395,5370,0.0008048173,-2.2881197571754455,0.00419921875,-0.003574329304683488,0.1,21.279264163970947,91.8
538,2586,20.29250286,92.79,426,1101824,,,,,,,,,,,,
539,2590,20.04880139,93.34,426,1103872,3e-05,1.435990296304226,0.28635239601135254,0.8953138589859009,5380,0.0014200364,-2.265721917152405,0.029248046875,-0.005677227323758416,0.1,,
540,2595,19.500620509999997,94.37,426,1105920,3e-05,1.3694829400628805,0.2406240552663803,0.9127740263938904,5390,0.0011610618,-2.2717665880918503,0.008447265625,-0.004263241967419162,0.1,,
541,2600,19.383475,94.82,426,1107968,3e-05,1.6371988702565432,0.3387499749660492,0.8698137402534485,5400,0.0005620797,-2.232962855696678,0.0041015625,-0.0031153261981671674,0.1,,
,,,,,1110000,3e-05,2.4699157409369947,0.557603657245636,0.8267830014228821,5410,0.0005934506,-2.251737433671951,0.0015625,-0.002633602439891547,0.1,27.038823699951173,80.6
542,2605,19.69696554,94.56,426,1110016,,,,,,,,,,,,
543,2610,19.408641259999996,94.93,426,1112064,3e-05,2.44607535302639,0.371893048286438,0.8812484741210938,5420,0.00074530445,-2.2542058527469635,0.00654296875,-0.0037060898641357197,0.1,,
544,2614,19.82827072,94.87,426,1114112,3e-05,2.796679278463125,0.5411079525947571,0.8345455527305603,5430,0.00047324735,-2.2537371307611465,0.002978515625,-0.002725825677043758,0.1,,
545,2619,19.546170309999994,95.17,426,1116160,3e-05,2.212212172150612,0.4329546093940735,0.8529735803604126,5440,0.000588069,-2.2694707244634627,0.00283203125,-0.0026539119542576374,0.1,,
546,2623,19.4199314,95.51,426,1118208,3e-05,1.87844298183918,0.3701462149620056,0.8594934344291687,5450,0.0010397071,-2.2702970415353776,0.0056640625,-0.0040140257362509145,0.1,,
,,,,,1120000,3e-05,2.1897554248571396,0.4242502748966217,0.8373891115188599,5460,0.0010779618,-2.2704828828573227,0.013818359375,-0.004161681837285869,0.1,13.334293651580811,92.8
547,2629,19.30843291,96.58,426,1120256,,,,,,,,,,,,
548,2634,18.75824666,97.19,426,1122304,3e-05,1.9367104589939117,0.2884300947189331,0.8450150489807129,5470,0.0015876027,-2.3003507047891616,0.0150390625,-0.005457052786368877,0.1,,
549,2638,18.661990369999998,95.98,426,1124352,3e-05,1.6978124149143696,0.28745871782302856,0.8293648958206177,5480,0.0008228404,-2.2441911906003953,0.012890625,-0.003984040996874683,0.1,,
550,2643,19.599449009999997,95.03,426,1126400,3e-05,1.7623599350452424,0.3080809712409973,0.9025556445121765,5490,0.0014960362,-2.24338239133358,0.02978515625,-0.0052284547768067565,0.1,,
551,2647,19.47464191,94.25,426,1128448,3e-05,2.351092030853033,0.4674513638019562,0.9115793704986572,5500,0.001493423,-2.236613282561302,0.014013671875,-0.004992996767396107,0.1,,
,,,,,1130000,3e-05,3.0674458920955656,0.6247337460517883,0.8429469466209412,5510,0.00074182136,-2.274241989850998,0.01123046875,-0.003950804995838553,0.1,17.95169162750244,95.8
552,2653,19.97380076,93.93,426,1130496,,,,,,,,,,,,
553,2657,20.1481335,92.81,426,1132544,3e-05,2.100097782164812,0.44770050048828125,0.8757564425468445,5520,0.0014663587,-2.2450228959321974,0.014013671875,-0.004285810596775264,0.1,,
554,2662,19.076899389999998,93.8,426,1134592,3e-05,2.342998306453228,0.4624078571796417,0.8036816120147705,5530,0.0010919552,-2.2805370539426804,0.012548828125,-0.0042918139370158315,0.1,,
555,2666,17.98781757,95.12,426,1136640,3e-05,1.5189638525247573,0.3394244909286499,0.8669968843460083,5540,0.00072533544,-2.2451261788606645,0.0052734375,-0.0035856908303685485,0.1,,
556,2671,19.2754732,93.53,426,1138688,3e-05,1.8915459349751473,0.3520241379737854,0.8165218830108643,5550,0.0006974407,-2.3004903584718703,0.006201171875,-0.0038429066742537545,0.1,,
,,,,,1140000,3e-05,1.7338524378836155,0.33230727910995483,0.8858956098556519,5560,0.0011762255,-2.2513492345809936,0.011376953125,-0.004068136145360768,0.1,18.861415672302247,94.2
557,2676,19.04584064,93.22,426,1140736,,,,,,,,,,,,
558,2681,19.16887825,93.03,426,1142784,3e-05,1.8557959891855718,0.3101857006549835,0.8673843145370483,5570,0.0011172555,-2.2137022733688356,0.010302734375,-0.004624966203118674,0.1,,
559,2685,20.319451920000002,92.21,426,1144832,3e-05,1.9560260981321336,0.34452489018440247,0.871370255947113,5580,0.0009741931,-2.2560994029045105,0.01259765625,-0.0047761630383320154,0.1,,
560,2690,19.884906949999998,93.44,426,1146880,3e-05,1.8827986791729927,0.2846767008304596,0.9091479778289795,5590,0.0008639925,-2.238463932275772,0.006103515625,-0.004582077075610869,0.1,,
561,2695,18.82551115,93.55,426,1148928,3e-05,1.8070840880274772,0.3705073893070221,0.9013331532478333,5600,0.001055053,-2.3009069114923477,0.020849609375,-0.00494160174857825,0.1,,
,,,,,1150000,3e-05,2.4817316353321077,0.41415122151374817,0.8194704055786133,5610,0.0008255687,-2.2714917570352555,0.005419921875,-0.0036875517485896125,0.1,32.68012008666992,88.0
562,2700,19.43042052,93.0,426,1150976,,,,,,,,,,,,
563,2704,18.667207669999996,93.72,426,1153024,3e-05,1.9032025061547757,0.31049615144729614,0.8589394688606262,5620,0.0008328631,-2.296443846821785,0.002783203125,-0.003363098640693352,0.1,,
564,2709,18.73639944,93.04,426,1155072,3e-05,1.8886392422020435,0.2548699378967285,0.8835709691047668,5630,0.0011404498,-2.2906434297561646,0.01650390625,-0.005024910165229812,0.1,,
565,2714,18.64081609,93.43,426,1157120,3e-05,2.3153522580862047,0.4372676908969879,0.9004207849502563,5640,0.00050397636,-2.316984701156616,0.003759765625,-0.003443766836426221,0.1,,
566,2718,19.99397779,92.66,426,1159168,3e-05,1.777929051592946,0.34479400515556335,0.9026342034339905,5650,0.0010753281,-2.304616388678551,0.01708984375,-0.004218089955975302,0.1,,
,,,,,1160000,3e-05,1.9618721038103104,0.3572959303855896,0.9199850559234619,5660,0.00092811184,-2.294072929024696,0.015185546875,-0.005101851324434392,0.1,22.363685607910156,88.4
567,2723,19.451365550000002,92.96,426,1161216,,,,,,,,,,,,
568,2728,19.957790799999998,93.53,426,1163264,3e-05,2.773643234372139,0.5804867148399353,0.8950222730636597,5670,0.000935119,-2.3574087023735046,0.006298828125,-0.004140205195290037,0.1,,
569,2732,20.45903545,93.03,426,1165312,3e-05,1.8763728469610215,0.3502398133277893,0.8975058197975159,5680,0.0009038583,-2.3371598601341246,0.007275390625,-0.0037495102238608523,0.1,,
570,2737,20.016614009999998,93.29,426,1167360,3e-05,1.968016430735588,0.41344931721687317,0.8639122247695923,5690,0.00093712716,-2.3505210787057877,0.01533203125,-0.004496109642786905,0.1,,
571,2742,19.978356669999997,93.99,426,1169408,3e-05,1.3219114147126674,0.19102910161018372,0.9373877048492432,5700,0.00149778,-2.357167813181877,0.02412109375,-0.006329458063555648,0.1,,
,,,,,1170000,3e-05,1.2550369903445244,0.17964400351047516,0.9231892228126526,5710,0.0011883604,-2.401322665810585,0.00966796875,-0.004292434996750671,0.1,25.55084648132324,85.6
572,2747,20.36862313,93.54,426,1171456,,,,,,,,,,,,
573,2751,19.99221328,93.18,426,1173504,3e-05,1.683940403163433,0.3973022401332855,0.8741941452026367,5720,0.00096087006,-2.389569392800331,0.00732421875,-0.004692552803317085,0.1,,
574,2756,20.44269941,93.02,426,1175552,3e-05,1.680593354254961,0.2805458903312683,0.9097213745117188,5730,0.001411732,-2.394575387239456,0.01298828125,-0.005533113196725026,0.1,,
575,2761,20.26902471,93.02,426,1177600,3e-05,1.462397125735879,0.21146726608276367,0.8757375478744507,5740,0.0013044375,-2.334812563657761,0.010546875,-0.004695040360093117,0.1,,
576,2765,20.194829940000005,92.46,426,1179648,3e-05,1.3899070352315903,0.18042273819446564,0.8939011693000793,5750,0.0008579276,-2.3861191779375077,0.006591796875,-0.004571703830151819,0.1,,
,,,,,1180000,3e-05,1.7371993638575076,0.22636257112026215,0.8743798732757568,5760,0.0011379084,-2.3438137382268907,0.011669921875,-0.00395154017751338,0.1,12.307097148895263,97.6
577,2771,20.74708866,93.2,426,1181696,,,,,,,,,,,,
578,2775,20.10481686,93.83,426,1183744,3e-05,2.24843705072999,0.4800465404987335,0.9043908715248108,5770,0.0009777567,-2.3892165035009385,0.013427734375,-0.004903186985757202,0.1,,
579,2780,20.498338900000004,93.41,426,1185792,3e-05,1.657187493890524,0.3851813077926636,0.8698570728302002,5780,0.0010235647,-2.404261681437492,0.01083984375,-0.0046193588932510465,0.1,,
580,2785,19.110658610000005,94.8,426,1187840,3e-05,1.556580163538456,0.2744448184967041,0.9162450432777405,5790,0.0012322447,-2.389162155985832,0.014794921875,-0.005097899108659476,0.1,,
581,2790,19.77525629,94.75,426,1189888,3e-05,2.2476055063307285,0.39761826395988464,0.8732907772064209,5800,0.0007014501,-2.4064606010913847,0.007958984375,-0.0031672905926825477,0.1,,
,,,,,1190000,3e-05,2.0370718225836755,0.32366520166397095,0.878528892993927,5810,0.0010138152,-2.3937249362468718,0.011083984375,-0.0040768580744043,0.1,18.391429710388184,96.6
582,2796,20.019020899999997,94.12,426,1191936,,,,,,,,,,,,
583,2802,19.27439721,94.13,426,1193984,3e-05,2.2061464808881284,0.3265071511268616,0.8715119957923889,5820,0.0013112609,-2.405314636230469,0.0140625,-0.005109395654289983,0.1,,
584,2807,19.160278509999998,93.52,426,1196032,3e-05,3.143218307197094,0.641714334487915,0.8197031021118164,5830,0.00083173777,-2.397566795349121,0.018017578125,-0.005154070121352561,0.1,,
585,2811,19.18525478,93.35,426,1198080,3e-05,2.5666738897562027,0.5130142569541931,0.8896960616111755,5840,0.001035893,-2.3641773402690887,0.0201171875,-0.005844938365044072,0.1,,
,,,,,1200000,3e-05,1.5658686239272357,0.17053014039993286,0.8597328662872314,5850,0.0012273849,-2.3880052655935287,0.013916015625,-0.005452221856103279,0.1,16.290570855140686,94.2
586,2817,18.70625652,93.66,425,1200128,,,,,,,,,,,,
587,2821,18.57671955,92.88,426,1202176,3e-05,2.015779707580805,0.32732805609703064,0.8927817940711975,5860,0.0012755849,-2.369973564147949,0.01103515625,-0.005702129018027335,0.1,,
588,2826,18.430480810000002,93.77,426,1204224,3e-05,2.712491875141859,0.44077563285827637,0.8183183670043945,5870,0.0011729595,-2.3628807425498963,0.014306640625,-0.004783623127150349,0.1,,
589,2831,18.768213460000002,93.32,426,1206272,3e-05,1.6461516000330447,0.24632255733013153,0.902686357498169,5880,0.0013315794,-2.4257319450378416,0.016943359375,-0.006191880782716907,0.1,,
590,2836,18.36851701,93.5,426,1208320,3e-05,2.3171452581882477,0.3608405590057373,0.8479167819023132,5890,0.00087080954,-2.3970639944076537,0.010546875,-0.004569488980632741,0.1,,
,,,,,1210000,3e-05,1.3338324457406998,0.3024124205112457,0.8974711894989014,5900,0.0017130584,-2.418119141459465,0.02783203125,-0.006453325685288292,0.1,21.95011329650879,95.2
591,2841,19.11275398,93.7,425,1210368,,,,,,,,,,,,
592,2846,19.083548370000003,94.04,425,1212416,3e-05,1.9808228053152561,0.3390561044216156,0.8940192461013794,5910,0.0010057393,-2.3740539103746414,0.00732421875,-0.004561763576930389,0.1,,
593,2851,18.54488853,94.71,425,1214464,3e-05,1.7321173384785653,0.3242562413215637,0.8722573518753052,5920,0.0014581144,-2.422511675953865,0.01875,-0.006366079149302095,0.1,,
594,2855,19.13362482,94.76,425,1216512,3e-05,1.6649262927472592,0.33748218417167664,0.8513880968093872,5930,0.0008363846,-2.3180729359388352,0.0224609375,-0.0050081314984709024,0.1,,
595,2860,19.07093727,95.37,426,1218560,3e-05,1.8555273167788982,0.3453565239906311,0.8604239225387573,5940,0.0011122144,-2.386553192138672,0.015869140625,-0.00551713187887799,0.1,,
,,,,,1220000,3e-05,2.4584219977259636,0.4802069067955017,0.863286018371582,5950,0.00086564047,-2.3502287358045577,0.0087890625,-0.0041644638957222925,0.1,15.440452671051025,97.2
596,2865,19.24730738,94.36,425,1220608,,,,,,,,,,,,
597,2870,18.98259736,93.85,425,1222656,3e-05,2.5464363604784013,0.5370282530784607,0.8565347194671631,5960,0.00077202683,-2.3206985116004946,0.00908203125,-0.003981792903505266,0.1,,
598,2874,18.90020751,93.31,425,1224704,3e-05,1.855375687777996,0.5797963738441467,0.9158366322517395,5970,0.0009976495,-2.3679706692695617,0.0087890625,-0.0043196365470066665,0.1,,
599,2879,18.55815569,93.23,426,1226752,3e-05,1.9161843046545983,0.30250877141952515,0.8575998544692993,5980,0.0010267574,-2.349523141980171,0.007421875,-0.004132835556811187,0.1,,
600,2884,18.02501169,94.71,426,1228800,3e-05,2.3430919647216797,0.40298542380332947,0.8721750378608704,5990,0.0007809533,-2.339574044942856,0.01318359375,-0.0045879361394327136,0.1,,
,,,,,1230000,3e-05,1.8084775529801846,0.35766857862472534,0.852154552936554,6000,0.0011298,-2.3420811980962752,0.01337890625,-0.004905400794814341,0.1,25.519425201416016,85.6
601,2889,18.18833922,95.96,425,1230848,,,,,,,,,,,,
602,2894,18.90854156,95.39,425,1232896,3e-05,2.329556332528591,0.5311514735221863,0.8404796719551086,6010,0.0011997663,-2.323487716913223,0.018603515625,-0.005653822416206822,0.1,,
603,2898,19.23309626,95.45,426,1234944,3e-05,1.2141157180070876,0.25520452857017517,0.8996219038963318,6020,0.001694547,-2.337207296490669,0.034619140625,-0.007166187802795321,0.1,,
604,2903,19.977064439999996,94.95,426,1236992,3e-05,1.508141266182065,0.2770998477935791,0.8629297018051147,6030,0.00078033196,-2.3312896877527236,0.006298828125,-0.0041858895390760155,0.1,,
605,2908,19.207641969999997,95.64,426,1239040,3e-05,1.9471289195120334,0.3391844630241394,0.8579078912734985,6040,0.0010987809,-2.3959026128053664,0.013720703125,-0.005637492757523432,0.1,,
,,,,,1240000,3e-05,1.863592328876257,0.2799692153930664,0.8341052532196045,6050,0.0010767166,-2.3634533017873762,0.01181640625,-0.004977714980486781,0.1,18.201448917388916,91.0
606,2913,18.641285120000003,95.3,425,1241088,,,,,,,,,,,,
607,2918,18.24830098,95.38,425,1243136,3e-05,2.5685906603932382,0.5835325717926025,0.8495797514915466,6060,0.00069661345,-2.3589025497436524,0.0099609375,-0.0037789639478432945,0.1,,
608,2922,18.50051107,95.35,426,1245184,3e-05,2.1938132122159004,0.46304312348365784,0.8172601461410522,6070,0.0009115074,-2.3389741986989976,0.015966796875,-0.0041099078371189535,0.1,,
609,2927,18.4611936,94.29,426,1247232,3e-05,1.8329878553748131,0.3713303804397583,0.8400141000747681,6080,0.0007007931,-2.370552060008049,0.0052734375,-0.003781608704593964,0.1,,
610,2932,19.2712343,93.31,426,1249280,3e-05,2.1102590091526507,0.38122421503067017,0.8671306371688843,6090,0.0012670642,-2.344625049829483,0.01171875,-0.005675537217757665,0.1,,
,,,,,1250000,3e-05,1.993677657097578,0.4811296761035919,0.873500645160675,6100,0.0011276985,-2.355793905258179,0.01650390625,-0.004960845460300334,0.1,17.686803531646728,90.6
611,2937,19.48140816,93.71,425,1251328,,,,,,,,,,,,
612,2941,20.044567310000005,92.64,426,1253376,3e-05,2.2415234200656413,0.418800950050354,0.7538283467292786,6110,0.00065055187,-2.332118359208107,0.005078125,-0.003939824838016648,0.1,,
613,2946,20.10221287,92.82,426,1255424,3e-05,2.1292762383818626,0.4584355056285858,0.8571289777755737,6120,0.0018453045,-2.345875608921051,0.0328125,-0.006849456511554308,0.1,,
614,2951,20.03048181,92.44,426,1257472,3e-05,1.162698333710432,0.14203622937202454,0.9027528762817383,6130,0.0012671999,-2.329379764199257,0.01572265625,-0.005390630132751539,0.1,,
615,2955,21.031804110000003,91.72,426,1259520,3e-05,1.4713487423956395,0.2480602115392685,0.8930436372756958,6140,0.0012207516,-2.3442967265844343,0.019677734375,-0.0055043611151631925,0.1,,
,,,,,1260000,3e-05,1.456341302394867,0.18650060892105103,0.919346034526825,6150,0.0014160359,-2.3514483481645585,0.01318359375,-0.0053121122473385185,0.1,11.4315767288208,95.4
616,2961,20.80152901,92.32,426,1261568,,,,,,,,,,,,
617,2965,20.29125089,92.33,426,1263616,3e-05,1.9693709559738637,0.4289681017398834,0.8650320768356323,6160,0.0008703065,-2.3993688583374024,0.014111328125,-0.004796259474824182,0.1,,
618,2970,19.530559380000003,93.73,426,1265664,3e-05,1.9722710840404034,0.2999480664730072,0.8417375683784485,6170,0.001341037,-2.3844298273324966,0.012255859375,-0.005659249426389579,0.1,,
619,2974,20.62256996,92.32,426,1267712,3e-05,1.7671436801552773,0.3174358010292053,0.9031521081924438,6180,0.000841505,-2.3909212440252303,0.00615234375,-0.0048058618704089895,0.1,,
620,2979,20.379070400000003,92.66,426,1269760,3e-05,2.503159534186125,0.38849830627441406,0.8683904409408569,6190,0.0007277413,-2.367286092042923,0.00810546875,-0.00430502288218122,0.1,,
,,,,,1270000,3e-05,1.787124079465866,0.4004022181034088,0.8979048728942871,6200,0.00093243975,-2.3759449064731597,0.01171875,-0.004977457702625543,0.1,20.264437675476074,91.0
621,2984,20.890001110000004,92.43,426,1271808,,,,,,,,,,,,
622,2989,22.177644190000002,92.25,426,1273856,3e-05,1.8744812794029713,0.3065679669380188,0.8910337686538696,6210,0.0015201641,-2.3450690299272536,0.022119140625,-0.00604158800560981,0.1,,
623,2994,21.57089038,93.3,426,1275904,3e-05,1.6844394363462925,0.2989850640296936,0.9112765789031982,6220,0.0012589117,-2.400856909155846,0.016845703125,-0.00621254481957294,0.1,,
624,2998,21.419253190000003,93.98,426,1277952,3e-05,1.954652301222086,0.40334898233413696,0.8667652606964111,6230,0.0014063437,-2.3715656965970995,0.032275390625,-0.007859857147559523,0.1,,
,,,,,1280000,3e-05,1.4204623199999333,0.23440894484519958,0.9099727272987366,6240,0.001700116,-2.387374848127365,0.026025390625,-0.006050660513574257,0.1,17.738883686065673,99.4
625,3004,20.793556000000002,93.42,426,1280000,,,,,,,,,,,,
626,3009,20.749334450000003,92.73,426,1282048,3e-05,1.4995150484144688,0.2445102035999298,0.9042522311210632,6250,0.0015770178,-2.3711927860975264,0.02900390625,-0.00567493024864234,0.1,,
627,3013,20.567311179999997,92.57,426,1284096,3e-05,1.7961935721337796,0.3154386878013611,0.8938530683517456,6260,0.0015048087,-2.340507593750954,0.021044921875,-0.006190277825226076,0.1,,
628,3018,21.04322814,91.81,426,1286144,3e-05,1.5387388832867146,0.2219516932964325,0.8993673324584961,6270,0.0012335104,-2.38391028046608,0.021044921875,-0.006561183289159089,0.1,,
629,3022,20.57405702,92.03,426,1288192,3e-05,1.4854828774929048,0.24129363894462585,0.8893595933914185,6280,0.001651103,-2.3603407025337217,0.02412109375,-0.006369419136899523,0.1,,
,,,,,1290000,3e-05,1.4965936046093702,0.14986655116081238,0.861133337020874,6290,0.0013479518,-2.460372307896614,0.0212890625,-0.006326432015339378,0.1,22.61912422180176,89.6
630,3028,20.63993825,93.1,426,1290240,,,,,,,,,,,,
631,3032,20.367537450000007,93.91,426,1292288,3e-05,1.4842164985835553,0.36880868673324585,0.8983374834060669,6300,0.0012180606,-2.3945428103208544,0.0169921875,-0.006757578835822642,0.1,,
632,3037,19.71817679,94.89,426,1294336,3e-05,1.6430708661675453,0.27873367071151733,0.9067385196685791,6310,0.0008315955,-2.414123111963272,0.006591796875,-0.004909864891669713,0.1,,
633,3042,19.210450230000003,95.16,426,1296384,3e-05,1.8635635100305081,0.3717755079269409,0.848668098449707,6320,0.0009290407,-2.3867214262485503,0.018505859375,-0.004909866693196818,0.1,,
634,3046,18.12297159,95.41,426,1298432,3e-05,1.6639455549418927,0.20578795671463013,0.8605741262435913,6330,0.0015028061,-2.424994572997093,0.03583984375,-0.006608691590372473,0.1,,
,,,,,1300000,3e-05,2.5824137926101685,0.4308024048805237,0.7975355386734009,6340,0.0009358562,-2.374622273445129,0.012109375,-0.005514501396100968,0.1,20.93271675109863,91.4
635,3051,17.93924062,94.56,426,1300480,,,,,,,,,,,,
636,3056,18.899255139999998,94.41,426,1302528,3e-05,1.8876239880919456,0.3062423765659332,0.9020603895187378,6350,0.0011842444,-2.35253087580204,0.010498046875,-0.00503066732926527,0.1,,
637,3060,19.510573049999998,93.45,426,1304576,3e-05,1.3991240680217742,0.2350839376449585,0.8915570378303528,6360,0.0011074068,-2.3854624718427657,0.014453125,-0.004994496409199201,0.1,,
638,3065,19.03232687,93.72,426,1306624,3e-05,1.3404888991266488,0.26650816202163696,0.8883715867996216,6370,0.0010361455,-2.377154457569122,0.013671875,-0.005951698651188053,0.1,,
639,3070,20.049124300000003,94.41,426,1308672,3e-05,1.5012096278369427,0.3287142217159271,0.8672052025794983,6380,0.0007493191,-2.3792387306690217,0.006591796875,-0.004585174800013192,0.1,,
,,,,,1310000,3e-05,1.475108377635479,0.19789238274097443,0.930328369140625,6390,0.001168245,-2.3396356880664824,0.02216796875,-0.006495481712045148,0.1,24.60878105163574,90.8
640,3075,20.465527969999997,93.51,426,1310720,,,,,,,,,,,,
641,3080,19.445554500000004,94.52,426,1312768,3e-05,1.7177564907819032,0.2457379698753357,0.9205461740493774,6400,0.0013357465,-2.3273326635360716,0.014697265625,-0.005690567451529205,0.1,,
642,3085,19.50703626,95.39,426,1314816,3e-05,1.8942126382142306,0.19400367140769958,0.8963266611099243,6410,0.0014284605,-2.3673997819423676,0.0275390625,-0.005911572981858626,0.1,,
643,3089,20.88632838,94.49,426,1316864,3e-05,1.2738664101809263,0.20925495028495789,0.9270780682563782,6420,0.0009856964,-2.411100667715073,0.01396484375,-0.005502248281845823,0.1,,
644,3094,19.58985477,94.07,426,1318912,3e-05,1.2844609193503858,0.1698969453573227,0.9073804616928101,6430,0.001514605,-2.35595021545887,0.020654296875,-0.00637521679745987,0.1,,
,,,,,1320000,3e-05,1.368262328580022,0.19014018774032593,0.8715154528617859,6440,0.0009036773,-2.3708304852247237,0.019873046875,-0.004999419313389808,0.1,16.495717239379882,96.8
645,3099,19.39635134,93.61,426,1320960,,,,,,,,,,,,
646,3104,19.24202289,92.98,426,1323008,3e-05,1.7878001421689986,0.31131136417388916,0.8178278207778931,6450,0.0015101096,-2.423954975605011,0.02763671875,-0.005489992740331217,0.1,,
647,3108,18.48912061,93.98,426,1325056,3e-05,1.6399254117161035,0.17553970217704773,0.8597699403762817,6460,0.0010639314,-2.400567001104355,0.01611328125,-0.0054510647722054275,0.1,,
648,3113,17.406420230000002,94.38,426,1327104,3e-05,1.8898277446627616,0.45619097352027893,0.8864861726760864,6470,0.0007877968,-2.3833567559719087,0.015185546875,-0.0047440038382774215,0.1,,
649,3117,17.45256219,94.76,426,1329152,3e-05,2.1598957225680353,0.3472442030906677,0.8808797597885132,6480,0.00089442194,-2.409805327653885,0.021630859375,-0.005746919781086035,0.1,,
,,,,,1330000,3e-05,2.2387555301189423,0.5014147758483887,0.8458963632583618,6490,0.00070377043,-2.3854724556207656,0.003857421875,-0.0035236384806921705,0.1,20.589201736450196,86.0
650,3123,17.27100175,96.12,426,1331200,,,,,,,,,,,,
651,3127,17.367639960000005,95.92,426,1333248,3e-05,2.4989812530577185,0.39103055000305176,0.8209077715873718,6500,0.0012592066,-2.405772030353546,0.03955078125,-0.005746002882369794,0.1,,
652,3132,18.97821425,95.44,426,1335296,3e-05,1.3372114028781652,0.2032422125339508,0.8808655142784119,6510,0.0010487033,-2.4177622467279436,0.011572265625,-0.00552075510204304,0.1,,
653,3138,19.29783492,95.69,426,1337344,3e-05,1.116701915487647,0.16417238116264343,0.9174792766571045,6520,0.0012327085,-2.45184682905674,0.0125,-0.006032206851523369,0.1,,
654,3143,18.66644657,95.18,426,1339392,3e-05,2.222062501311302,0.5888739824295044,0.8400635123252869,6530,0.00075863174,-2.4093501418828964,0.006884765625,-0.005136510918964632,0.1,,
,,,,,1340000,3e-05,2.0940798312425613,0.43859684467315674,0.8320726156234741,6540,0.00083357736,-2.456707367300987,0.0095703125,-0.005345533581566997,0.1,16.50516719818115,99.0
655,3149,19.6601101,94.2,425,1341440,,,,,,,,,,,,
656,3154,20.52361075,93.42,425,1343488,3e-05,2.0216489627957346,0.36666616797447205,0.8783362507820129,6550,0.0011401816,-2.420627015829086,0.01552734375,-0.006069355321233161,0.1,,
657,3159,21.38387212,92.72,425,1345536,3e-05,1.914002314954996,0.2926253080368042,0.8955098986625671,6560,0.0012788507,-2.4152422845363617,0.02744140625,-0.006258683791384101,0.1,,
658,3164,21.18073122,92.08,425,1347584,3e-05,1.689326025545597,0.32388412952423096,0.8908567428588867,6570,0.0012506137,-2.4122972965240477,0.016357421875,-0.005150629501440562,0.1,,
659,3169,21.30730004,92.65,425,1349632,3e-05,1.7679130107164382,0.3633826971054077,0.8859027028083801,6580,0.0013073198,-2.421204924583435,0.02275390625,-0.006531290165730752,0.1,,
,,,,,1350000,3e-05,1.284676692634821,0.2438056617975235,0.9230443239212036,6590,0.0009305035,-2.412692794203758,0.015234375,-0.005124766891822219,0.1,16.280396246910094,90.0
660,3174,19.602623949999998,94.07,425,1351680,,,,,,,,,,,,
661,3179,19.58378021,93.8,425,1353728,3e-05,2.085078430920839,0.40459099411964417,0.8486766219139099,6600,0.001178637,-2.4102652192115785,0.028857421875,-0.006529538816539571,0.1,,
662,3183,19.1606258,94.84,425,1355776,3e-05,2.385488299280405,0.48490723967552185,0.8533018827438354,6610,0.0005086021,-2.3640277087688446,0.005224609375,-0.0031562764634145424,0.1,,
663,3188,18.771722799999996,95.23,425,1357824,3e-05,1.5955684494227171,0.3316076695919037,0.8904036283493042,6620,0.001310222,-2.352160578966141,0.029931640625,-0.006003058169153519,0.1,,
664,3192,18.83499031,93.96,425,1359872,3e-05,2.071505384147167,0.4049989581108093,0.8660532236099243,6630,0.0008262655,-2.3459020644426345,0.012255859375,-0.0048036523221526295,0.1,,
,,,,,1360000,3e-05,2.4390762709081173,0.43049395084381104,0.8998095393180847,6640,0.00077489566,-2.388517239689827,0.008203125,-0.004496361516066827,0.1,17.3668692111969,101.8
665,3198,19.933090890000003,94.34,425,1361920,,,,,,,,,,,,
666,3203,19.71065875,94.72,425,1363968,3e-05,2.887374881654978,0.43171027302742004,0.872778058052063,6650,0.0010557366,-2.3674807637929915,0.01005859375,-0.004568757288507186,0.1,,
667,3207,20.14366802,94.09,425,1366016,3e-05,2.009028632938862,0.35248643159866333,0.8706423044204712,6660,0.00077976903,-2.4060454189777376,0.00693359375,-0.004226707961061038,0.1,,
668,3212,20.795314029999997,93.09,425,1368064,3e-05,1.739087226241827,0.23085039854049683,0.8765720725059509,6670,0.0011026235,-2.377614226937294,0.014794921875,-0.005673014192143455,0.1,,
,,,,,1370000,3e-05,1.4255227830260992,0.23054558038711548,0.8946082592010498,6680,0.0015746083,-2.4060766130685804,0.027197265625,-0.0067225098086055365,0.1,21.05082483291626,88.8
669,3217,20.953219799999996,93.76,425,1370112,,,,,,,,,,,,
670,3222,19.93105139,93.6,425,1372160,3e-05,2.554003532975912,0.4539932310581207,0.8218450546264648,6690,0.0010430799,-2.447849637269974,0.016259765625,-0.005185711901867762,0.1,,
671,3227,20.08324844,93.37,425,1374208,3e-05,1.6473089702427388,0.40870216488838196,0.8825130462646484,6700,0.001191697,-2.399362349510193,0.022119140625,-0.006716286440496333,0.1,,
672,3231,19.399475940000002,94.1,425,1376256,3e-05,1.9011801563203334,0.2676992416381836,0.8894094824790955,6710,0.0014338519,-2.4477509677410128,0.024560546875,-0.0068779405555687845,0.1,,
673,3236,19.685695019999997,93.2,425,1378304,3e-05,1.9160628668963908,0.2979513704776764,0.8572944402694702,6720,0.0010198627,-2.429732158780098,0.015185546875,-0.005828271515201777,0.1,,
,,,,,1380000,3e-05,1.7665994800627232,0.26493382453918457,0.9150131344795227,6730,0.0012346586,-2.3734045028686523,0.02119140625,-0.005208823611610569,0.1,20.8754581451416,95.2
674,3242,19.13617031,93.76,425,1380352,,,,,,,,,,,,
675,3246,19.019968919999997,93.68,425,1382400,3e-05,2.229685113579035,0.3908674120903015,0.8889903426170349,6740,0.0011814206,-2.4088868886232375,0.02265625,-0.0062983714393340055,0.1,,
676,3251,19.14244835,92.77,425,1384448,3e-05,1.9874459192156793,0.3412324786186218,0.8002339005470276,6750,0.0011301232,-2.360721990466118,0.01806640625,-0.005957185861188918,0.1,,
677,3256,19.03927997,93.67,425,1386496,3e-05,1.9897365592420102,0.31278979778289795,0.8513110280036926,6760,0.0009499756,-2.4242814034223557,0.013818359375,-0.005211538134608418,0.1,,
678,3260,18.75316315,93.81,425,1388544,3e-05,1.7201609097421169,0.3961876928806305,0.846123218536377,6770,0.0009826518,-2.4510176867246627,0.018896484375,-0.005395612746360712,0.1,,
,,,,,1390000,3e-05,1.8859226502478124,0.31143122911453247,0.885022759437561,6780,0.0016241058,-2.3967554211616515,0.023828125,-0.0068448577367234975,0.1,15.59495677947998,102.6
679,3266,19.387062389999997,93.62,425,1390592,,,,,,,,,,,,
680,3270,19.47612554,94.52,425,1392640,3e-05,2.0990629583597182,0.4969533085823059,0.8535133004188538,6790,0.0012288046,-2.44516399204731,0.01328125,-0.005286213548970409,0.1,,
681,3275,19.46615532,94.19,425,1394688,3e-05,1.7327750876545907,0.3517487645149231,0.9021186232566833,6800,0.0010248042,-2.376508194208145,0.008447265625,-0.00508051659562625,0.1,,
682,3279,19.564123470000002,94.95,425,1396736,3e-05,1.951821119338274,0.49392062425613403,0.8786922097206116,6810,0.000980303,-2.4064878672361374,0.01201171875,-0.005577605558210052,0.1,,
683,3284,18.763142220000002,94.55,425,1398784,3e-05,1.972186841070652,0.2792840898036957,0.8306593894958496,6820,0.0009826035,-2.4380849421024324,0.010205078125,-0.0048477706965059045,0.1,,
,,,,,1400000,3e-05,1.8426404282450677,0.36627352237701416,0.912208616733551,6830,0.0013292881,-2.411032035946846,0.012353515625,-0.006216062969178893,0.1,17.959521675109862,98.4
684,3290,19.205497490000003,94.45,425,1400832,,,,,,,,,,,,
685,3294,18.860276000000002,95.28,425,1402880,3e-05,2.6923542857170104,0.6650374531745911,0.8906369209289551,6840,0.0010372608,-2.3758033156394958,0.0103515625,-0.005731266073416919,0.1,,
686,3299,18.46129862,94.92,425,1404928,3e-05,2.241536356508732,0.3704390525817871,0.8160445690155029,6850,0.001208792,-2.354411247372627,0.0181640625,-0.0049590735841775315,0.1,,
687,3304,18.278708339999998,94.87,425,1406976,3e-05,1.8102472253143786,0.3233702778816223,0.8418678641319275,6860,0.0011035671,-2.373720109462738,0.020751953125,-0.006460695082205347,0.1,,
688,3309,17.058907509999997,95.51,425,1409024,3e-05,1.948294535279274,0.347334623336792,0.8536509871482849,6870,0.0012956895,-2.410791277885437,0.0185546875,-0.006213761045364663,0.1,,
,,,,,1410000,3e-05,2.0287460021674635,0.4242780804634094,0.810619056224823,6880,0.0011912618,-2.3904302924871446,0.01806640625,-0.006248495014733635,0.1,14.863517761230469,92.4
689,3314,17.400684970000004,94.22,425,1411072,,,,,,,,,,,,
690,3319,18.44460069,93.41,425,1413120,3e-05,2.0767642855644226,0.33560630679130554,0.8937748670578003,6890,0.0015694482,-2.3623262465000154,0.022607421875,-0.006822542240843177,0.1,,
691,3324,18.7313392,92.74,425,1415168,3e-05,1.7456059008836746,0.24556861817836761,0.912270724773407,6900,0.0014718284,-2.331605616211891,0.0173828125,-0.0055362768878694625,0.1,,
692,3328,19.2635032,91.24,425,1417216,3e-05,1.5182596612721682,0.1513848751783371,0.8888322114944458,6910,0.0015989745,-2.3555208265781404,0.018798828125,-0.006639698264189064,0.1,,
693,3333,20.042955910000003,91.48,425,1419264,3e-05,2.084604848921299,0.25951921939849854,0.8610122799873352,6920,0.0012796,-2.3407867908477784,0.014404296875,-0.006764290572027676,0.1,,
,,,,,1420000,3e-05,2.2506208449602125,0.37507307529449463,0.8543479442596436,6930,0.001433514,-2.347437298297882,0.02822265625,-0.0064590748050250115,0.1,20.896732330322266,92.2
694,3339,19.55913677,91.86,425,1421312,,,,,,,,,,,,
695,3344,20.66330225,90.92,425,1423360,3e-05,2.1327862560749056,0.40366512537002563,0.8373415470123291,6940,0.0016616555,-2.327649313211441,0.023193359375,-0.006415315094636753,0.1,,
696,3349,20.84023456,91.42,425,1425408,3e-05,1.5782732650637628,0.39843443036079407,0.9198088049888611,6950,0.0013103561,-2.350937455892563,0.016015625,-0.006320109334774315,0.1,,
697,3353,21.353993180000003,90.95,425,1427456,3e-05,1.8000334262847901,0.35020339488983154,0.8787899017333984,6960,0.0010620295,-2.3534260004758836,0.016015625,-0.0053300236657378266,0.1,,
698,3358,20.540313519999998,92.6,425,1429504,3e-05,1.6119904719293117,0.2790294885635376,0.9123952388763428,6970,0.001397311,-2.3555450052022935,0.018701171875,-0.006429629871854558,0.1,,
,,,,,1430000,3e-05,1.159977851063013,0.1792883574962616,0.9436054825782776,6980,0.0015530791,-2.3891033679246902,0.024658203125,-0.0072567076771520075,0.1,21.020919227600096,96.6
699,3364,20.27551844,94.47,425,1431552,,,,,,,,,,,,
700,3369,20.31954117,94.5,425,1433600,3e-05,1.3751089617609977,0.22126445174217224,0.9182751178741455,6990,0.0013918199,-2.4005978494882583,0.028759765625,-0.006393813548493199,0.1,,
701,3373,19.345869509999996,95.24,425,1435648,3e-05,1.5803825117647647,0.27128756046295166,0.8870514631271362,7000,0.00093174004,-2.4197260290384293,0.01376953125,-0.005291516764555126,0.1,,
702,3378,20.429208990000003,93.73,425,1437696,3e-05,1.891149429231882,0.43604618310928345,0.8910914659500122,7010,0.0012009477,-2.406131374835968,0.02080078125,-0.00563063362496905,0.1,,
703,3383,19.7823409,92.82,425,1439744,3e-05,1.9565272323787213,0.22846587002277374,0.9016366600990295,7020,0.0013966085,-2.405570724606514,0.020703125,-0.006390709240804426,0.1,,
,,,,,1440000,3e-05,2.0032806515693666,0.3668430745601654,0.8395669460296631,7030,0.0012826326,-2.4369501739740373,0.019970703125,-0.006303459094488062,0.1,16.167961359024048,95.8
704,3388,19.24725047,93.4,425,1441792,,,,,,,,,,,,
705,3393,19.66514235,93.45,425,1443840,3e-05,2.083541438728571,0.422583669424057,0.8823491334915161,7040,0.0009040347,-2.42705018222332,0.014892578125,-0.005373547604540363,0.1,,
706,3398,20.2958577,92.52,425,1445888,3e-05,2.119651772081852,0.26803919672966003,0.8399331569671631,7050,0.0009931624,-2.4080365002155304,0.0154296875,-0.005083755168016069,0.1,,
707,3402,20.25711459,93.88,425,1447936,3e-05,2.14154556915164,0.4618898332118988,0.8873212337493896,7060,0.00089586375,-2.4028833985328673,0.013818359375,-0.006768482533516362,0.1,,
708,3407,20.327777349999998,91.77,425,1449984,3e-05,1.9493437968194485,0.3348042964935303,0.9008463025093079,7070,0.0013977974,-2.376762157678604,0.018212890625,-0.00700791206327267,0.1,,
,,,,,1450000,3e-05,2.1166530892252924,0.34028735756874084,0.8974916934967041,7080,0.0010100731,-2.4074421375989914,0.0130859375,-0.00575370600563474,0.1,22.95207290649414,91.6
709,3412,20.89262962,91.71,425,1452032,,,,,,,,,,,,
710,3417,20.12425128,92.83,425,1454080,3e-05,3.0065558552742004,0.6753913164138794,0.8473066091537476,7090,0.0008553027,-2.4059586465358733,0.0232421875,-0.005412770391558297,0.1,,
711,3422,19.406107130000002,92.88,425,1456128,3e-05,2.858692406862974,0.4488081634044647,0.8079828023910522,7100,0.0010951094,-2.4228443026542665,0.0173828125,-0.005890901130624115,0.1,,
712,3426,19.56070756,93.38,425,1458176,3e-05,2.5041430413722994,0.597669780254364,0.8587514162063599,7110,0.0009309371,-2.420834693312645,0.0125,-0.005224925361108035,0.1,,
,,,,,1460000,3e-05,2.2060656420886517,0.4388115704059601,0.8535095453262329,7120,0.000961715,-2.4549604654312134,0.031103515625,-0.005394984042504802,0.1,15.27037410736084,98.4
713,3432,18.64943514,94.29,425,1460224,,,,,,,,,,,,
714,3436,20.1176637,93.75,425,1462272,3e-05,1.9020181760191917,0.39130252599716187,0.8709971904754639,7130,0.001134811,-2.4973344087600706,0.016943359375,-0.006777634043828584,0.1,,
715,3441,20.38347793,94.08,425,1464320,3e-05,2.0032758966088293,0.5326604843139648,0.9012510180473328,7140,0.00091400783,-2.3966175317764282,0.015087890625,-0.0047062593628652396,0.1,,
716,3445,19.903674449999997,94.62,425,1466368,3e-05,1.6806371472775936,0.20986025035381317,0.8774774074554443,7150,0.0018834544,-2.4834011077880858,0.0310546875,-0.007850910880370066,0.1,,
717,3450,20.180005580000003,94.51,425,1468416,3e-05,1.8447503633797169,0.40291696786880493,0.8760542869567871,7160,0.0011646447,-2.5066750437021255,0.016845703125,-0.0054009215091355145,0.1,,
,,,,,1470000,3e-05,1.9159869208931923,0.3631223142147064,0.8904629945755005,7170,0.0012117744,-2.465809518098831,0.0173828125,-0.006189330123015679,0.1,23.440498542785644,97.6
718,3455,20.328421820000003,93.64,425,1470464,,,,,,,,,,,,
719,3460,19.5051645,93.85,425,1472512,3e-05,2.6001269459724425,0.51654452085495,0.8846409320831299,7180,0.0010026312,-2.464224451780319,0.01591796875,-0.005541164794703945,0.1,,
720,3464,19.93084056,93.67,425,1474560,3e-05,2.3739147260785103,0.36379581689834595,0.8930590748786926,7190,0.000972781,-2.4478111803531646,0.01298828125,-0.005556220834841951,0.1,,
721,3469,20.83600312,92.55,425,1476608,3e-05,1.4817134685814382,0.23243045806884766,0.9026011824607849,7200,0.001272263,-2.430075633525848,0.0228515625,-0.007026625639991835,0.1,,
722,3473,21.15505885,92.61,425,1478656,3e-05,1.3935892287641765,0.25664541125297546,0.907095730304718,7210,0.0018430455,-2.413356164097786,0.02265625,-0.007292661722749472,0.1,,
,,,,,1480000,3e-05,1.840726552158594,0.3228122591972351,0.8629285097122192,7220,0.0010415758,-2.4437667816877364,0.030029296875,-0.007416132927755825,0.1,17.244015181064604,88.0
723,3479,21.444349190000004,92.23,425,1480704,,,,,,,,,,,,
724,3483,20.69110197,92.93,425,1482752,3e-05,1.6337688542902469,0.26509368419647217,0.8963579535484314,7230,0.0014664051,-2.399338087439537,0.023486328125,-0.006765586970141157,0.1,,
725,3488,19.51275064,93.1,425,1484800,3e-05,1.6298282720148562,0.32284581661224365,0.8886182308197021,7240,0.0011341543,-2.392241457104683,0.01875,-0.006093190662795678,0.1,,
726,3493,18.638210469999997,94.16,425,1486848,3e-05,1.7618968546390534,0.3210979104042053,0.884536623954773,7250,0.001059821,-2.3908876210451124,0.016552734375,-0.0066769516153726725,0.1,,
727,3497,18.5084084,95.61,425,1488896,3e-05,1.9204145841300488,0.28339722752571106,0.8892757296562195,7260,0.0013773213,-2.4309734761714936,0.028955078125,-0.007195698760915548,0.1,,
,,,,,1490000,3e-05,1.9861195713281632,0.2905430495738983,0.886418342590332,7270,0.0011189699,-2.383324792981148,0.01328125,-0.00638971152366139,0.1,27.786280822753906,89.0
728,3503,18.87477802,96.32,425,1490944,,,,,,,,,,,,
729,3508,19.71908179,95.58,425,1492992,3e-05,1.9221332758665084,0.355591356754303,0.9110286235809326,7280,0.0012443229,-2.396961835026741,0.013671875,-0.005479587049921975,0.1,,
730,3512,19.82410101,95.22,425,1495040,3e-05,1.9830245040357113,0.32965296506881714,0.8962340950965881,7290,0.0013503744,-2.3909189462661744,0.017138671875,-0.006355227078893222,0.1,,
731,3517,20.232822289999998,94.63,425,1497088,3e-05,1.932343427091837,0.39840084314346313,0.8914394974708557,7300,0.0013324516,-2.411532071232796,0.02001953125,-0.007235081534599885,0.1,,
732,3522,21.60646169,93.55,425,1499136,3e-05,1.8044636502861977,0.3733517527580261,0.9107633233070374,7310,0.0011729648,-2.3920782923698427,0.025927734375,-0.006589557373081334,0.1,,
,,,,,1500000,3e-05,1.2138311371207238,0.16863678395748138,0.921205997467041,7320,0.0013895305,-2.3313794523477553,0.01767578125,-0.005851045725285076,0.1,18.89252496957779,100.0
733,3528,20.27522446,93.52,425,1501184,,,,,,,,,,,,
734,3533,19.9665165,93.95,425,1503232,3e-05,1.5908083230257035,0.2578544318675995,0.867096483707428,7330,0.0016550003,-2.44960578083992,0.028466796875,-0.00698885596357286,0.1,,
735,3538,20.42005624,93.44,425,1505280,3e-05,1.9597287759184838,0.41218677163124084,0.8630764484405518,7340,0.0015498882,-2.409464716911316,0.030810546875,-0.0074508719917503186,0.1,,
736,3543,20.38147197,93.75,425,1507328,3e-05,2.408944284170866,0.5225532650947571,0.8471586108207703,7350,0.0006695687,-2.3926801085472107,0.010107421875,-0.0048198173230048266,0.1,,
737,3548,20.009916819999997,94.39,425,1509376,3e-05,2.0521056137979032,0.4285261929035187,0.9102799296379089,7360,0.001001027,-2.448748028278351,0.015185546875,-0.005116592324338853,0.1,,
,,,,,1510000,3e-05,1.9155910924077033,0.3663599193096161,0.8995795845985413,7370,0.0010593648,-2.449119174480438,0.019580078125,-0.005552004474157002,0.1,14.117251825332641,92.2
738,3553,20.0988738,93.57,425,1511424,,,,,,,,,,,,
739,3558,20.219959590000002,93.13,425,1513472,3e-05,2.372555759549141,0.42352625727653503,0.8520022630691528,7380,0.0010894663,-2.4441641569137573,0.017236328125,-0.006166278925957158,0.1,,
740,3562,20.29071583,91.93,425,1515520,3e-05,1.5217265516519547,0.2485049068927765,0.9125452637672424,7390,0.0019338524,-2.37120805978775,0.03779296875,-0.007545203668996692,0.1,,
741,3567,20.159453369999998,91.83,425,1517568,3e-05,2.3088716000318525,0.4217591881752014,0.9033284187316895,7400,0.0011515381,-2.45510396361351,0.018212890625,-0.006327753704681527,0.1,,
742,3572,20.71810231,91.33,425,1519616,3e-05,2.136936755478382,0.34636154770851135,0.8962985873222351,7410,0.0011916768,-2.3622238487005234,0.01806640625,-0.006340793304843828,0.1,,
,,,,,1520000,3e-05,1.9554789945483209,0.38297781348228455,0.8711596131324768,7420,0.001183766,-2.3666240215301513,0.011669921875,-0.005906290559505578,0.1,22.43268928527832,87.8
743,3578,21.074659279999995,91.94,425,1521664,,,,,,,,,,,,
744,3582,21.267786809999997,92.54,425,1523712,3e-05,1.8766091600060464,0.37444835901260376,0.8919054269790649,7430,0.00180694,-2.4204806864261625,0.035791015625,-0.007177086797310039,0.1,,
745,3587,21.26833052,92.83,425,1525760,3e-05,1.6463996738195419,0.3263980448246002,0.9080032706260681,7440,0.0015932239,-2.4185709327459337,0.0275390625,-0.007502109193592332,0.1,,
746,3592,20.90040683,92.52,425,1527808,3e-05,1.9848369278013707,0.35148629546165466,0.8914045095443726,7450,0.001110995,-2.433943432569504,0.018212890625,-0.0063456651143496854,0.1,,
747,3597,20.08602571,92.07,425,1529856,3e-05,1.826622624695301,0.39238572120666504,0.8649166822433472,7460,0.0011393155,-2.4259387820959093,0.0275390625,-0.007145379221765324,0.1,,
,,,,,1530000,3e-05,2.6825965963304044,0.4451797306537628,0.8418893218040466,7470,0.0014826735,-2.371080356836319,0.029052734375,-0.006831477090599947,0.1,23.0713752746582,90.8
748,3602,20.996729140000003,92.56,425,1531904,,,,,,,,,,,,
749,3607,19.955770299999998,93.37,425,1533952,3e-05,1.4300863116979599,0.2174300253391266,0.8932528495788574,7480,0.0009365169,-2.450375738739967,0.016552734375,-0.005812954460270703,0.1,,
750,3611,21.19898878,91.78,425,1536000,3e-05,2.1921561904251576,0.3455001413822174,0.849763035774231,7490,0.00094562565,-2.4074678480625153,0.025634765625,-0.006232333369553089,0.1,,
751,3616,21.662597579999996,92.17,425,1538048,3e-05,1.2390627909451724,0.1950245052576065,0.9366872310638428,7500,0.001506703,-2.363767197728157,0.02470703125,-0.006811736166127957,0.1,,
,,,,,1540000,3e-05,1.3503325279802083,0.16101643443107605,0.9115020036697388,7510,0.0015663721,-2.3694600433111193,0.043017578125,-0.007214406668208539,0.1,22.820231246948243,92.0
752,3621,21.273487810000002,91.66,425,1540096,,,,,,,,,,,,
753,3625,21.449461030000002,90.87,425,1542144,3e-05,1.843759673833847,0.39256128668785095,0.88460373878479,7520,0.0012384534,-2.4001995444297792,0.024853515625,-0.006460584199521691,0.1,,
754,3630,21.28266309,92.22,425,1544192,3e-05,1.7085987389087678,0.3153654932975769,0.8683816194534302,7530,0.0013175742,-2.358697298169136,0.037060546875,-0.0076582037552725525,0.1,,
755,3634,21.097541599999996,91.99,425,1546240,3e-05,2.3845131427049635,0.36645597219467163,0.8595754504203796,7540,0.0008658625,-2.3858789265155793,0.01201171875,-0.004868810629704967,0.1,,
756,3639,20.76548386,93.02,425,1548288,3e-05,1.617084501683712,0.31059861183166504,0.8935848474502563,7550,0.00133605,-2.3801329523324966,0.019580078125,-0.006841313617769629,0.1,,
,,,,,1550000,3e-05,1.8558730341494083,0.2704167068004608,0.8976560235023499,7560,0.001255961,-2.342046907544136,0.027978515625,-0.0058160442451480774,0.1,22.078199577331542,90.8
757,3644,20.872648179999995,93.84,425,1550336,,,,,,,,,,,,
758,3649,21.23466777,93.15,425,1552384,3e-05,1.2834600172936916,0.21038253605365753,0.9066429138183594,7570,0.0015956489,-2.3530088633298876,0.035498046875,-0.006410450156545266,0.1,,
759,3654,21.151060949999998,92.78,425,1554432,3e-05,1.3085514131933451,0.187922865152359,0.8967844247817993,7580,0.0017554654,-2.353258791565895,0.028125,-0.007890218071406708,0.1,,
760,3658,20.576359229999998,92.72,425,1556480,3e-05,1.627157497406006,0.35103273391723633,0.8957157731056213,7590,0.0009982762,-2.3882651031017303,0.015234375,-0.005560981039889157,0.1,,
761,3663,20.94276237,91.97,425,1558528,3e-05,1.2561283551156521,0.163402259349823,0.8997741341590881,7600,0.0016087297,-2.332029086351395,0.036865234375,-0.0073512690520146865,0.1,,
,,,,,1560000,3e-05,1.8742269419133664,0.29731813073158264,0.9083046913146973,7610,0.001236374,-2.326852282881737,0.0271484375,-0.006594750774092972,0.1,21.602997303009033,93.0
762,3669,20.279381830000002,91.96,425,1560576,,,,,,,,,,,,
763,3674,20.53891763,92.76,425,1562624,3e-05,1.9442335315048695,0.41036853194236755,0.8300989866256714,7620,0.0010879776,-2.3487144351005553,0.02099609375,-0.00650403163745068,0.1,,
764,3678,20.83158392,92.65,425,1564672,3e-05,1.5191273994743824,0.239970862865448,0.9054201245307922,7630,0.0011504546,-2.295911413431168,0.030908203125,-0.006827093593892641,0.1,,
765,3683,20.92642493,93.76,425,1566720,3e-05,1.7735179223120212,0.2560914158821106,0.8956270813941956,7640,0.0011268986,-2.3317644894123077,0.0109375,-0.004782597228768282,0.1,,
766,3688,21.34886349,93.95,425,1568768,3e-05,1.2654028322547675,0.23617306351661682,0.9341113567352295,7650,0.0015674303,-2.3188847661018372,0.033349609375,-0.00759224180073943,0.1,,
,,,,,1570000,3e-05,1.6866619691252709,0.24388639628887177,0.8495686054229736,7660,0.0012438686,-2.2899080872535706,0.024560546875,-0.005265855218749493,0.1,25.447707748413087,87.4
767,3693,21.676567600000002,93.33,425,1570816,,,,,,,,,,,,
768,3698,20.941774620000004,93.07,425,1572864,3e-05,2.284303215146065,0.39007213711738586,0.8608891367912292,7670,0.0015839592,-2.3277880936861037,0.02685546875,-0.0064740973146399485,0.1,,
769,3703,20.38004867,93.28,425,1574912,3e-05,1.7494106400758027,0.20547375082969666,0.8858721852302551,7680,0.0013812664,-2.3540443658828734,0.035986328125,-0.007709238573443145,0.1,,
770,3707,20.181463389999998,93.27,425,1576960,3e-05,1.4361901555210352,0.21187365055084229,0.896461546421051,7690,0.0012460068,-2.3605908393859862,0.01337890625,-0.006074325526424218,0.1,,
771,3712,20.07727105,93.69,425,1579008,3e-05,1.6370548099279403,0.3472404181957245,0.8822394609451294,7700,0.0015557031,-2.374050608277321,0.018017578125,-0.006022125479648821,0.1,,
,,,,,1580000,3e-05,1.302358991280198,0.1566847711801529,0.9327405691146851,7710,0.0012393445,-2.3361737966537475,0.021875,-0.0062910078559070826,0.1,11.566346359252929,105.6
772,3718,20.13928753,94.1,425,1581056,,,,,,,,,,,,
773,3723,20.344359770000004,94.31,425,1583104,3e-05,1.5720722079277039,0.3065558075904846,0.9165054559707642,7720,0.0011300808,-2.4146265745162965,0.014013671875,-0.005827321650576778,0.1,,
774,3727,21.246389540000006,92.82,425,1585152,3e-05,1.4619507938623428,0.26344165205955505,0.8656672835350037,7730,0.0010847541,-2.369776287674904,0.021435546875,-0.006593338304082863,0.1,,
775,3732,20.914776749999998,93.8,425,1587200,3e-05,1.581686320155859,0.2724958658218384,0.8869142532348633,7740,0.0015591899,-2.3698749244213104,0.0298828125,-0.007033104670699686,0.1,,
776,3737,20.359062449999996,93.43,425,1589248,3e-05,1.1684966556727887,0.1504925787448883,0.914919376373291,7750,0.0011119874,-2.447039467096329,0.02587890625,-0.007042890513548628,0.1,,
,,,,,1590000,3e-05,1.3547828439623117,0.20854584872722626,0.9110325574874878,7760,0.0007639717,-2.3770554274320603,0.01494140625,-0.005158685019705444,0.1,15.689067459106445,102.2
777,3742,19.871958659999997,94.99,425,1591296,,,,,,,,,,,,
778,3747,19.6028661,95.95,425,1593344,3e-05,1.249338775500655,0.14851586520671844,0.8311394453048706,7770,0.0014489762,-2.4154821664094923,0.0224609375,-0.0060113574814749885,0.1,,
779,3752,20.375255470000003,96.16,425,1595392,3e-05,1.243698749691248,0.14314420521259308,0.9048807621002197,7780,0.0016061206,-2.3791179209947586,0.024658203125,-0.0071568850718904285,0.1,,
780,3756,20.68173354,94.99,425,1597440,3e-05,1.6852673158049583,0.3448401391506195,0.9080636501312256,7790,0.00094729196,-2.428977385163307,0.01494140625,-0.00491197093797382,0.1,,
781,3761,20.29968013,93.97,425,1599488,3e-05,1.8851833686232566,0.26426786184310913,0.8833724856376648,7800,0.0014024673,-2.425783875584602,0.020849609375,-0.00707521760778036,0.1,,
,,,,,1600000,3e-05,2.144308340549469,0.37223291397094727,0.8660718202590942,7810,0.0012762134,-2.409397152066231,0.026171875,-0.007847193404450082,0.1,19.275903129577635,89.6
782,3766,20.919323120000005,93.58,425,1601536,,,,,,,,,,,,
783,3771,20.99051649,94.15,425,1603584,3e-05,1.8193111672997475,0.25882816314697266,0.8493613004684448,7820,0.0014451754,-2.3973237335681916,0.021240234375,-0.006943102017976344,0.1,,
784,3775,21.29338745,94.59,425,1605632,3e-05,1.053277600184083,0.1937428116798401,0.9258872270584106,7830,0.0011389011,-2.4044862747192384,0.0244140625,-0.006708421322400682,0.1,,
785,3780,21.277922839999995,94.19,425,1607680,3e-05,1.351697586849332,0.2110016644001007,0.9188832640647888,7840,0.0013300534,-2.393404960632324,0.017333984375,-0.006688521354226396,0.1,,
786,3785,22.102434800000005,93.31,425,1609728,3e-05,1.1710495434701442,0.18034692108631134,0.9292607307434082,7850,0.0017065601,-2.3834892749786376,0.026806640625,-0.00806867572828196,0.1,,
,,,,,1610000,3e-05,1.2989107333123684,0.193891704082489,0.9251139163970947,7860,0.0016112295,-2.3805559813976287,0.035888671875,-0.008231753838481381,0.1,16.346712589263916,91.4
787,3790,21.92933149,93.96,425,1611776,,,,,,,,,,,,
788,3795,21.645357550000003,94.11,425,1613824,3e-05,1.6451008595526218,0.32747048139572144,0.8623045086860657,7870,0.0014636872,-2.412333583831787,0.036083984375,-0.008130401748348958,0.1,,
789,3800,21.96643121,92.85,425,1615872,3e-05,1.0234878905117513,0.12571218609809875,0.9402580261230469,7880,0.0021297145,-2.412366288900375,0.045263671875,-0.008687401877250523,0.1,,
790,3805,21.06808704,94.11,425,1617920,3e-05,1.4165503438562155,0.15046167373657227,0.9180206060409546,7890,0.0011906169,-2.413214886188507,0.023779296875,-0.006865000308607705,0.1,,
791,3810,21.433622180000008,93.58,425,1619968,3e-05,2.615077441930771,0.2757902145385742,0.87428879737854,7900,0.00080206816,-2.3982087135314942,0.014453125,-0.005913912219693884,0.1,,
,,,,,1620000,3e-05,1.3348495204001665,0.2486269772052765,0.9093875885009766,7910,0.0014831035,-2.3816900312900544,0.02607421875,-0.007453320117201656,0.1,23.979153442382813,89.2
792,3815,22.20670158,92.98,425,1622016,,,,,,,,,,,,
793,3820,20.95184644,93.95,425,1624064,3e-05,1.7064466781914234,0.2159377634525299,0.8992883563041687,7920,0.00090669014,-2.4120872408151626,0.013720703125,-0.0055543107213452455,0.1,,
794,3825,21.690932699999998,93.57,425,1626112,3e-05,1.8984038539230823,0.4730076491832733,0.8630267381668091,7930,0.0011304987,-2.4084163546562194,0.027587890625,-0.005553805088857189,0.1,,
795,3829,22.834038569999997,92.59,425,1628160,3e-05,1.43323615193367,0.22817379236221313,0.9088648557662964,7940,0.0017242162,-2.417566367983818,0.03955078125,-0.008974003180628642,0.1,,
,,,,,1630000,3e-05,1.306876116991043,0.21874235570430756,0.928037703037262,7950,0.0011922753,-2.412829425930977,0.026171875,-0.006974916940089315,0.1,22.4250919342041,87.4
796,3835,21.85305704,93.46,425,1630208,,,,,,,,,,,,
797,3839,21.4042193,92.66,425,1632256,3e-05,2.3093417905271054,0.3454420864582062,0.8660406470298767,7960,0.0012007327,-2.424786439538002,0.035986328125,-0.007329531840514392,0.1,,
798,3844,21.517857079999995,92.15,425,1634304,3e-05,2.0378390066325665,0.37689507007598877,0.8700375556945801,7970,0.0011564323,-2.438882899284363,0.02041015625,-0.00682445628917776,0.1,,
799,3848,19.91887784,93.86,425,1636352,3e-05,1.4531389124691487,0.18391498923301697,0.8725869655609131,7980,0.0018520819,-2.374824729561806,0.0443359375,-0.010236812039511278,0.1,,
800,3853,20.90538538,92.58,425,1638400,3e-05,1.8107624985277653,0.26889970898628235,0.8420377969741821,7990,0.0016669309,-2.390656927227974,0.0263671875,-0.007753563590813428,0.1,,
,,,,,1640000,3e-05,2.2133516758680343,0.3625398874282837,0.863141655921936,8000,0.0012382555,-2.394379070401192,0.0310546875,-0.006310807395493612,0.1,19.319747734069825,89.6
801,3858,21.5965119,92.48,425,1640448,,,,,,,,,,,,
802,3863,22.133644570000005,93.41,425,1642496,3e-05,1.6916319631040095,0.17806659638881683,0.8931630849838257,8010,0.0014250453,-2.466966325044632,0.031982421875,-0.008427068902528844,0.1,,
803,3867,22.00455789,93.4,425,1644544,3e-05,1.789305540174246,0.3172381520271301,0.9220495820045471,8020,0.0013830671,-2.406346380710602,0.02431640625,-0.0076782409742008895,0.1,,
804,3872,21.18084333,93.24,425,1646592,3e-05,1.4233613960444926,0.2070215940475464,0.935859739780426,8030,0.001698694,-2.3820788353681563,0.0294921875,-0.008566366956802084,0.1,,
805,3876,21.958516310000004,93.21,425,1648640,3e-05,2.1172784209251403,0.3203416168689728,0.8819518089294434,8040,0.0012375223,-2.4546442717313766,0.03681640625,-0.00739652672491502,0.1,,
,,,,,1650000,3e-05,1.8224270358681678,0.2768128514289856,0.9260362386703491,8050,0.0009995154,-2.41331687271595,0.0154296875,-0.005971129750832915,0.1,22.1485538482666,94.6
806,3882,21.607647819999997,93.07,425,1650688,,,,,,,,,,,,
807,3886,20.812234750000002,94.06,425,1652736,3e-05,2.6989342242479326,0.358790785074234,0.8226503729820251,8060,0.000930026,-2.355725610256195,0.012109375,-0.0052119566942565145,0.1,,
808,3891,21.350818049999997,93.6,425,1654784,3e-05,1.4270282037556172,0.16319164633750916,0.9121809601783752,8070,0.0014868343,-2.4388210654258726,0.01875,-0.006811607367126271,0.1,,
809,3895,21.66072948,93.69,425,1656832,3e-05,1.304706907272339,0.23677128553390503,0.8982774019241333,8080,0.002098519,-2.3861018270254135,0.0419921875,-0.008575378809473478,0.1,,
810,3900,20.67505402,94.92,425,1658880,3e-05,1.8118758417665959,0.26760417222976685,0.8851573467254639,8090,0.0017067463,-2.375658541917801,0.029052734375,-0.008934113796567545,0.1,,
,,,,,1660000,3e-05,1.365956825762987,0.24652084708213806,0.8651412129402161,8100,0.0022453489,-2.3676620364189147,0.046044921875,-0.008230483147781343,0.1,23.654247951507568,93.8
811,3906,20.557301019999997,96.0,425,1660928,,,,,,,,,,,,
812,3910,20.574076929999997,96.03,425,1662976,3e-05,2.1935304813086987,0.25347042083740234,0.8124454021453857,8110,0.0015245273,-2.4275636464357375,0.0572265625,-0.0072457633155863736,0.1,,
813,3915,20.377234169999998,95.24,425,1665024,3e-05,1.79975977987051,0.2701418399810791,0.8308331370353699,8120,0.001408646,-2.3578447461128236,0.034375,-0.007730823644669727,0.1,,
814,3919,20.877328949999995,95.62,425,1667072,3e-05,2.3272826574742793,0.3870231807231903,0.8266558647155762,8130,0.0016067128,-2.3644320726394654,0.02646484375,-0.007616427063476294,0.1,,
815,3924,21.708253980000006,95.85,425,1669120,3e-05,1.6247782379388809,0.32647788524627686,0.8948513269424438,8140,0.0013779537,-2.3849034160375595,0.02734375,-0.006683294536196626,0.1,,
,,,,,1670000,3e-05,1.3178741499781608,0.25427719950675964,0.9294419288635254,8150,0.002167402,-2.395826202630997,0.0375,-0.00933077688096091,0.1,22.79239664077759,98.0
816,3929,21.909118850000006,94.7,425,1671168,,,,,,,,,,,,
817,3934,22.65524348,94.41,425,1673216,3e-05,1.1257330626249313,0.1482832431793213,0.912878155708313,8160,0.0016792093,-2.3402709156274795,0.03291015625,-0.009165835595922545,0.1,,
818,3938,23.17349334,93.76,425,1675264,3e-05,1.6703186705708504,0.24323032796382904,0.9072160720825195,8170,0.0017045834,-2.307245248556137,0.0294921875,-0.007888536174141337,0.1,,
819,3943,22.989331550000003,92.9,425,1677312,3e-05,1.866922417283058,0.3535229563713074,0.886841893196106,8180,0.001113637,-2.3383632063865663,0.025634765625,-0.007998245078488253,0.1,,
820,3947,23.487641180000004,92.21,425,1679360,3e-05,1.5773152485489845,0.25892892479896545,0.8963172435760498,8190,0.0015823331,-2.290802538394928,0.039794921875,-0.007821758688078263,0.1,,
,,,,,1680000,3e-05,1.0811728842556476,0.21075932681560516,0.9471995830535889,8200,0.0017155914,-2.328095334768295,0.03173828125,-0.007946859966614284,0.1,22.558568382263182,88.4
821,3953,23.333758729999996,93.01,425,1681408,,,,,,,,,,,,
822,3957,22.89388751,93.52,425,1683456,3e-05,1.2958708085119723,0.2161722481250763,0.9072553515434265,8210,0.0015101691,-2.3262696981430055,0.034326171875,-0.006854582350933924,0.1,,
823,3962,23.29065378,93.65,425,1685504,3e-05,1.3225719187408687,0.2271154224872589,0.916674017906189,8220,0.0013011827,-2.3008600950241087,0.0248046875,-0.0071977944113314155,0.1,,
824,3966,23.051059660000007,93.72,425,1687552,3e-05,1.1578371554613114,0.2111152559518814,0.9368370771408081,8230,0.0015537187,-2.3097106546163557,0.034765625,-0.008113565720850601,0.1,,
825,3971,21.984059860000002,93.44,425,1689600,3e-05,2.1867256656289102,0.3959237337112427,0.8675567507743835,8240,0.0014905955,-2.3145414739847183,0.041357421875,-0.006916445901151746,0.1,,
,,,,,1690000,3e-05,1.6908354356884956,0.27216988801956177,0.8664743900299072,8250,0.0015010403,-2.322208946943283,0.036572265625,-0.007512305438285694,0.1,24.069903945922853,93.0
826,3976,22.26664474,92.82,425,1691648,,,,,,,,,,,,
827,3981,21.61910982,93.29,425,1693696,3e-05,1.3891925562173129,0.2061866819858551,0.8948734998703003,8260,0.0020615826,-2.327498671412468,0.04189453125,-0.009182392770890146,0.1,,
828,3985,21.286638200000002,93.44,425,1695744,3e-05,1.5698137260973453,0.2418784648180008,0.8819679021835327,8270,0.0016677936,-2.3368664026260375,0.032421875,-0.007292717264499515,0.1,,
829,3990,21.77559436,92.96,425,1697792,3e-05,1.6398259535431863,0.27979663014411926,0.9036367535591125,8280,0.0015662333,-2.339273899793625,0.026171875,-0.00783186215267051,0.1,,
830,3994,21.908056119999998,93.94,425,1699840,3e-05,1.652012863755226,0.2859265208244324,0.8902300596237183,8290,0.0013052665,-2.3065837532281876,0.027001953125,-0.006411311161355115,0.1,,
,,,,,1700000,3e-05,1.5118820402771234,0.25803056359291077,0.9053277373313904,8300,0.0015438572,-2.3442384779453276,0.02109375,-0.0072745555429719385,0.1,26.626294898986817,92.4
831,4000,21.20407147000001,95.24,425,1701888,,,,,,,,,,,,
832,4004,20.863626109999995,95.8,425,1703936,3e-05,1.34052594602108,0.35794320702552795,0.9160381555557251,8310,0.001497608,-2.383260115981102,0.034521484375,-0.007281081980909221,0.1,,
833,4009,20.482066380000003,96.86,425,1705984,3e-05,1.2126181103289126,0.24211157858371735,0.9193030595779419,8320,0.0014994161,-2.3802214056253432,0.0251953125,-0.007961886975681409,0.1,,
834,4013,20.08887043,97.04,425,1708032,3e-05,1.276116267964244,0.23252232372760773,0.8675125241279602,8330,0.0018949098,-2.3693747997283934,0.046240234375,-0.009172155638225377,0.1,,
,,,,,1710000,3e-05,1.4299875266849995,0.2988121509552002,0.9144389033317566,8340,0.001693696,-2.3589240819215775,0.0328125,-0.008381218803697266,0.1,20.405585193634032,91.8
835,4019,20.69884002,96.18,425,1710080,,,,,,,,,,,,
836,4023,21.41398005,95.12,425,1712128,3e-05,1.7843009151518345,0.34723377227783203,0.8920579552650452,8350,0.0017316727,-2.2841492891311646,0.033544921875,-0.008162436820566655,0.1,,
837,4028,22.192271209999998,93.84,425,1714176,3e-05,2.015536439418793,0.32109734416007996,0.8636046051979065,8360,0.0014748904,-2.3508811384439467,0.037890625,-0.008078477485105396,0.1,,
838,4032,22.28940334,92.91,425,1716224,3e-05,1.5115551702678203,0.19103264808654785,0.9180117845535278,8370,0.0015967756,-2.3090098798274994,0.025244140625,-0.006536445586243644,0.1,,
839,4037,22.860761509999996,91.91,425,1718272,3e-05,1.4861811082810163,0.22457706928253174,0.8936028480529785,8380,0.0017565873,-2.352572849392891,0.036767578125,-0.007765622984152287,0.1,,
,,,,,1720000,3e-05,1.7054787568747998,0.22129330039024353,0.9078553915023804,8390,0.0014309298,-2.292449301481247,0.035791015625,-0.0069920812442433086,0.1,22.002073669433592,94.8
840,4043,22.133424979999994,92.62,425,1720320,,,,,,,,,,,,
841,4047,22.07793646,93.22,425,1722368,3e-05,1.3144237302243709,0.24810533225536346,0.9240608811378479,8400,0.0015956985,-2.3496799141168596,0.0349609375,-0.00859331406536512,0.1,,
842,4052,22.388510570000005,93.89,425,1724416,3e-05,1.4820318788290023,0.24297818541526794,0.9224425554275513,8410,0.0016694585,-2.291634887456894,0.034912109375,-0.008823034592205658,0.1,,
843,4057,22.382844730000002,94.1,425,1726464,3e-05,1.402001792192459,0.26559555530548096,0.9401857256889343,8420,0.001712376,-2.2821068704128264,0.024609375,-0.007511239146697335,0.1,,
844,4062,22.634234650000003,94.07,425,1728512,3e-05,1.7424513209611177,0.19081681966781616,0.906905472278595,8430,0.0016098779,-2.277035263180733,0.027587890625,-0.007355686428491026,0.1,,
,,,,,1730000,3e-05,1.768235270678997,0.2955644428730011,0.888019859790802,8440,0.0014226136,-2.289262041449547,0.02294921875,-0.0070644457766320555,0.1,27.13961181640625,84.6
845,4068,23.312294969999996,93.05,425,1730560,,,,,,,,,,,,
846,4073,22.603427399999998,93.02,425,1732608,3e-05,1.397764776274562,0.29959428310394287,0.9320447444915771,8450,0.0020832883,-2.280562198162079,0.0462890625,-0.008054601319599897,0.1,,
847,4077,22.696135700000003,92.25,425,1734656,3e-05,1.3410253886133432,0.2181120216846466,0.9244548678398132,8460,0.001778604,-2.288125714659691,0.03701171875,-0.008819679345469922,0.1,,
848,4082,22.517490520000003,93.45,425,1736704,3e-05,1.0285988975316287,0.17502804100513458,0.9274647235870361,8470,0.0021371765,-2.3213923633098603,0.053076171875,-0.00877187648729887,0.1,,
849,4086,22.06398414,93.3,425,1738752,3e-05,1.0756876029074192,0.18132174015045166,0.8990524411201477,8480,0.0021154657,-2.312870255112648,0.03818359375,-0.007699092369875871,0.1,,
,,,,,1740000,3e-05,1.0837477549910546,0.1942301094532013,0.9139842987060547,8490,0.0018123949,-2.273828312754631,0.039794921875,-0.007568837756116409,0.1,17.63112006187439,93.4
850,4091,22.69774122,93.56,425,1740800,,,,,,,,,,,,
851,4096,22.91162765,94.62,425,1742848,3e-05,1.0389887940138578,0.12011590600013733,0.9195008873939514,8500,0.0019475614,-2.309836855530739,0.04287109375,-0.008668613954796456,0.1,,
852,4101,22.963646739999994,94.71,425,1744896,3e-05,1.0394724238663913,0.13227663934230804,0.9305732846260071,8510,0.0014607644,-2.2216893672943114,0.034375,-0.007717435891390778,0.1,,
853,4105,24.12156139,94.15,425,1746944,3e-05,1.589840092509985,0.2819507420063019,0.8830158114433289,8520,0.0013465249,-2.297393074631691,0.033935546875,-0.0072770913990098055,0.1,,
854,4110,23.71089993,94.07,425,1748992,3e-05,1.3335937935858966,0.21016515791416168,0.9303215146064758,8530,0.0015162711,-2.324011838436127,0.030322265625,-0.006978492555208504,0.1,,
,,,,,1750000,3e-05,1.3674096211791038,0.1801908016204834,0.8746044635772705,8540,0.0019839047,-2.319887340068817,0.04736328125,-0.009985235921340064,0.1,14.56784896850586,103.0
855,4115,22.917353500000004,94.42,425,1751040,,,,,,,,,,,,
856,4120,22.505019899999997,94.17,425,1753088,3e-05,1.6517059613019227,0.2414657473564148,0.9022067785263062,8550,0.0015958537,-2.359022906422615,0.023828125,-0.007362974484567531,0.1,,
857,4125,21.890019909999996,94.0,425,1755136,3e-05,1.041179182380438,0.14762407541275024,0.9195350408554077,8560,0.0015063626,-2.318682852387428,0.034521484375,-0.007755348208593205,0.1,,
858,4131,20.984374999999996,95.69,425,1757184,3e-05,1.9153553560376166,0.2168961465358734,0.8936318159103394,8570,0.0013638351,-2.3335540860891344,0.0166015625,-0.007160537192248739,0.1,,
859,4135,20.913466850000006,95.89,425,1759232,3e-05,1.4900537423789502,0.24453285336494446,0.8941483497619629,8580,0.00092063646,-2.373102715611458,0.01748046875,-0.006558823172235861,0.1,,
,,,,,1760000,3e-05,1.1554674204438924,0.2405676692724228,0.902617871761322,8590,0.0014520433,-2.3034536242485046,0.022900390625,-0.007666266371961683,0.1,20.272670841217042,94.0
860,4141,20.680994760000004,96.33,425,1761280,,,,,,,,,,,,
861,4146,20.290794639999998,96.23,425,1763328,3e-05,1.2633719488978385,0.20269893109798431,0.8956393003463745,8600,0.0016277041,-2.366003081202507,0.027197265625,-0.0077779069200914815,0.1,,
862,4151,20.36400185,97.01,425,1765376,3e-05,1.722398529201746,0.2699224352836609,0.8813209533691406,8610,0.00172435,-2.360746943950653,0.033349609375,-0.008422979101305827,0.1,,
863,4155,20.7075951,95.22,425,1767424,3e-05,1.7113534174859524,0.3596510887145996,0.9111975431442261,8620,0.0013248874,-2.3298114091157913,0.032373046875,-0.007714573595148977,0.1,,
864,4160,20.185958689999996,94.71,425,1769472,3e-05,1.6371438935399056,0.15212681889533997,0.9171939492225647,8630,0.0018359141,-2.300010645389557,0.024072265625,-0.007779841934097931,0.1,,
,,,,,1770000,3e-05,1.2411984954029323,0.21338769793510437,0.938973605632782,8640,0.0016914906,-2.3130829840898515,0.0357421875,-0.007931863435078412,0.1,25.27251615524292,94.2
865,4166,20.92643005,93.88,425,1771520,,,,,,,,,,,,
866,4170,21.605965050000005,92.76,425,1773568,3e-05,1.3028089422732592,0.15221543610095978,0.9096443057060242,8650,0.002291667,-2.3433841854333877,0.04365234375,-0.007386997150024399,0.1,,
867,4175,23.19632891,91.78,425,1775616,3e-05,1.598386049643159,0.16253915429115295,0.8823286890983582,8660,0.0018195261,-2.330769509077072,0.03583984375,-0.006264185333566275,0.1,,
868,4180,22.73649722,92.73,425,1777664,3e-05,1.0911169428378344,0.15649206936359406,0.9347012639045715,8670,0.0016597356,-2.268819060921669,0.034326171875,-0.007369859580649063,0.1,,
869,4184,22.988820239999995,91.96,425,1779712,3e-05,1.262096417322755,0.1580783724784851,0.9321725368499756,8680,0.0018289345,-2.3790871649980545,0.036669921875,-0.00872175362019334,0.1,,
,,,,,1780000,3e-05,1.0624462388455869,0.23151375353336334,0.9356598258018494,8690,0.0020995147,-2.3236853659152983,0.04248046875,-0.009005480766063556,0.1,27.571063613891603,90.8
870,4190,22.82202217,92.7,425,1781760,,,,,,,,,,,,
871,4194,22.7354349,91.86,425,1783808,3e-05,1.6670887067914009,0.2454981654882431,0.8962303996086121,8700,0.0018192346,-2.3143572986125944,0.027197265625,-0.007595631835283711,0.1,,
872,4199,22.645970059999996,92.86,425,1785856,3e-05,1.8701807230710983,0.2813341021537781,0.9132862687110901,8710,0.0016352528,-2.3277899414300918,0.0318359375,-0.0077321454125922175,0.1,,
873,4203,22.738388779999994,92.34,425,1787904,3e-05,1.7686144210398198,0.3655587136745453,0.9134618639945984,8720,0.001212929,-2.176836970448494,0.037890625,-0.007468644547043368,0.1,,
874,4208,23.166769449999997,92.12,425,1789952,3e-05,2.5845201186835767,0.46154874563217163,0.8454843759536743,8730,0.00127322,-2.241455855965614,0.03837890625,-0.006693070157780312,0.1,,
,,,,,1790000,3e-05,1.8832667924463748,0.297214537858963,0.900691568851471,8740,0.0012487553,-2.293914017081261,0.0208984375,-0.007323597872164101,0.1,26.043380355834962,90.8
875,4213,22.9708898,93.67,425,1792000,,,,,,,,,,,,
876,4218,23.50333922,93.81,425,1794048,3e-05,1.2163073163479567,0.1883266270160675,0.9337918758392334,8750,0.0015926482,-2.3031455755233763,0.02294921875,-0.007293521365500055,0.1,,
877,4222,23.41098076,93.39,425,1796096,3e-05,0.9881000250577927,0.09603114426136017,0.927828311920166,8760,0.0022831368,-2.2615543782711027,0.04052734375,-0.009696374513441696,0.1,,
878,4227,23.30614173,94.76,425,1798144,3e-05,1.2777058091014624,0.17411711812019348,0.907229483127594,8770,0.0019857907,-2.3098109751939773,0.047119140625,-0.008337132743326947,0.1,,
,,,,,1800000,3e-05,1.1699322856962682,0.2628635764122009,0.9280800819396973,8780,0.0018422968,-2.286401689052582,0.049365234375,-0.009327513532480226,0.1,26.580832290649415,94.0
879,4233,22.543107300000006,95.02,425,1800192,,,,,,,,,,,,
880,4238,21.885867380000004,95.48,425,1802240,3e-05,2.012632443755865,0.37719008326530457,0.863085150718689,8790,0.0014807639,-2.330413344502449,0.030615234375,-0.006564211461227387,0.1,,
881,4243,22.062296540000006,95.9,425,1804288,3e-05,1.326384000107646,0.21026375889778137,0.908554196357727,8800,0.0016562423,-2.356043556332588,0.03369140625,-0.008802140381885693,0.1,,
882,4247,22.415298080000003,95.93,425,1806336,3e-05,1.43297347612679,0.24510526657104492,0.9020224809646606,8810,0.0014375254,-2.3159458130598067,0.022998046875,-0.006842166319256648,0.1,,
883,4252,22.907109069999997,95.33,425,1808384,3e-05,1.2159474946558475,0.17773550748825073,0.9234386086463928,8820,0.0026530966,-2.2804240852594377,0.059912109375,-0.011199937973287888,0.1,,
,,,,,1810000,3e-05,1.4024788480252028,0.18621422350406647,0.917790412902832,8830,0.0015963829,-2.338847652077675,0.0349609375,-0.007506533112609759,0.1,19.29173583984375,89.4
884,4258,23.388035920000004,94.03,425,1810432,,,,,,,,,,,,
885,4262,22.920418040000005,93.61,425,1812480,3e-05,2.229332108795643,0.33408379554748535,0.8366401195526123,8840,0.0017057611,-2.365150344371796,0.042724609375,-0.007824258552864194,0.1,,
886,4267,22.05867578999999,93.55,425,1814528,3e-05,1.6639210637658834,0.2730732560157776,0.8688178062438965,8850,0.0019543548,-2.353657439351082,0.039599609375,-0.008377884051878937,0.1,,
887,4271,21.693339190000003,93.34,425,1816576,3e-05,1.2890905901789664,0.20484429597854614,0.9097722768783569,8860,0.0016079643,-2.3551409900188447,0.038037109375,-0.008442291378742084,0.1,,
888,4276,21.098613339999996,94.12,425,1818624,3e-05,1.9479325070977211,0.3172568082809448,0.8590302467346191,8870,0.0017517894,-2.349471089243889,0.0439453125,-0.008772053965367376,0.1,,
,,,,,1820000,3e-05,1.3760746456682682,0.23208069801330566,0.8848438858985901,8880,0.0020223125,-2.397116109728813,0.046435546875,-0.008893497903773095,0.1,23.600987434387207,89.8
889,4281,19.76059202,95.6,425,1820672,,,,,,,,,,,,
890,4287,20.13635901,96.49,425,1822720,3e-05,2.2816087171435355,0.3572007715702057,0.8343467116355896,8890,0.0015045275,-2.4016216725111006,0.045703125,-0.008829482429428026,0.1,,
891,4291,20.489952839999997,96.17,425,1824768,3e-05,1.3645056903362274,0.2635164260864258,0.9177915453910828,8900,0.001667072,-2.3888431072235106,0.048876953125,-0.008198208137764595,0.1,,
892,4296,20.99696976,95.63,425,1826816,3e-05,1.4972576640546322,0.24738219380378723,0.9221779704093933,8910,0.0017229314,-2.3497141748666763,0.0404296875,-0.008156515640439465,0.1,,
893,4301,21.890538159999995,94.52,425,1828864,3e-05,1.4534199692308902,0.2898928225040436,0.8969800472259521,8920,0.0022935711,-2.3448622167110442,0.045068359375,-0.009270223334897309,0.1,,
,,,,,1830000,3e-05,1.6818383283913136,0.23769626021385193,0.8751706480979919,8930,0.0018716608,-2.3346886307001116,0.048681640625,-0.00838500180398114,0.1,23.68976535797119,92.2
894,4307,22.32931281,94.67,425,1830912,,,,,,,,,,,,
895,4312,22.925243130000002,94.62,425,1832960,3e-05,1.9352528102695943,0.27998387813568115,0.8866497278213501,8940,0.0015583823,-2.324154922366142,0.038818359375,-0.007684285735012964,0.1,,
896,4317,22.49003285,95.67,424,1835008,3e-05,1.3651867553591728,0.26622045040130615,0.9211647510528564,8950,0.0018209951,-2.3438229471445085,0.03759765625,-0.007331509375944734,0.1,,
897,4322,22.784259540000004,95.94,424,1837056,3e-05,1.704685340076685,0.33813267946243286,0.8988977074623108,8960,0.0015369699,-2.3325638622045517,0.030517578125,-0.007818564039189369,0.1,,
898,4327,22.38751137,96.4,424,1839104,3e-05,1.3776350159198045,0.23044680058956146,0.9262056350708008,8970,0.0016345057,-2.348995292186737,0.03408203125,-0.008199833193793893,0.1,,
,,,,,1840000,3e-05,1.9483006775379181,0.2872861325740814,0.9059256315231323,8980,0.0014316377,-2.3029615223407744,0.057861328125,-0.007948026127996855,0.1,19.18102674484253,86.2
899,4333,23.10181942,94.94,424,1841152,,,,,,,,,,,,
900,4338,22.993960850000004,94.61,424,1843200,3e-05,1.8024819314479827,0.27429044246673584,0.9067730903625488,8990,0.0016110813,-2.3290970474481583,0.050537109375,-0.00878141277935356,0.1,,
901,4342,22.16671265,94.07,424,1845248,3e-05,1.5824927248060703,0.2805221378803253,0.8812079429626465,9000,0.0015123328,-2.3335080236196517,0.035498046875,-0.008103413609205745,0.1,,
902,4347,21.754582720000002,93.13,424,1847296,3e-05,2.2385488554835318,0.41639724373817444,0.8689767122268677,9010,0.0013277018,-2.317597222328186,0.031396484375,-0.006387133584939875,0.1,,
903,4352,21.890648319999997,93.56,424,1849344,3e-05,2.0519407860934735,0.35994330048561096,0.8289796113967896,9020,0.0012353612,-2.3264956802129744,0.02626953125,-0.006811503457720391,0.1,,
,,,,,1850000,3e-05,2.131561078131199,0.4367857873439789,0.8837085962295532,9030,0.0017194146,-2.3062785059213637,0.038330078125,-0.009399747918359935,0.1,14.258897471427918,100.0
904,4357,21.850546249999997,94.35,424,1851392,,,,,,,,,,,,
905,4362,21.407936810000006,93.91,424,1853440,3e-05,1.6686345532536506,0.3063949942588806,0.8760510087013245,9040,0.0015010429,-2.3558766663074495,0.026513671875,-0.006863136545871384,0.1,,
906,4366,21.7351489,93.87,424,1855488,3e-05,2.314022433757782,0.31742531061172485,0.8735867738723755,9050,0.0010252028,-2.3139416694641115,0.030419921875,-0.007573053368832916,0.1,,
907,4371,22.388858929999998,94.19,424,1857536,3e-05,1.5923877105116844,0.253257155418396,0.8874051570892334,9060,0.0013764169,-2.392591232061386,0.033203125,-0.008426319158752449,0.1,,
908,4376,23.152025580000004,93.37,424,1859584,3e-05,1.254319941624999,0.23959313333034515,0.9221045970916748,9070,0.0019238724,-2.334492543339729,0.054248046875,-0.009979336167452857,0.1,,
,,,,,1860000,3e-05,0.9263625014573336,0.10307952761650085,0.942557156085968,9080,0.0021760473,-2.3077322959899904,0.0578125,-0.00948407732648775,0.1,24.510789489746095,89.4
909,4382,23.230380680000003,93.61,424,1861632,,,,,,,,,,,,
910,4386,23.01425421,94.52,424,1863680,3e-05,1.6653869308531284,0.3401586413383484,0.8789187073707581,9090,0.0016046569,-2.3420458763837813,0.052294921875,-0.006967389211058617,0.1,,
911,4391,22.873007749999996,94.95,424,1865728,3e-05,1.7637950956821442,0.29663607478141785,0.8911745548248291,9100,0.0013219726,-2.348908671736717,0.04013671875,-0.008367915681446902,0.1,,
912,4395,22.205800059999998,94.48,424,1867776,3e-05,1.6460916124284268,0.26255282759666443,0.9101897478103638,9110,0.0014514395,-2.2760322779417037,0.033154296875,-0.00811455211660359,0.1,,
913,4400,22.405163770000005,93.17,424,1869824,3e-05,1.341930400952697,0.19059613347053528,0.9080730080604553,9120,0.0018182371,-2.3261345744132997,0.036572265625,-0.008714741756557487,0.1,,
,,,,,1870000,3e-05,1.8811282336711883,0.32578182220458984,0.881987988948822,9130,0.0012652252,-2.31546288728714,0.03017578125,-0.006780049510416575,0.1,20.40920181274414,95.6
914,4405,21.491683839999997,95.07,424,1871872,,,,,,,,,,,,
915,4410,21.662351979999993,95.03,424,1873920,3e-05,2.8932052709162237,0.42272067070007324,0.846748948097229,9140,0.0015205495,-2.3478536725044252,0.03505859375,-0.008116299964603968,0.1,,
916,4414,22.28752155,94.16,424,1875968,3e-05,1.3806419227272273,0.2360689342021942,0.8910284042358398,9150,0.002578456,-2.3196447849273683,0.0568359375,-0.010945258699939587,0.1,,
917,4419,21.59695547,94.88,424,1878016,3e-05,1.2016249064356088,0.1578770875930786,0.9151238799095154,9160,0.002358396,-2.3081774562597275,0.056103515625,-0.009216731882770546,0.1,,
,,,,,1880000,3e-05,1.2918459266424178,0.15288695693016052,0.8852847814559937,9170,0.0017813593,-2.386370262503624,0.037255859375,-0.00866877288208343,0.1,22.5878116607666,95.6
918,4424,22.4982341,92.73,424,1880064,,,,,,,,,,,,
919,4429,22.987516959999997,92.58,424,1882112,3e-05,1.3771801255643368,0.18735182285308838,0.9075810313224792,9180,0.0018176404,-2.3420779168605805,0.042431640625,-0.009742815149365924,0.1,,
920,4433,22.3382321,93.56,424,1884160,3e-05,1.3987463399767877,0.23327717185020447,0.9134535789489746,9190,0.0015878151,-2.3109043896198274,0.036083984375,-0.008583794423611835,0.1,,
921,4438,21.472241370000006,93.25,424,1886208,3e-05,1.1844711773097516,0.17763732373714447,0.9130399823188782,9200,0.0020105476,-2.3734741687774656,0.04658203125,-0.009394279945991003,0.1,,
922,4443,21.68419295,93.67,424,1888256,3e-05,1.769007419422269,0.29086291790008545,0.8876101970672607,9210,0.0018148359,-2.37201951444149,0.03759765625,-0.008560405968455597,0.1,,
,,,,,1890000,3e-05,1.3077813968062402,0.1819746196269989,0.8979316353797913,9220,0.0016860852,-2.3636824637651443,0.02861328125,-0.008620972040807829,0.1,26.63099298477173,89.0
923,4448,21.27360034,94.55,424,1890304,,,,,,,,,,,,
924,4452,20.419155019999998,95.29,424,1892352,3e-05,2.92377073019743,0.4263780415058136,0.8538992404937744,9230,0.0013302696,-2.306533548235893,0.02392578125,-0.0069925177260302005,0.1,,
925,4457,21.25180137,94.85,424,1894400,3e-05,1.4288235194981098,0.15264111757278442,0.9083133935928345,9240,0.0016375218,-2.375269851088524,0.03447265625,-0.00833314516057726,0.1,,
926,4462,21.13749163,94.9,425,1896448,3e-05,2.24341733828187,0.3374958634376526,0.8980085849761963,9250,0.0013799777,-2.3194420248270036,0.031884765625,-0.007971166272182018,0.1,,
927,4466,21.797796160000004,94.18,425,1898496,3e-05,2.0577805496752264,0.3620651662349701,0.9016581773757935,9260,0.001266343,-2.273255631327629,0.0359375,-0.00827094069099985,0.1,,
,,,,,1900000,3e-05,1.382869067415595,0.30759021639823914,0.9111398458480835,9270,0.0017599345,-2.329463055729866,0.038232421875,-0.008960153107182123,0.1,25.049463844299318,91.4
928,4472,22.971866209999998,93.34,424,1900544,,,,,,,,,,,,
929,4476,22.609671269999993,94.37,424,1902592,3e-05,1.5773724786937238,0.23152880370616913,0.9346190690994263,9280,0.0018289596,-2.3470731407403944,0.03603515625,-0.008674778923159465,0.1,,
930,4481,22.500609060000006,94.12,425,1904640,3e-05,1.3200914431363344,0.20261187851428986,0.9247885346412659,9290,0.0023406511,-2.36234969496727,0.053955078125,-0.010105100003420376,0.1,,
931,4485,22.347264689999996,94.68,425,1906688,3e-05,1.677362048625946,0.30179527401924133,0.8907697796821594,9300,0.0019930555,-2.3555289834737776,0.031591796875,-0.00752972075715661,0.1,,
932,4490,21.8886375,94.99,425,1908736,3e-05,1.4140684731304645,0.2309539020061493,0.9269393086433411,9310,0.0014736396,-2.3208836197853087,0.057861328125,-0.008585557084006722,0.1,,
,,,,,1910000,3e-05,1.797375562041998,0.30088427662849426,0.8902820944786072,9320,0.0018715268,-2.3371021926403044,0.037451171875,-0.008801834605401382,0.1,34.17665176391601,90.2
933,4495,22.41280945,94.08,425,1910784,,,,,,,,,,,,
934,4500,22.43322062,94.11,425,1912832,3e-05,1.8077089063823224,0.268303245306015,0.9112604260444641,9330,0.00245117,-2.260930973291397,0.05166015625,-0.010000325533474097,0.1,,
935,4505,22.51385667,94.27,425,1914880,3e-05,1.3642407462000847,0.2919429838657379,0.9218587279319763,9340,0.0019323647,-2.315497949719429,0.055419921875,-0.009262994502205402,0.1,,
936,4509,22.433067299999998,93.76,425,1916928,3e-05,1.2369449436664581,0.13028395175933838,0.9145318865776062,9350,0.0023312485,-2.340228059887886,0.054736328125,-0.010389673104509712,0.1,,
937,4514,22.076046200000004,94.54,425,1918976,3e-05,1.4371452547609807,0.2135654240846634,0.8842030763626099,9360,0.0022501857,-2.2921296089887617,0.0498046875,-0.008042624877998606,0.1,,
,,,,,1920000,3e-05,1.4758885476738215,0.2727482318878174,0.8961778879165649,9370,0.0013704026,-2.2965945273637773,0.034423828125,-0.00845548530051019,0.1,16.460728073120116,94.2
938,4519,22.184807560000003,94.27,425,1921024,,,,,,,,,,,,
939,4524,22.344626999999996,93.51,425,1923072,3e-05,1.3761842716485262,0.19311882555484772,0.8842849135398865,9380,0.0020618602,-2.3100287467241287,0.044140625,-0.00805821642279625,0.1,,
940,4528,22.214177269999997,93.94,425,1925120,3e-05,1.7641815803945065,0.3635430932044983,0.85575270652771,9390,0.0019091705,-2.289656791090965,0.0498046875,-0.008997597720008344,0.1,,
941,4533,22.80646458,94.24,425,1927168,3e-05,1.180004820600152,0.18117399513721466,0.9181387424468994,9400,0.0021188897,-2.2979393690824508,0.049462890625,-0.008743674040306359,0.1,,
942,4537,22.723965259999996,95.18,425,1929216,3e-05,1.538982843607664,0.23534362018108368,0.8933323621749878,9410,0.0019191751,-2.24941143989563,0.060791015625,-0.009369363627047277,0.1,,
,,,,,1930000,3e-05,1.3313985250890255,0.17768855392932892,0.8896443247795105,9420,0.0019280687,-2.273534283041954,0.028564453125,-0.008221087581478059,0.1,22.70351963043213,84.4
943,4543,22.37082696,95.33,425,1931264,,,,,,,,,,,,
944,4548,22.394116799999995,94.95,425,1933312,3e-05,3.278099735081196,0.7428045272827148,0.8324602842330933,9430,0.0013376251,-2.2919900894165037,0.03349609375,-0.007200442207977176,0.1,,
945,4553,22.190112780000007,93.76,425,1935360,3e-05,1.7450289316475391,0.17987874150276184,0.8844824433326721,9440,0.0016622534,-2.3279724419116974,0.03173828125,-0.008843336664722302,0.1,,
946,4557,21.643006919999998,93.24,425,1937408,3e-05,1.5408331256359815,0.24480797350406647,0.917488157749176,9450,0.002139005,-2.2778080880641935,0.050341796875,-0.009496001375373453,0.1,,
947,4562,22.785027579999998,91.4,425,1939456,3e-05,1.2858192954212426,0.1570878028869629,0.8995568752288818,9460,0.0024000816,-2.265155333280563,0.04150390625,-0.008561358443694189,0.1,,
,,,,,1940000,3e-05,1.2167375985533,0.12544222176074982,0.9245722889900208,9470,0.0024619836,-2.2581803053617477,0.05166015625,-0.009990390998427755,0.1,29.441052436828613,92.2
948,4567,23.393656580000002,91.94,425,1941504,,,,,,,,,,,,
949,4572,23.107547249999996,91.39,425,1943552,3e-05,1.7135550148785115,0.3275998830795288,0.8919767141342163,9480,0.0016182562,-2.3071305066347123,0.032861328125,-0.007684289524331689,0.1,,
950,4576,23.651200590000002,91.34,425,1945600,3e-05,2.5762973867356775,0.2889951169490814,0.8396672010421753,9490,0.0015035416,-2.2805034697055815,0.0349609375,-0.007946647674543783,0.1,,
951,4581,23.59047277,91.48,425,1947648,3e-05,1.6418001987040043,0.26677021384239197,0.9005796909332275,9500,0.0017568934,-2.248776173591614,0.066259765625,-0.009972154622664675,0.1,,
952,4586,24.02326438,91.16,425,1949696,3e-05,1.5519897144287824,0.2349550873041153,0.9098314642906189,9510,0.0021588583,-2.264102780818939,0.046044921875,-0.009345683711580932,0.1,,
,,,,,1950000,3e-05,1.1442193284630775,0.1432504653930664,0.9116881489753723,9520,0.002307254,-2.263137918710709,0.042333984375,-0.007891322785872035,0.1,25.346849060058595,88.4
953,4591,23.483593120000002,92.07,425,1951744,,,,,,,,,,,,
954,4596,24.446066480000002,92.35,425,1953792,3e-05,1.1993937008082867,0.11692029237747192,0.9162858724594116,9530,0.0022232775,-2.2639264166355133,0.05712890625,-0.009817459160694852,0.1,,
955,4600,23.939220789999993,93.63,425,1955840,3e-05,1.7508504420518876,0.22612762451171875,0.8741940855979919,9540,0.0016989944,-2.2529102832078935,0.04033203125,-0.008533431320392993,0.1,,
956,4605,23.898045469999996,93.91,425,1957888,3e-05,2.1230904296040536,0.26791641116142273,0.8925710916519165,9550,0.0014335155,-2.2439741998910905,0.037548828125,-0.00854481606511399,0.1,,
957,4609,24.224369380000002,92.63,425,1959936,3e-05,1.2339891403913499,0.2060931921005249,0.938420295715332,9560,0.0015189667,-2.2101351082324983,0.0390625,-0.00850095132482238,0.1,,
,,,,,1960000,3e-05,2.0395932145416737,0.35587549209594727,0.883885383605957,9570,0.001604544,-2.261282828450203,0.029736328125,-0.006687181754386984,0.1,19.395366287231447,90.6
958,4615,25.236792289999997,91.84,425,1961984,,,,,,,,,,,,
959,4620,24.316896450000005,92.35,425,1964032,3e-05,0.8664801858365536,0.10613920539617538,0.9386230707168579,9580,0.0027310126,-2.2511586010456086,0.067919921875,-0.010587520932313054,0.1,,
960,4624,24.170265829999998,91.42,425,1966080,3e-05,1.6346316035836934,0.22584080696105957,0.8780196905136108,9590,0.0017652435,-2.282530188560486,0.0572265625,-0.008303122414508835,0.1,,
961,4629,24.109647569999996,91.21,425,1968128,3e-05,1.16625448577106,0.19874703884124756,0.8949537873268127,9600,0.0023309602,-2.259841650724411,0.062158203125,-0.010481463099131361,0.1,,
,,,,,1970000,3e-05,0.9389101155102253,0.1393357813358307,0.9327484369277954,9610,0.0020918194,-2.2111568063497544,0.056201171875,-0.00991389889968559,0.1,24.36184368133545,92.6
962,4634,23.88059078,92.94,425,1970176,,,,,,,,,,,,
963,4639,24.083859970000002,92.48,425,1972224,3e-05,1.1850759722292423,0.1496313214302063,0.9308145046234131,9620,0.0019434863,-2.2485188215970995,0.049560546875,-0.00946621512703132,0.1,,
964,4644,24.58713503,92.62,425,1974272,3e-05,1.3164518367499114,0.205832839012146,0.9239649772644043,9630,0.0016184847,-2.2253347456455232,0.0345703125,-0.008164056153327692,0.1,,
965,4649,24.670464129999996,93.13,425,1976320,3e-05,1.0983340073376895,0.11735936254262924,0.9153176546096802,9640,0.0018160016,-2.2345121800899506,0.052490234375,-0.00851568200159818,0.1,,
966,4654,23.63461385,93.82,425,1978368,3e-05,1.122314254567027,0.1320849061012268,0.921039879322052,9650,0.002318514,-2.2492822408676147,0.0544921875,-0.010540865495568142,0.1,,
,,,,,1980000,3e-05,1.8009737469255924,0.29763397574424744,0.8617390990257263,9660,0.0014812724,-2.284046822786331,0.0326171875,-0.007505658379523083,0.1,19.260221672058105,93.8
967,4659,23.101215789999998,94.62,424,1980416,,,,,,,,,,,,
968,4664,23.85198966,94.06,425,1982464,3e-05,1.6903890736401082,0.2664845287799835,0.8851054906845093,9670,0.0022559052,-2.2414895623922346,0.04833984375,-0.008851348410826177,0.1,,
969,4669,24.03361618,93.91,425,1984512,3e-05,1.5211289331316948,0.3130491375923157,0.9223566055297852,9680,0.0017119432,-2.213608095049858,0.043896484375,-0.00744153416599147,0.1,,
970,4673,24.17013689,94.32,425,1986560,3e-05,1.398890109360218,0.22593998908996582,0.9223759174346924,9690,0.0021916353,-2.2475733011960983,0.048193359375,-0.00900662058556918,0.1,,
971,4678,24.70807671,93.32,425,1988608,3e-05,1.1789728958159684,0.2070351243019104,0.9342151284217834,9700,0.0021972165,-2.2885737866163254,0.04921875,-0.008900808281032369,0.1,,
,,,,,1990000,3e-05,1.4126053880900145,0.2527853548526764,0.8982171416282654,9710,0.0020903307,-2.257221207022667,0.0408203125,-0.008603136136662215,0.1,20.27665157318115,95.4
972,4683,23.5353289,94.29,425,1990656,,,,,,,,,,,,
973,4688,22.787512130000003,94.38,425,1992704,3e-05,1.4462416253983974,0.16724729537963867,0.8168998956680298,9720,0.0017687783,-2.318596524000168,0.04072265625,-0.008169697248376906,0.1,,
974,4692,22.173271550000003,93.91,425,1994752,3e-05,1.2075781803578138,0.2334611862897873,0.91193026304245,9730,0.0017753904,-2.289192235469818,0.039794921875,-0.008871664298931136,0.1,,
975,4697,23.087920849999996,92.46,425,1996800,3e-05,1.4407352272421121,0.24514062702655792,0.8689504861831665,9740,0.0017918695,-2.2918761640787126,0.032666015625,-0.007968905725283549,0.1,,
976,4701,23.77850961,91.85,425,1998848,3e-05,1.4665843222290278,0.18182693421840668,0.919799268245697,9750,0.002318854,-2.3191978573799132,0.044873046875,-0.008423369149386416,0.1,,
,,,,,2000000,3e-05,1.5262733433395623,0.3123115301132202,0.9199526906013489,9760,0.0015963365,-2.2669111251831056,0.033642578125,-0.0077573299233336,0.1,25.678586959838867,92.6
977,4707,25.29425031,90.99,425,2000896,,,,,,,,,,,,
978,4711,24.8060301,92.03,425,2002944,3e-05,2.0144895926117896,0.21792227029800415,0.9077300429344177,9770,0.0013910796,-2.2542873948812483,0.02666015625,-0.007147751771844924,0.1,,
979,4716,24.281389479999998,93.1,425,2004992,3e-05,1.099164902418852,0.1396981179714203,0.9294227957725525,9780,0.0021095714,-2.289510026574135,0.04189453125,-0.008731410093605518,0.1,,
980,4721,24.55660652,93.37,425,2007040,3e-05,1.3055903676897287,0.20635347068309784,0.9258854389190674,9790,0.0020900806,-2.29981005191803,0.044384765625,-0.0089966708997963,0.1,,
981,4725,24.60825051,93.64,425,2009088,3e-05,1.5028814375400543,0.21936893463134766,0.9210414290428162,9800,0.0017319784,-2.2584492057561874,0.040283203125,-0.007827995164552704,0.1,,
,,,,,2010000,3e-05,1.2356734346598386,0.1359749734401703,0.9341955780982971,9810,0.0020817234,-2.231353130936623,0.0458984375,-0.01038303913665004,0.1,23.7958833694458,97.8
982,4731,23.250339209999996,94.53,425,2011136,,,,,,,,,,,,
983,4735,24.252955449999998,92.97,425,2013184,3e-05,1.4102477200329304,0.22991764545440674,0.9010214805603027,9820,0.0016739083,-2.288902348279953,0.03623046875,-0.008756217523477971,0.1,,
984,4740,24.033455250000003,93.06,425,2015232,3e-05,1.1218148719519376,0.182644784450531,0.9208228588104248,9830,0.0021261727,-2.2621577799320223,0.041748046875,-0.00942871615407057,0.1,,
985,4744,23.49544809,93.28,425,2017280,3e-05,2.0291867915540935,0.2507763206958771,0.9041497707366943,9840,0.002076686,-2.323052877187729,0.033984375,-0.007850140304071829,0.1,,
986,4749,22.6460811,93.23,425,2019328,3e-05,1.6228735722601413,0.2482152134180069,0.9129244089126587,9850,0.0019290554,-2.260741737484932,0.056591796875,-0.008795533629017882,0.1,,
,,,,,2020000,3e-05,1.5214376792311668,0.31289994716644287,0.8974729776382446,9860,0.001822136,-2.3077141493558884,0.046044921875,-0.00867790397896897,0.1,23.329821968078612,91.2
987,4754,23.86647855,92.07,425,2021376,,,,,,,,,,,,
988,4759,23.547540100000003,91.95,425,2023424,3e-05,1.4363647364079952,0.3026830554008484,0.9215527176856995,9870,0.0020452982,-2.2954219728708267,0.04931640625,-0.00926746943150647,0.1,,
989,4763,24.378792949999998,91.67,425,2025472,3e-05,1.4320048704743384,0.22472861409187317,0.911202609539032,9880,0.0023698525,-2.2663484901189803,0.053857421875,-0.010035369347315281,0.1,,
990,4768,25.0988202,91.9,425,2027520,3e-05,0.988984776288271,0.15773487091064453,0.927584707736969,9890,0.0024230175,-2.2963555246591567,0.07822265625,-0.01116476307506673,0.1,,
991,4772,24.957746610000004,91.28,425,2029568,3e-05,1.5101465824991465,0.1783922016620636,0.9081130623817444,9900,0.0025464743,-2.251203125715256,0.051416015625,-0.010847604175796732,0.1,,
,,,,,2030000,3e-05,1.6192748315632344,0.2732626795768738,0.8917011618614197,9910,0.0025763495,-2.2577039659023286,0.05234375,-0.01018533571914304,0.1,25.71052131652832,83.0
992,4777,24.880997309999998,92.87,425,2031616,,,,,,,,,,,,
993,4782,25.02213518,93.14,425,2033664,3e-05,1.413643067702651,0.20377738773822784,0.928059995174408,9920,0.001505193,-2.2758250534534454,0.050732421875,-0.007231001212494448,0.1,,
994,4786,25.043969790000002,93.62,425,2035712,3e-05,1.484386856108904,0.19031713902950287,0.910926342010498,9930,0.00152793,-2.2811334103345873,0.035693359375,-0.008918206850648858,0.1,,
995,4791,24.568019150000005,94.55,425,2037760,3e-05,0.8114375535398721,0.1361331045627594,0.9323424100875854,9940,0.0022241538,-2.3329667419195177,0.06083984375,-0.010590211348608136,0.1,,
996,4795,23.952994259999997,93.31,425,2039808,3e-05,1.270956713706255,0.1446434110403061,0.9206918478012085,9950,0.0022168811,-2.307986879348755,0.0595703125,-0.010058795622899196,0.1,,
,,,,,2040000,3e-05,0.9483344972133636,0.11927585303783417,0.9199188351631165,9960,0.002959378,-2.3022691518068314,0.075927734375,-0.010222478184732608,0.1,30.982678985595705,78.0
997,4801,23.787700049999994,93.63,425,2041856,,,,,,,,,,,,
998,4806,23.470270469999996,93.67,425,2043904,3e-05,0.865453501790762,0.12429502606391907,0.9358407855033875,9970,0.0024327133,-2.3269780546426775,0.062548828125,-0.010249154845951125,0.1,,
999,4811,23.94988033,93.59,425,2045952,3e-05,0.9623062212020159,0.1799003779888153,0.9382767081260681,9980,0.0031651903,-2.2541662007570267,0.067138671875,-0.010159789602039383,0.1,,
1000,4815,23.79643087,93.92,425,2048000,3e-05,1.4102430537343025,0.2959752678871155,0.9238554835319519,9990,0.0015804324,-2.2720665335655212,0.04013671875,-0.008802453806856647,0.1,,
,,,,,2050000,3e-05,1.284527763724327,0.22669315338134766,0.925215482711792,10000,0.0019014074,-2.2782904714345933,0.050048828125,-0.008783274062443525,0.1,27.024587631225586,86.8
1001,4821,24.586928390000004,93.5,425,2050048,,,,,,,,,,,,
1002,4826,24.388788400000003,94.15,425,2052096,3e-05,1.5485010724514723,0.24967916309833527,0.9089486002922058,10010,0.0015214917,-2.2690948367118837,0.0412109375,-0.008326172886881977,0.1,,
1003,4831,24.40763673,94.4,425,2054144,3e-05,1.1806737001985312,0.20275583863258362,0.9215932488441467,10020,0.002382873,-2.237764397263527,0.045263671875,-0.009698096293141134,0.1,,
1004,4836,25.38688173,92.89,425,2056192,3e-05,1.4457412026822567,0.24666395783424377,0.9279618859291077,10030,0.0022190139,-2.2417016506195067,0.062060546875,-0.010291697038337589,0.1,,
1005,4841,24.841215419999994,93.29,425,2058240,3e-05,1.4556945960968732,0.20100808143615723,0.9095845222473145,10040,0.0024220613,-2.216661810874939,0.06552734375,-0.010964920715196058,0.1,,
,,,,,2060000,3e-05,1.6654952101409435,0.23824961483478546,0.8822281956672668,10050,0.0014545459,-2.233458009362221,0.035400390625,-0.008664799790130929,0.1,26.310684585571288,96.2
1006,4846,24.058467850000003,93.64,425,2060288,,,,,,,,,,,,
1007,4851,23.71366374,93.62,425,2062336,3e-05,1.4645769231021404,0.3614264130592346,0.9120777249336243,10060,0.0017630702,-2.276004192233086,0.053173828125,-0.009760177152929827,0.1,,
1008,4855,23.79186789,94.22,425,2064384,3e-05,2.031803973019123,0.36067357659339905,0.8911173939704895,10070,0.0012490072,-2.241998094320297,0.031103515625,-0.007045181203284301,0.1,,
1009,4860,22.94768827,94.48,425,2066432,3e-05,1.2897289000451564,0.18937471508979797,0.9413807392120361,10080,0.001995243,-2.2336410373449325,0.046044921875,-0.009243979438906536,0.1,,
1010,4865,23.014337209999997,93.44,425,2068480,3e-05,3.5678511813282965,0.35213205218315125,0.8340791463851929,10090,0.0010827617,-2.2476682484149935,0.020166015625,-0.0063883927621645855,0.1,,
,,,,,2070000,3e-05,1.864156960695982,0.26461318135261536,0.9192780256271362,10100,0.0011836984,-2.248492157459259,0.0234375,-0.006975220271851867,0.1,22.914923477172852,97.2
1011,4870,23.88587188,93.44,425,2070528,,,,,,,,,,,,
1012,4875,23.36707737,93.22,425,2072576,3e-05,1.487083013728261,0.22602558135986328,0.9171707630157471,10110,0.002147348,-2.31581327021122,0.03681640625,-0.007254784670658409,0.1,,
1013,4879,22.91208988,93.42,425,2074624,3e-05,1.9538341790437699,0.31029245257377625,0.866302490234375,10120,0.0018766604,-2.2156159728765488,0.036083984375,-0.007686367246787995,0.1,,
1014,4884,22.918014230000004,94.35,425,2076672,3e-05,1.4420253314077853,0.2799818515777588,0.912609338760376,10130,0.0016175336,-2.2424913972616194,0.0375,-0.00710009730537422,0.1,,
1015,4888,22.245511280000002,94.69,425,2078720,3e-05,1.2411458875983954,0.17687588930130005,0.9132907390594482,10140,0.0018957201,-2.242265847325325,0.050732421875,-0.009690953281824477,0.1,,
,,,,,2080000,3e-05,1.7414286024868488,0.24883019924163818,0.8963104486465454,10150,0.0014357376,-2.2725013464689257,0.0478515625,-0.006934448456740938,0.1,16.479882335662843,93.8
1016,4894,21.669541789999997,95.37,425,2080768,,,,,,,,,,,,
1017,4898,21.684150750000004,95.96,425,2082816,3e-05,1.8589993357658385,0.40575850009918213,0.8978366851806641,10160,0.0022379984,-2.2657876014709473,0.045556640625,-0.009416229228372685,0.1,,
1018,4903,22.074223959999998,96.37,425,2084864,3e-05,1.7042044974863528,0.2865200638771057,0.9027393460273743,10170,0.0023558573,-2.2564073324203493,0.049853515625,-0.009228587985853664,0.1,,
1019,4907,22.46603484,95.81,425,2086912,3e-05,1.6070137809962035,0.2274198681116104,0.884128749370575,10180,0.0019339691,-2.273463213443756,0.051318359375,-0.008667492121458054,0.1,,
1020,4912,22.73019721,94.17,425,2088960,3e-05,1.3459083303809165,0.22564144432544708,0.9018917083740234,10190,0.0023509962,-2.215377351641655,0.06083984375,-0.010357327165547759,0.1,,
,,,,,2090000,3e-05,1.4186317425221204,0.19731177389621735,0.8922513127326965,10200,0.0019454233,-2.200258034467697,0.05419921875,-0.008769842982292175,0.1,27.437548828125,89.2
1021,4917,22.138195509999996,93.7,425,2091008,,,,,,,,,,,,
1022,4922,22.590685900000004,93.21,425,2093056,3e-05,1.7646623238921166,0.290727823972702,0.8632814884185791,10210,0.0016644004,-2.2301668345928194,0.033056640625,-0.00823070463957265,0.1,,
1023,4927,22.279402499999996,93.78,425,2095104,3e-05,1.1214834533631801,0.16374775767326355,0.9440362453460693,10220,0.002646319,-2.239880767464638,0.053759765625,-0.009624356252606958,0.1,,
1024,4932,22.450030690000002,94.41,425,2097152,3e-05,1.52793273255229,0.15132802724838257,0.9248802065849304,10230,0.0015634652,-2.2225321352481844,0.04853515625,-0.009324776066932827,0.1,,
1025,4937,22.939172880000005,95.58,425,2099200,3e-05,1.1815882403403521,0.17494714260101318,0.9261167049407959,10240,0.002447607,-2.2179342061281204,0.053955078125,-0.011949237206135877,0.1,,
,,,,,2100000,3e-05,0.980046647414565,0.11096183955669403,0.9282069802284241,10250,0.002243532,-2.1709671139717104,0.055322265625,-0.010406271828105673,0.1,28.159608459472658,92.0
1026,4942,22.988892300000003,96.61,425,2101248,,,,,,,,,,,,
1027,4947,23.625628820000003,95.83,425,2103296,3e-05,3.0378469944000246,0.4577714502811432,0.8549247980117798,10260,0.0018859243,-2.199558562040329,0.065283203125,-0.00880168067815248,0.1,,
1028,4952,23.912297230000004,95.62,425,2105344,3e-05,1.0725279819220304,0.18446551263332367,0.9238661527633667,10270,0.0028865892,-2.2155466109514235,0.06005859375,-0.009238202960113994,0.1,,
1029,4957,24.379937570000003,95.48,425,2107392,3e-05,1.057217801734805,0.1581888496875763,0.9341956377029419,10280,0.0023121303,-2.2591744750738143,0.0654296875,-0.010545549597009086,0.1,,
1030,4961,23.514718810000005,95.7,425,2109440,3e-05,1.4398736376315355,0.15519925951957703,0.9195389151573181,10290,0.0023673347,-2.230598437786102,0.0623046875,-0.009257113881176338,0.1,,
,,,,,2110000,3e-05,1.1988890465348958,0.16932542622089386,0.9268297553062439,10300,0.0028907824,-2.2755200058221816,0.07197265625,-0.009589080238947644,0.1,20.09786262512207,97.2
1031,4967,24.13131172,95.23,425,2111488,,,,,,,,,,,,
1032,4971,24.558435320000008,94.26,425,2113536,3e-05,1.4855612479150295,0.2166428416967392,0.9314619302749634,10310,0.0016261743,-2.213131994009018,0.033544921875,-0.007248017186066135,0.1,,
1033,4976,24.216345110000006,92.86,425,2115584,3e-05,1.4110701207071543,0.1631128191947937,0.9282230138778687,10320,0.002934885,-2.218696916103363,0.07822265625,-0.011163043338456191,0.1,,
1034,4980,24.63704391,92.38,425,2117632,3e-05,1.3819994140416383,0.20772784948349,0.9076091647148132,10330,0.0020782822,-2.2565044909715652,0.0728515625,-0.010154605749994517,0.1,,
1035,4985,24.466127189999998,90.98,425,2119680,3e-05,1.0055350136011838,0.11782859265804291,0.9384526610374451,10340,0.0029047667,-2.2339436382055284,0.066162109375,-0.011548855973524041,0.1,,
,,,,,2120000,3e-05,1.374653796106577,0.23868173360824585,0.9110476970672607,10350,0.0024062889,-2.20079020857811,0.06650390625,-0.010234049643622711,0.1,22.580224800109864,94.2
1036,4990,23.977184679999997,91.99,425,2121728,,,,,,,,,,,,
1037,4995,24.155207519999998,92.35,425,2123776,3e-05,1.8477114617824555,0.21916449069976807,0.9175453782081604,10360,0.002473975,-2.2201277762651443,0.054248046875,-0.009271805663593114,0.1,,
1038,4999,24.905103490000005,92.23,425,2125824,3e-05,2.05717586055398,0.4221382737159729,0.9009589552879333,10370,0.0018489695,-2.195658180117607,0.046240234375,-0.008461704634828492,0.1,,
1039,5004,24.03937117,94.45,425,2127872,3e-05,1.0502834629267455,0.1356462836265564,0.9608760476112366,10380,0.0017869086,-2.2020006448030474,0.050830078125,-0.00934573685808573,0.1,,
1040,5009,24.479175650000002,93.64,425,2129920,3e-05,1.2497585315257311,0.20498016476631165,0.9277803301811218,10390,0.0017301537,-2.238272115588188,0.052099609375,-0.008865403608069755,0.1,,
,,,,,2130000,3e-05,1.4512651666998864,0.2643206715583801,0.9363572001457214,10400,0.0020937026,-2.1627500861883164,0.055908203125,-0.010407044523162767,0.1,27.248589706420898,92.6
1041,5014,24.36452512,94.1,425,2131968,,,,,,,,,,,,
1042,5019,24.712067960000002,94.15,425,2134016,3e-05,1.4325635839253663,0.22147056460380554,0.9075078964233398,10410,0.002612276,-2.2238909006118774,0.06044921875,-0.011407461919588968,0.1,,
1043,5023,24.15105137,94.02,425,2136064,3e-05,1.2602682426571845,0.16427838802337646,0.9247519373893738,10420,0.0021276912,-2.187954220175743,0.046923828125,-0.009044344315771013,0.1,,
1044,5028,25.335441959999994,92.74,425,2138112,3e-05,1.4286324046552181,0.18454968929290771,0.9272441267967224,10430,0.0026550344,-2.254019856452942,0.065673828125,-0.010281060502165928,0.1,,
,,,,,2140000,3e-05,1.2232532832771539,0.16765013337135315,0.9523583054542542,10440,0.0025584092,-2.189565324783325,0.0611328125,-0.00977045121253468,0.1,22.036369132995606,97.0
1045,5033,25.745535809999996,94.3,425,2140160,,,,,,,,,,,,
1046,5038,25.938880819999998,93.93,425,2142208,3e-05,1.1331214740872384,0.15123087167739868,0.9362166523933411,10450,0.0019087296,-2.2214947074651716,0.05556640625,-0.009236898145172746,0.1,,
1047,5042,26.272532299999998,93.38,425,2144256,3e-05,1.414108232408762,0.1606474220752716,0.9287210702896118,10460,0.001918507,-2.158126136660576,0.053515625,-0.010756799927912652,0.1,,
1048,5047,25.81939793,94.23,425,2146304,3e-05,1.1656260598450898,0.21269384026527405,0.9228898882865906,10470,0.002594527,-2.239267203211784,0.069482421875,-0.010972675427910871,0.1,,
1049,5051,25.37316287,94.84,425,2148352,3e-05,1.0953059248626231,0.18788906931877136,0.9241311550140381,10480,0.002963232,-2.269447699189186,0.065380859375,-0.013172033864248079,0.1,,
,,,,,2150000,3e-05,0.8811688650399446,0.12733027338981628,0.9542022347450256,10490,0.0024856003,-2.2124738901853562,0.07314453125,-0.011582735530100762,0.1,26.973870277404785,83.8
1050,5058,24.900994769999997,93.98,425,2150400,,,,,,,,,,,,
1051,5063,24.84163180000001,93.58,425,2152448,3e-05,1.0719616387039423,0.1334388554096222,0.9211814403533936,10500,0.0026439868,-2.2251148402690886,0.068603515625,-0.010515848617069423,0.1,,
1052,5068,24.089269979999994,94.29,425,2154496,3e-05,1.1675440985709429,0.15437275171279907,0.9202061891555786,10510,0.0029627348,-2.2294247806072236,0.060546875,-0.00958124503667932,0.1,,
1053,5072,24.240275179999998,94.01,425,2156544,3e-05,1.8176032185554505,0.331748902797699,0.8992939591407776,10520,0.0013775321,-2.259310710430145,0.035107421875,-0.00877900252235122,0.1,,
1054,5077,25.15260812,92.2,425,2158592,3e-05,1.5099417194724083,0.17398834228515625,0.8977763056755066,10530,0.0017946861,-2.2490336656570435,0.043994140625,-0.009412422927562147,0.1,,
,,,,,2160000,3e-05,1.1215832967311143,0.09731057286262512,0.931161642074585,10540,0.003169826,-2.244230166077614,0.07451171875,-0.010862904420355335,0.1,23.80173568725586,90.4
1055,5082,24.311684070000002,93.13,425,2160640,,,,,,,,,,,,
1056,5087,24.751177079999994,93.12,425,2162688,3e-05,1.3368515379726886,0.19588838517665863,0.9048563838005066,10550,0.0020569065,-2.2644471675157547,0.058984375,-0.009919340431224555,0.1,,
1057,5091,25.100401890000004,91.99,425,2164736,3e-05,0.9579240590333938,0.12555882334709167,0.9539539217948914,10560,0.0032657357,-2.2305361479520798,0.07998046875,-0.010468032653443515,0.1,,
1058,5096,24.67164797,92.28,425,2166784,3e-05,1.0433911222964525,0.11315038055181503,0.933309018611908,10570,0.0026903977,-2.2418191730976105,0.0689453125,-0.010675227336469107,0.1,,
1059,5100,25.325769440000002,92.69,425,2168832,3e-05,1.1498832389712335,0.14604857563972473,0.9236567616462708,10580,0.0027700276,-2.200084939599037,0.06640625,-0.010014577544643544,0.1,,
,,,,,2170000,3e-05,0.9732369232922793,0.11762454360723495,0.9110061526298523,10590,0.0024626362,-2.2131266742944717,0.0595703125,-0.009923793099005707,0.1,27.295590591430663,93.4
1060,5106,24.951341420000002,92.42,425,2170880,,,,,,,,,,,,
1061,5111,23.688594949999995,92.75,425,2172928,3e-05,2.196686063706875,0.3578886091709137,0.8664469718933105,10600,0.0021607438,-2.28217690885067,0.061669921875,-0.010518467315705493,0.1,,
1062,5116,23.61846511,93.56,425,2174976,3e-05,2.1752800919115542,0.42067068815231323,0.9049619436264038,10610,0.0018247806,-2.310284101963043,0.051318359375,-0.010664426628500224,0.1,,
1063,5120,23.369440049999998,94.89,425,2177024,3e-05,1.7987440757453441,0.27355003356933594,0.9063143730163574,10620,0.0016089026,-2.274468445777893,0.049853515625,-0.008311623314511962,0.1,,
1064,5125,22.58413099,95.31,425,2179072,3e-05,1.8739611521363257,0.241053968667984,0.9064244031906128,10630,0.0024095695,-2.2821907103061676,0.078076171875,-0.009644923108862714,0.1,,
,,,,,2180000,3e-05,1.4908442240208388,0.25574055314064026,0.9261353015899658,10640,0.0025768029,-2.3277219861745833,0.059375,-0.011503424122929573,0.1,21.095715713500976,101.4
1065,5131,23.363058020000004,95.35,425,2181120,,,,,,,,,,,,
1066,5136,22.89405025,95.97,425,2183168,3e-05,2.013578839600086,0.28314635157585144,0.8748576641082764,10650,0.0022814863,-2.277099108695984,0.06064453125,-0.010692894319072365,0.1,,
1067,5141,22.162687589999997,96.71,425,2185216,3e-05,1.6454902801662683,0.1832796335220337,0.894081711769104,10660,0.0020942395,-2.280635991692543,0.04677734375,-0.009506644296925515,0.1,,
1068,5145,23.246407470000005,95.13,425,2187264,3e-05,2.3107332460582257,0.3492355942726135,0.8832560181617737,10670,0.0017083779,-2.340344360470772,0.038427734375,-0.009508594757062384,0.1,,
1069,5150,22.984771670000004,95.71,425,2189312,3e-05,1.6005803361535071,0.16002203524112701,0.8992058634757996,10680,0.0022421316,-2.3015598356723785,0.05185546875,-0.011076932901050895,0.1,,
,,,,,2190000,3e-05,1.3125258460640907,0.325582891702652,0.9253408312797546,10690,0.002036633,-2.2792108565568925,0.05244140625,-0.010694986005546525,0.1,25.647705841064454,89.0
1070,5156,23.40208936,96.08,424,2191360,,,,,,,,,,,,
1071,5160,23.38698013,95.87,424,2193408,3e-05,1.4437191355973482,0.22657062113285065,0.9043354988098145,10700,0.0021108699,-2.290800157189369,0.06201171875,-0.010084970036405138,0.1,,
1072,5165,23.853484830000003,94.62,425,2195456,3e-05,1.589743198826909,0.22386938333511353,0.9018389582633972,10710,0.0024329443,-2.2718694895505904,0.06962890625,-0.010145054966415046,0.1,,
1073,5169,23.560180670000005,94.48,425,2197504,3e-05,1.725040128454566,0.2587693929672241,0.9120121598243713,10720,0.0027931805,-2.2735630184412003,0.063916015625,-0.010180819599190727,0.1,,
1074,5174,24.506778729999997,92.2,425,2199552,3e-05,1.7253066457808017,0.30503204464912415,0.9472364783287048,10730,0.0026171957,-2.26198470890522,0.06025390625,-0.010747304448159412,0.1,,
,,,,,2200000,3e-05,1.0817392099648715,0.19229453802108765,0.9349826574325562,10740,0.0034496959,-2.217346853017807,0.08115234375,-0.009797951657674275,0.1,28.310765075683594,94.0
1075,5179,24.116800979999997,91.68,425,2201600,,,,,,,,,,,,
1076,5184,24.41710878,91.98,425,2203648,3e-05,1.27173828817904,0.2253911942243576,0.9219351410865784,10750,0.0030266726,-2.2525588095188143,0.0904296875,-0.009665615670382977,0.1,,
1077,5188,24.582804919999997,91.72,425,2205696,3e-05,1.809195090085268,0.337336927652359,0.8732336163520813,10760,0.0021259426,-2.2416928827762606,0.0724609375,-0.009675662411609665,0.1,,
1078,5193,24.436387069999995,92.49,425,2207744,3e-05,1.6000555001199246,0.1636352241039276,0.9213799834251404,10770,0.0022666813,-2.269075819849968,0.055615234375,-0.01026059120777063,0.1,,
1079,5197,23.729451330000007,92.84,425,2209792,3e-05,1.1219618171453476,0.17068779468536377,0.9238591194152832,10780,0.0019472833,-2.2562939405441282,0.051953125,-0.010333846905268729,0.1,,
,,,,,2210000,3e-05,1.5839597888290882,0.22164344787597656,0.9091991186141968,10790,0.0020992556,-2.2985524207353594,0.05498046875,-0.010974261362571269,0.1,24.886040496826173,89.8
1080,5203,23.61674149,93.28,425,2211840,,,,,,,,,,,,
1081,5207,24.72845755,93.88,425,2213888,3e-05,1.2292198304086923,0.1739671230316162,0.9289160370826721,10800,0.002584545,-2.2854062259197234,0.069677734375,-0.010992472580983303,0.1,,
1082,5212,23.797352349999997,94.08,425,2215936,3e-05,1.5132386691868305,0.2638864815235138,0.9253954887390137,10810,0.002551962,-2.243617779016495,0.068408203125,-0.011178394968737848,0.1,,
1083,5217,22.62461026,95.89,425,2217984,3e-05,1.8224010743200778,0.28455841541290283,0.9093472957611084,10820,0.0017437078,-2.2890531539916994,0.0501953125,-0.009574778698151931,0.1,,
,,,,,2220000,3e-05,1.4925929926335813,0.2808681130409241,0.9350386261940002,10830,0.0018309504,-2.3269509583711625,0.061669921875,-0.01081127969082445,0.1,29.837578964233398,87.0
1084,5222,22.97338463,94.78,425,2220032,,,,,,,,,,,,
1085,5227,22.215171899999994,94.83,425,2222080,3e-05,2.080906853079796,0.25866562128067017,0.8892151117324829,10840,0.0019169606,-2.302372431755066,0.047021484375,-0.009548900241497904,0.1,,
1086,5231,22.76630612,94.76,425,2224128,3e-05,1.8689194403588771,0.28678402304649353,0.8969852924346924,10850,0.002817488,-2.2774934977293015,0.06953125,-0.010770257774856873,0.1,,
1087,5236,22.445698770000007,94.41,425,2226176,3e-05,1.3351052559912204,0.16546186804771423,0.8975374102592468,10860,0.0034684562,-2.30564723610878,0.0697265625,-0.010485842413618229,0.1,,
1088,5241,23.579729699999998,93.1,425,2228224,3e-05,1.4376184955239295,0.16526353359222412,0.8599576950073242,10870,0.002551991,-2.3106688767671586,0.0662109375,-0.009488632815191522,0.1,,
,,,,,2230000,3e-05,1.919694573432207,0.349709689617157,0.892054557800293,10880,0.0019868999,-2.29135579764843,0.0447265625,-0.009839307659422047,0.1,22.336985778808593,90.6
1089,5246,23.330950189999996,93.68,425,2230272,,,,,,,,,,,,
1090,5251,23.619671810000003,93.42,425,2232320,3e-05,1.563402857631445,0.23010526597499847,0.9022625088691711,10890,0.002418295,-2.291843670606613,0.065087890625,-0.01037368645775132,0.1,,
1091,5255,23.284301230000004,93.1,425,2234368,3e-05,1.407853851094842,0.21674895286560059,0.9278518557548523,10900,0.0024364344,-2.235872358083725,0.081201171875,-0.01252585994079709,0.1,,
1092,5260,22.70597658,94.6,425,2236416,3e-05,1.971483237296343,0.3361275792121887,0.8574787378311157,10910,0.002423997,-2.2485946506261825,0.07138671875,-0.010426070666289889,0.1,,
1093,5264,22.740073210000002,94.29,425,2238464,3e-05,1.6171269744634629,0.3332061767578125,0.8850491642951965,10920,0.0030699288,-2.311134287714958,0.067138671875,-0.010975474448059686,0.1,,
,,,,,2240000,3e-05,1.6894335336983204,0.285724401473999,0.8557217717170715,10930,0.0024115224,-2.2454660564661024,0.06201171875,-0.0114904779009521,0.1,21.666287994384767,101.4
1094,5270,23.132980569999994,93.62,425,2240512,,,,,,,,,,,,
1095,5275,23.07970362,94.42,425,2242560,3e-05,1.425364499911666,0.2296811044216156,0.8840762376785278,10940,0.0028452463,-2.2679879426956178,0.076708984375,-0.011539756983984262,0.1,,
1096,5280,23.736422070000003,94.08,425,2244608,3e-05,1.1299738198518754,0.18111827969551086,0.9364014267921448,10950,0.0028000462,-2.2231034487485886,0.052783203125,-0.00929339517315384,0.1,,
1097,5284,24.29256107,92.93,425,2246656,3e-05,1.7341670289635658,0.23323732614517212,0.912166953086853,10960,0.0021242737,-2.3095456063747406,0.063720703125,-0.008619647749583237,0.1,,
1098,5288,24.24365665,92.64,425,2248704,3e-05,1.6401484094560146,0.24915316700935364,0.9162635803222656,10970,0.0024258695,-2.277738031744957,0.069775390625,-0.010177163948537783,0.1,,
,,,,,2250000,3e-05,1.7213158383965492,0.2813938558101654,0.9303607940673828,10980,0.0022330275,-2.2961303144693375,0.048583984375,-0.009768683242145925,0.1,25.879121589660645,87.4
1099,5294,23.94322658,92.46,425,2250752,,,,,,,,,,,,
1100,5298,25.215443100000005,91.13,425,2252800,3e-05,1.198872584477067,0.20985719561576843,0.9158477783203125,10990,0.0031425192,-2.2312809973955154,0.083935546875,-0.012508849514415488,0.1,,
1101,5303,24.69872129,91.94,425,2254848,3e-05,1.6055895783007146,0.1832667738199234,0.9279329180717468,11000,0.0023499937,-2.291814661026001,0.05859375,-0.01006515598273836,0.1,,
1102,5307,24.948534119999998,91.36,425,2256896,3e-05,1.3445346374064684,0.22706882655620575,0.901573657989502,11010,0.0023642574,-2.319904661178589,0.0576171875,-0.011448209403897635,0.1,,
1103,5312,24.561354139999995,92.19,425,2258944,3e-05,1.6909004487097263,0.25707125663757324,0.9186432957649231,11020,0.0031344446,-2.3160640567541124,0.080029296875,-0.011365725402720272,0.1,,
,,,,,2260000,3e-05,1.6551233984529972,0.25185322761535645,0.9043909907341003,11030,0.0029957788,-2.303667923808098,0.07421875,-0.011120217107236385,0.1,26.448359298706055,92.6
1104,5317,23.740315029999998,94.23,425,2260992,,,,,,,,,,,,
1105,5322,23.717720339999996,94.3,425,2263040,3e-05,1.498558972775936,0.23808303475379944,0.9234305620193481,11040,0.0024594488,-2.3190345257520675,0.068994140625,-0.012346016583614982,0.1,,
1106,5329,23.835194099999995,94.7,425,2265088,3e-05,2.3452337719500065,0.3483326733112335,0.8880107402801514,11050,0.0021088067,-2.283295789361,0.04697265625,-0.009216666061547585,0.1,,
1107,5335,24.69599486,94.87,424,2267136,3e-05,2.1215359687805178,0.2922450602054596,0.9053901433944702,11060,0.0022323877,-2.3106433629989622,0.06943359375,-0.008543156429368537,0.1,,
1108,5340,25.186111580000006,94.64,424,2269184,3e-05,1.3263824567198754,0.2577626705169678,0.9560911059379578,11070,0.0019939332,-2.2812240183353425,0.052685546875,-0.010758889542194084,0.1,,
,,,,,2270000,3e-05,1.5867074221372603,0.28798744082450867,0.9118776321411133,11080,0.0025540842,-2.286775368452072,0.063427734375,-0.012000636610900983,0.1,23.986839866638185,94.6
1109,5346,24.368492909999997,94.2,424,2271232,,,,,,,,,,,,
1110,5352,24.709602099999998,93.69,424,2273280,3e-05,2.6762090131640432,0.9564800262451172,0.867448091506958,11090,0.0029773258,-2.2921969175338743,0.080126953125,-0.010244798142230139,0.1,,
1111,5357,24.68073829,93.42,424,2275328,3e-05,1.6391227785497904,0.21562297642230988,0.8882523775100708,11100,0.00230863,-2.2830525517463682,0.075537109375,-0.010579420148860662,0.1,,
1112,5363,24.198801890000006,92.8,424,2277376,3e-05,1.346707234531641,0.17336291074752808,0.9229096174240112,11110,0.0034356061,-2.3110165774822233,0.09853515625,-0.011422052409034222,0.1,,
1113,5368,24.681152329999996,92.55,424,2279424,3e-05,2.193405743688345,0.2944033741950989,0.8718586564064026,11120,0.002412604,-2.2917655020952226,0.064990234375,-0.009740310625056736,0.1,,
,,,,,2280000,3e-05,1.34804452881217,0.1404748558998108,0.9303019046783447,11130,0.0029998887,-2.2888255774974824,0.08583984375,-0.011912799510173499,0.1,22.298704147338867,90.0
1114,5374,25.207641569999996,92.52,424,2281472,,,,,,,,,,,,
1115,5378,23.73624856,94.13,424,2283520,3e-05,1.7089484352618456,0.31291663646698,0.8963055610656738,11140,0.0026556272,-2.290938913822174,0.065966796875,-0.01054574545705691,0.1,,
1116,5383,23.391537410000005,94.8,424,2285568,3e-05,1.2056576803326606,0.14373914897441864,0.8960200548171997,11150,0.005472079,-2.3734762966632843,0.090185546875,-0.010363691425300203,0.1,,
1117,5388,22.83737566,94.49,424,2287616,3e-05,1.444422408938408,0.2529892027378082,0.907546877861023,11160,0.002987546,-2.3051103949546814,0.093017578125,-0.009899129561381415,0.1,,
1118,5393,23.03641895,94.36,424,2289664,3e-05,1.7160573802888393,0.24774405360221863,0.8909870386123657,11170,0.0026958925,-2.335518646240234,0.084716796875,-0.011423962461412885,0.1,,
,,,,,2290000,3e-05,1.4180771194398403,0.21076346933841705,0.9225223660469055,11180,0.002542218,-2.309130680561066,0.073095703125,-0.01140102654171642,0.1,30.295652770996092,96.8
1119,5398,24.56003237,93.49,424,2291712,,,,,,,,,,,,
1120,5403,24.717990859999997,93.45,424,2293760,3e-05,1.5372412487864495,0.19217294454574585,0.9260193705558777,11190,0.0025673225,-2.295351821184158,0.07578125,-0.01115223571541719,0.1,,
1121,5407,25.336206140000005,92.45,424,2295808,3e-05,1.3388930231332778,0.18507346510887146,0.9331898093223572,11200,0.002583933,-2.2646666407585143,0.08974609375,-0.010152953368378802,0.1,,
1122,5412,25.796003639999995,92.5,424,2297856,3e-05,1.5840838622301816,0.16503600776195526,0.929598867893219,11210,0.0024679569,-2.305165579915047,0.07548828125,-0.010474563483148814,0.1,,
1123,5416,24.354111460000002,92.92,424,2299904,3e-05,1.341891784965992,0.14688800275325775,0.9282143115997314,11220,0.0039577666,-2.312456414103508,0.09970703125,-0.012980578723363579,0.1,,
,,,,,2300000,3e-05,1.7346042826771737,0.34510621428489685,0.8442041873931885,11230,0.00265487,-2.263108399510384,0.060546875,-0.011061469127889722,0.1,19.22421016693115,93.6
1124,5422,24.71922033,91.92,424,2301952,,,,,,,,,,,,
1125,5426,24.954673740000008,91.91,424,2304000,3e-05,1.823786038532853,0.2479766607284546,0.8874536156654358,11240,0.0032714084,-2.2685472518205643,0.06103515625,-0.00974150063993875,0.1,,
1126,5431,24.361144709999998,92.45,424,2306048,3e-05,1.8506580501794816,0.23750177025794983,0.8994832634925842,11250,0.002240046,-2.290791553258896,0.06171875,-0.010762748806155287,0.1,,
1127,5435,24.743878960000004,92.43,424,2308096,3e-05,0.9697873428463936,0.1670553982257843,0.9165523648262024,11260,0.0030712667,-2.355443996191025,0.089111328125,-0.010871958575444296,0.1,,
,,,,,2310000,3e-05,1.3720730047672987,0.2094322144985199,0.9213710427284241,11270,0.0027038446,-2.2639997631311415,0.0724609375,-0.009761673590401188,0.1,25.563746833801268,86.4
1128,5441,24.302271129999998,94.26,424,2310144,,,,,,,,,,,,
1129,5445,24.689483449999997,95.57,424,2312192,3e-05,2.550553796440363,0.5880532264709473,0.7596884369850159,11280,0.0021666735,-2.335163486003876,0.05693359375,-0.008164330839645118,0.1,,
1130,5450,24.155154730000003,96.01,424,2314240,3e-05,1.5253837630152702,0.18880492448806763,0.9282867312431335,11290,0.0028249323,-2.2663655638694764,0.073486328125,-0.010457395919365809,0.1,,
1131,5455,24.587912349999993,96.84,424,2316288,3e-05,1.037300806120038,0.16788271069526672,0.938826858997345,11300,0.0035520266,-2.3380598962306975,0.0939453125,-0.012936585379065946,0.1,,
1132,5459,24.59861592,97.51,424,2318336,3e-05,1.3457954473793508,0.2587754428386688,0.9178342819213867,11310,0.002333006,-2.303417149186134,0.050146484375,-0.011344928597100078,0.1,,
,,,,,2320000,3e-05,1.1274302411824464,0.19160693883895874,0.923285186290741,11320,0.0028600614,-2.2612500727176665,0.072802734375,-0.012177818367490545,0.1,27.229302215576173,88.6
1133,5465,24.756643469999993,96.12,424,2320384,,,,,,,,,,,,
1134,5469,24.07886785,96.28,424,2322432,3e-05,1.9236131280660629,0.25806885957717896,0.8871846795082092,11330,0.0024468817,-2.262106019258499,0.0548828125,-0.010553198656998575,0.1,,
1135,5474,24.592059959999997,95.27,424,2324480,3e-05,2.4451165452599524,0.27844613790512085,0.8769785165786743,11340,0.0022185822,-2.274846667051315,0.0732421875,-0.011129207862541079,0.1,,
1136,5478,24.52515525,92.99,424,2326528,3e-05,1.994692513346672,0.29429295659065247,0.8729278445243835,11350,0.0018179016,-2.256651273369789,0.05322265625,-0.009550803230376914,0.1,,
1137,5483,24.3680648,91.87,424,2328576,3e-05,2.6406839340925217,0.4370415210723877,0.8967762589454651,11360,0.0019364147,-2.2548181265592575,0.054736328125,-0.009830878226057393,0.1,,
,,,,,2330000,3e-05,1.809942437708378,0.34353023767471313,0.8898921608924866,11370,0.0029945103,-2.240384057164192,0.074072265625,-0.010912084869050886,0.1,20.664280128479003,95.4
1138,5488,25.877597880000003,92.0,424,2330624,,,,,,,,,,,,
1139,5493,26.566342260000003,91.43,424,2332672,3e-05,2.0868588663637637,0.3197685182094574,0.8927327394485474,11380,0.0024929703,-2.227533835172653,0.067333984375,-0.009664203249849379,0.1,,
1140,5497,25.735871939999996,92.96,424,2334720,3e-05,1.4692076172679662,0.1932801902294159,0.9278994798660278,11390,0.002337377,-2.159297761321068,0.0552734375,-0.01107177636004053,0.1,,
1141,5502,25.93803347,93.17,424,2336768,3e-05,0.8768011048436165,0.14090639352798462,0.9550514817237854,11400,0.0025002914,-2.2800464630126953,0.074658203125,-0.011463927628938109,0.1,,
1142,5507,25.871332080000002,93.38,424,2338816,3e-05,1.4539082504808902,0.22393086552619934,0.927868664264679,11410,0.0021443586,-2.237662810087204,0.080078125,-0.010526645471691154,0.1,,
,,,,,2340000,3e-05,1.2716116778552533,0.15556153655052185,0.9272807836532593,11420,0.0033754045,-2.174011328816414,0.066015625,-0.010437755382736214,0.1,25.5371301651001,90.8
1143,5512,24.19986255,95.07,424,2340864,,,,,,,,,,,,
1144,5517,24.26701429,94.95,424,2342912,3e-05,1.7984035551548003,0.15600870549678802,0.8988999128341675,11430,0.0022784937,-2.2570608139038084,0.0654296875,-0.012286673852941021,0.1,,
1145,5522,24.557215859999996,93.65,424,2344960,3e-05,1.606690625101328,0.22252120077610016,0.9174675345420837,11440,0.001890418,-2.1934238493442537,0.04287109375,-0.009371385886333882,0.1,,
1146,5526,25.844192789999997,93.42,424,2347008,3e-05,1.329003058373928,0.23368090391159058,0.9354410171508789,11450,0.002716178,-2.141757717728615,0.06103515625,-0.011088688496965916,0.1,,
1147,5531,25.678290660000002,93.32,424,2349056,3e-05,1.1879779603332281,0.19019387662410736,0.9451626539230347,11460,0.002840598,-2.1563031882047654,0.0587890625,-0.011620217349263839,0.1,,
,,,,,2350000,3e-05,1.093863757699728,0.19111238420009613,0.9358842968940735,11470,0.0033286125,-2.2211414217948913,0.080078125,-0.010322941438062117,0.1,24.298946571350097,93.2
1148,5536,26.51298673999999,91.82,424,2351104,,,,,,,,,,,,
1149,5541,26.883633830000004,91.59,424,2353152,3e-05,1.2683468271046876,0.19146764278411865,0.9270643591880798,11480,0.0032383408,-2.2099397242069245,0.085791015625,-0.012827648653183133,0.1,,
1150,5545,27.16994246,91.41,424,2355200,3e-05,1.1398088105022908,0.15527161955833435,0.9331905245780945,11490,0.003081833,-2.1827990502119063,0.088623046875,-0.011632629222003744,0.1,,
1151,5550,26.6072607,91.97,424,2357248,3e-05,0.8840208940207959,0.16842764616012573,0.9509727358818054,11500,0.003263229,-2.1950768142938615,0.0908203125,-0.011271294398466126,0.1,,
1152,5554,26.51878638,91.47,424,2359296,3e-05,1.2589886263012886,0.26612457633018494,0.9269497394561768,11510,0.0027919137,-2.196666878461838,0.071533203125,-0.012023541177040898,0.1,,
,,,,,2360000,3e-05,1.095276127755642,0.15371465682983398,0.9228301048278809,11520,0.0023717643,-2.1791419982910156,0.063525390625,-0.012241030676523223,0.1,28.450932693481445,89.6
1153,5560,26.495247399999997,91.74,424,2361344,,,,,,,,,,,,
1154,5564,25.14961435999999,92.5,424,2363392,3e-05,1.3128743160516023,0.2224089354276657,0.9205098152160645,11530,0.0028145707,-2.22202228307724,0.07392578125,-0.010340416588587687,0.1,,
1155,5569,24.76639315000001,92.79,424,2365440,3e-05,1.3972964480519294,0.2704480290412903,0.9196110367774963,11540,0.0018478429,-2.1897711396217345,0.058837890625,-0.00958088629413396,0.1,,
1156,5574,24.202201199999994,93.49,424,2367488,3e-05,1.2371385689824819,0.12355314940214157,0.9288082122802734,11550,0.0026804449,-2.2140712589025497,0.067138671875,-0.010627247823867947,0.1,,
1157,5578,24.36586886,93.93,424,2369536,3e-05,1.252931797131896,0.2558320164680481,0.9327001571655273,11560,0.0022545229,-2.1533664613962173,0.063720703125,-0.0098529592709383,0.1,,
,,,,,2370000,3e-05,1.5435644909739494,0.21376930177211761,0.9168838858604431,11570,0.0023009456,-2.1666094839572905,0.0845703125,-0.010372316255234182,0.1,30.175827026367188,87.6
1158,5584,23.835585419999997,95.33,424,2371584,,,,,,,,,,,,
1159,5588,24.56234976999999,94.63,424,2373632,3e-05,1.384949992969632,0.32211682200431824,0.9342759251594543,11580,0.0027219986,-2.2022579282522203,0.068408203125,-0.012429667153628542,0.1,,
1160,5593,24.817602270000002,94.59,424,2375680,3e-05,1.4266383610665798,0.19695144891738892,0.9385339617729187,11590,0.0033952068,-2.1843459606170654,0.069384765625,-0.010786311561241746,0.1,,
1161,5598,25.95692986,93.87,424,2377728,3e-05,0.9869201797991991,0.13642951846122742,0.9518806338310242,11600,0.0029535848,-2.1689524352550507,0.070263671875,-0.010127651930088178,0.1,,
1162,5602,26.360382229999995,92.75,424,2379776,3e-05,1.0144111961126328,0.1613873541355133,0.9373759031295776,11610,0.0029056263,-2.0998750954866408,0.094287109375,-0.011323999508749693,0.1,,
,,,,,2380000,3e-05,2.0236788377165795,0.33243077993392944,0.8905726075172424,11620,0.0020036893,-2.1378909766674044,0.079443359375,-0.010115306777879595,0.1,27.783699989318848,92.8
1163,5608,26.182473769999998,93.38,424,2381824,,,,,,,,,,,,
1164,5612,26.249061179999995,93.24,424,2383872,3e-05,1.0604756865650415,0.18238168954849243,0.9529579281806946,11630,0.0021899892,-2.1432294696569443,0.06787109375,-0.010583278848207556,0.1,,
1165,5617,26.165544009999998,93.14,424,2385920,3e-05,1.244974773004651,0.2989389896392822,0.9338150024414062,11640,0.0026360536,-2.1696402072906493,0.0712890625,-0.009159283858025447,0.1,,
1166,5621,25.985060960000002,93.84,424,2387968,3e-05,1.3271869700402021,0.24447131156921387,0.9265724420547485,11650,0.0027618066,-2.1747439444065093,0.0880859375,-0.010153847897890955,0.1,,
,,,,,2390000,3e-05,1.5575769335031509,0.2040829062461853,0.9181814193725586,11660,0.0029339294,-2.1135352551937103,0.06337890625,-0.00963140461826697,0.1,28.167334747314452,96.2
1167,5627,26.3767243,93.54,424,2390016,,,,,,,,,,,,
1168,5632,26.311211260000004,95.04,424,2392064,3e-05,1.2611166086047887,0.17701774835586548,0.9371426701545715,11670,0.0026706813,-2.135116109251976,0.074853515625,-0.01201167407562025,0.1,,
1169,5636,26.580420999999998,94.4,424,2394112,3e-05,1.4045697264373302,0.19700472056865692,0.8875802159309387,11680,0.0021329755,-2.163872015476227,0.057373046875,-0.01076896577142179,0.1,,
1170,5641,26.540573300000002,94.96,424,2396160,3e-05,1.1155886206775905,0.13847249746322632,0.9188648462295532,11690,0.004321685,-2.1235981047153474,0.1009765625,-0.007760026387404651,0.1,,
1171,5646,25.578039249999996,95.4,424,2398208,3e-05,0.943410081230104,0.10326649248600006,0.9442369341850281,11700,0.0032010693,-2.1229278087615966,0.098876953125,-0.010699553426820784,0.1,,
,,,,,2400000,3e-05,1.6022283140569926,0.19802695512771606,0.9057337045669556,11710,0.002622894,-2.1919971853494644,0.07705078125,-0.009173451139940881,0.1,31.075091934204103,90.4
1172,5651,25.912076459999998,94.09,424,2400256,,,,,,,,,,,,
1173,5656,25.202998389999998,94.18,424,2402304,3e-05,2.0516046471893787,0.35066670179367065,0.90040522813797,11720,0.0022908913,-2.1415433824062347,0.058935546875,-0.008656874991720543,0.1,,
1174,5661,24.63951046,94.29,424,2404352,3e-05,1.4906146921217442,0.245501309633255,0.9145563840866089,11730,0.0022796206,-2.2359829992055893,0.065625,-0.010522195691009983,0.1,,
1175,5666,25.377231199999997,93.35,424,2406400,3e-05,1.1867496110498905,0.2408151626586914,0.9135333895683289,11740,0.0028647606,-2.1595627069473267,0.095068359375,-0.012665729509899392,0.1,,
1176,5671,26.22267077,93.74,424,2408448,3e-05,1.162483647838235,0.19876757264137268,0.9373738169670105,11750,0.0033196788,-2.1379691511392593,0.0830078125,-0.012654917140025645,0.1,,
,,,,,2410000,3e-05,0.8225882936269044,0.18072910606861115,0.9406431913375854,11760,0.0048493603,-2.175446072220802,0.09296875,-0.013453741297416855,0.1,33.58784065246582,89.2
1177,5676,25.795571419999998,94.64,424,2410496,,,,,,,,,,,,
1178,5681,26.26602654,94.79,424,2412544,3e-05,1.7691691763699056,0.24714237451553345,0.9117597341537476,11770,0.0032343504,-2.1887509375810623,0.0880859375,-0.010008367989212275,0.1,,
1179,5686,25.475485359999997,95.08,424,2414592,3e-05,1.5623086616396904,0.27610889077186584,0.91901695728302,11780,0.00205066,-2.231868398189545,0.047509765625,-0.009030892449663952,0.1,,
1180,5690,25.43621982,94.82,424,2416640,3e-05,1.4478983156383038,0.23144471645355225,0.9226606488227844,11790,0.0029977597,-2.242764762043953,0.071484375,-0.012019717713701538,0.1,,
1181,5695,25.73426762,94.23,424,2418688,3e-05,1.1464948430657387,0.15305869281291962,0.9419178366661072,11800,0.002833772,-2.181443476676941,0.095263671875,-0.01062938563991338,0.1,,
,,,,,2420000,3e-05,1.39668950997293,0.16401970386505127,0.8999408483505249,11810,0.003223514,-2.2006078094244,0.079248046875,-0.010175288267782889,0.1,23.377870559692383,96.6
1182,5701,25.401265099999996,92.91,424,2420736,,,,,,,,,,,,
1183,5706,24.886296290000004,92.54,424,2422784,3e-05,2.8058199509978294,0.42321762442588806,0.8970541954040527,11820,0.0019723948,-2.262272435426712,0.058447265625,-0.00981888675596565,0.1,,
1184,5710,25.36121916,92.09,424,2424832,3e-05,1.9730152867734432,0.37803006172180176,0.8897703289985657,11830,0.0031254846,-2.257828402519226,0.0716796875,-0.010136597740347498,0.1,,
1185,5715,24.374411569999996,92.91,424,2426880,3e-05,1.359364863857627,0.2024661749601364,0.9380635023117065,11840,0.002693432,-2.1997066348791123,0.0833984375,-0.011953460730728694,0.1,,
1186,5720,24.371089450000003,93.42,424,2428928,3e-05,1.4519819784909487,0.21023458242416382,0.893996000289917,11850,0.0033095311,-2.239013761281967,0.08779296875,-0.011983249214245007,0.1,,
,,,,,2430000,3e-05,1.4838425531983375,0.20952919125556946,0.9079837799072266,11860,0.003565364,-2.224375683069229,0.07275390625,-0.009700151707511396,0.1,30.24331588745117,89.4
1187,5726,24.14199117,94.01,424,2430976,,,,,,,,,,,,
1188,5731,24.713568410000004,93.91,424,2433024,3e-05,1.2043881367892026,0.18848972022533417,0.9200494289398193,11870,0.0022454122,-2.2338525354862213,0.0712890625,-0.01047432470950298,0.1,,
1189,5736,24.889288620000002,93.62,424,2435072,3e-05,1.3394151899963618,0.15033237636089325,0.9381358027458191,11880,0.0027974849,-2.1776313543319703,0.08427734375,-0.012462110922206194,0.1,,
1190,5740,25.305318439999997,93.62,424,2437120,3e-05,1.6909155569970609,0.24611788988113403,0.8789829611778259,11890,0.0023340387,-2.2205158352851866,0.055908203125,-0.008180481230374426,0.1,,
1191,5745,25.172761350000002,93.81,424,2439168,3e-05,1.518867765367031,0.26667284965515137,0.9129171371459961,11900,0.0022622342,-2.1860465854406357,0.059814453125,-0.011013438866939396,0.1,,
,,,,,2440000,3e-05,1.5121233195066452,0.2340928316116333,0.9192197918891907,11910,0.0025432191,-2.203635561466217,0.065283203125,-0.011682234628824516,0.1,23.999914932250977,102.6
1192,5751,24.77891958,94.87,424,2441216,,,,,,,,,,,,
1193,5755,25.088257359999997,94.31,424,2443264,3e-05,1.2012941766530276,0.2435895800590515,0.927839994430542,11920,0.0031726006,-2.1863144427537917,0.08017578125,-0.012224491842789575,0.1,,
1194,5759,25.216218209999997,93.79,424,2445312,3e-05,1.391720188781619,0.16214004158973694,0.9221146106719971,11930,0.002826218,-2.165188354253769,0.089208984375,-0.012219388083030936,0.1,,
1195,5764,25.140240480000003,93.83,424,2447360,3e-05,1.2766958855092525,0.17636102437973022,0.920627236366272,11940,0.003334227,-2.2512260347604753,0.10029296875,-0.012807403650367633,0.1,,
1196,5769,24.8904459,93.74,424,2449408,3e-05,1.7776125572621821,0.24690261483192444,0.9023283123970032,11950,0.003103214,-2.2164857625961303,0.08193359375,-0.01073470142437145,0.1,,
,,,,,2450000,3e-05,1.3791708484292031,0.24007871747016907,0.9167320728302002,11960,0.0020978528,-2.2087493032217025,0.07666015625,-0.010721725295297801,0.1,19.403905200958253,96.0
1197,5774,24.905282250000006,93.66,424,2451456,,,,,,,,,,,,
1198,5779,24.04638101,94.35,424,2453504,3e-05,1.7122117467224598,0.2889580726623535,0.9228545427322388,11970,0.0018700727,-2.1481964617967604,0.054736328125,-0.010597657097969204,0.1,,
1199,5784,24.172575240000004,93.35,424,2455552,3e-05,2.215085253864527,0.3458879590034485,0.8915373086929321,11980,0.002148252,-2.2083327203989027,0.06240234375,-0.011040798056637869,0.1,,
1200,5789,23.954977239999998,93.45,424,2457600,3e-05,2.4572108551859855,0.5135977268218994,0.8914896249771118,11990,0.001653291,-2.139638876914978,0.0455078125,-0.009252466092584654,0.1,,
1201,5794,24.70091169,91.97,424,2459648,3e-05,1.1251561343669891,0.11546055972576141,0.9378266930580139,12000,0.0032011736,-2.1940918296575544,0.091064453125,-0.011412788729649037,0.1,,
,,,,,2460000,3e-05,1.054882737249136,0.15190468728542328,0.9193960428237915,12010,0.0032503987,-2.1899718403816224,0.09921875,-0.01264778437325731,0.1,14.601165580749512,99.0
1202,5800,25.670572059999998,92.5,424,2461696,,,,,,,,,,,,
1203,5805,26.89526183,92.16,424,2463744,3e-05,1.3069040395319462,0.19294720888137817,0.9300539493560791,12020,0.0025200022,-2.204951485991478,0.0833984375,-0.011689623218262567,0.1,,
1204,5810,25.92812512,93.81,424,2465792,3e-05,1.0062651079148055,0.2326018214225769,0.9436139464378357,12030,0.0037425929,-2.217157930135727,0.1068359375,-0.014019029689370655,0.1,,
1205,5814,26.099948830000006,94.25,424,2467840,3e-05,1.7099371820688247,0.2856813967227936,0.889448881149292,12040,0.0017771944,-2.2146469444036483,0.04716796875,-0.009132224443601445,0.1,,
1206,5819,25.49399824,94.02,424,2469888,3e-05,1.1677069041877985,0.16856354475021362,0.9232141375541687,12050,0.002791586,-2.173536145687103,0.071630859375,-0.011233359586913138,0.1,,
,,,,,2470000,3e-05,1.3688475038856267,0.2588549852371216,0.9060367941856384,12060,0.0027389755,-2.205737495422363,0.058837890625,-0.009412270685425028,0.1,25.232693099975585,91.6
1207,5824,24.832652659999997,94.56,424,2471936,,,,,,,,,,,,
1208,5829,23.92964741,94.33,424,2473984,3e-05,1.3343982387334108,0.20774155855178833,0.936640202999115,12070,0.0036574712,-2.213629165291786,0.1052734375,-0.012632962813950144,0.1,,
1209,5833,24.628712729999997,94.17,424,2476032,3e-05,2.572234058380127,0.43824949860572815,0.8721891641616821,12080,0.0020241365,-2.1639818221330644,0.06025390625,-0.009323470201343298,0.1,,
1210,5838,24.708452600000005,92.94,424,2478080,3e-05,1.4487578094005584,0.22843068838119507,0.9083884358406067,12090,0.0024831356,-2.163990020751953,0.059033203125,-0.009911210407153703,0.1,,
,,,,,2480000,3e-05,1.4018382363021373,0.21879971027374268,0.9183090329170227,12100,0.002756429,-2.17812916636467,0.066064453125,-0.012049938016571105,0.1,22.916759872436522,93.4
1211,5843,24.87981646,94.41,424,2480128,,,,,,,,,,,,
1212,5848,24.58981575,94.97,424,2482176,3e-05,1.5934718623757362,0.2135920226573944,0.913802444934845,12110,0.0027383356,-2.211274328827858,0.104541015625,-0.010216087417211384,0.1,,
1213,5853,25.530695320000003,95.12,424,2484224,3e-05,1.526058803871274,0.2072758823633194,0.9361352920532227,12120,0.001969344,-2.203292265534401,0.05048828125,-0.011176203098148107,0.1,,
1214,5857,25.49202858000001,94.67,424,2486272,3e-05,1.6195147637277842,0.18198895454406738,0.9285345077514648,12130,0.0023594624,-2.175903308391571,0.081201171875,-0.010167309298412874,0.1,,
1215,5862,25.28364014,94.7,424,2488320,3e-05,0.7861329812556506,0.10996902734041214,0.9480068683624268,12140,0.0053523546,-2.209450089931488,0.113671875,-0.01330993048613891,0.1,,
,,,,,2490000,3e-05,1.502055461704731,0.26484471559524536,0.9215518236160278,12150,0.0034249737,-2.1721090763807296,0.10732421875,-0.010612848697928712,0.1,25.978396606445312,99.8
1216,5867,25.799524220000002,94.58,424,2490368,,,,,,,,,,,,
1217,5872,25.7606419,93.93,424,2492416,3e-05,3.712926862388849,0.7443214654922485,0.876575767993927,12160,0.0016537446,-2.186102768778801,0.05859375,-0.00802979125874117,0.1,,
1218,5876,24.373912150000002,94.76,424,2494464,3e-05,1.1894987601786853,0.1810135394334793,0.9221484661102295,12170,0.003551308,-2.2332505881786346,0.098779296875,-0.012623262201668695,0.1,,
1219,5881,24.574127419999996,94.71,424,2496512,3e-05,1.0450645823031663,0.14928728342056274,0.9130396246910095,12180,0.003036338,-2.2415069580078124,0.087451171875,-0.012482297129463405,0.1,,
1220,5885,23.88160964,95.28,424,2498560,3e-05,1.2597233161330224,0.2092036008834839,0.932033896446228,12190,0.0029555918,-2.1932226210832595,0.078369140625,-0.01138357239542529,0.1,,
,,,,,2500000,3e-05,1.3178362913429738,0.25037360191345215,0.9116596579551697,12200,0.003659726,-2.200536787509918,0.098486328125,-0.012892819422995671,0.1,31.308211517333984,85.4
1221,5891,23.25055278,95.32,424,2500608,,,,,,,,,,,,
1222,5895,23.77266274,94.64,424,2502656,3e-05,1.8119921777397394,0.16190409660339355,0.8433846235275269,12210,0.0027619726,-2.2007660239934923,0.09375,-0.010310786962509155,0.1,,
1223,5900,23.96197314,94.64,424,2504704,3e-05,1.3321767400950193,0.23090633749961853,0.9119033217430115,12220,0.0029665953,-2.157813122868538,0.0736328125,-0.010696518648182973,0.1,,
1224,5904,23.79411014,95.12,424,2506752,3e-05,1.2148096136748792,0.1421583592891693,0.9143555760383606,12230,0.0032023382,-2.2273250579833985,0.0798828125,-0.01083341597695835,0.1,,
1225,5909,23.271780950000004,95.83,424,2508800,3e-05,1.4541252501308919,0.22110852599143982,0.9190391898155212,12240,0.002371706,-2.209769979119301,0.094873046875,-0.011221694978303276,0.1,,
,,,,,2510000,3e-05,2.076804969087243,0.23043040931224823,0.8914850950241089,12250,0.0027235518,-2.256817862391472,0.0654296875,-0.010644946139655076,0.1,24.88689742088318,92.4
1226,5915,22.56438873,94.88,424,2510848,,,,,,,,,,,,
1227,5919,22.249305239999998,95.75,424,2512896,3e-05,1.9413061998784542,0.4049866795539856,0.8562484979629517,12260,0.002964303,-2.214439880847931,0.08359375,-0.00985136252711527,0.1,,
1228,5924,21.990053789999997,94.84,424,2514944,3e-05,1.8364438347518444,0.21789410710334778,0.8895162343978882,12270,0.0027504112,-2.1980582982301713,0.06484375,-0.00968178734765388,0.1,,
1229,5929,22.647464019999997,94.73,424,2516992,3e-05,1.2767846379429102,0.2244606614112854,0.9157694578170776,12280,0.0028324039,-2.178144598007202,0.074267578125,-0.01048582200310193,0.1,,
1230,5933,23.591583279999995,94.33,424,2519040,3e-05,1.070868607237935,0.22420942783355713,0.9274813532829285,12290,0.0033556027,-2.2322114765644074,0.079052734375,-0.011074505851138384,0.1,,
,,,,,2520000,3e-05,1.1993975963443517,0.19362355768680573,0.9171866774559021,12300,0.0035223807,-2.2125773280858994,0.089697265625,-0.013528546426096,0.1,24.29959831237793,99.2
1231,5939,23.680398230000005,94.17,424,2521088,,,,,,,,,,,,
1232,5944,23.493422340000002,94.55,424,2523136,3e-05,2.5986257076263426,0.31940919160842896,0.8548856377601624,12310,0.0019750665,-2.216655457019806,0.056005859375,-0.008084357727784663,0.1,,
1233,5948,23.693790740000004,95.31,424,2525184,3e-05,1.8446145363152027,0.3205621838569641,0.8646330833435059,12320,0.0026467456,-2.1938346326351166,0.07001953125,-0.011013224214548246,0.1,,
1234,5953,24.11460588,94.56,424,2527232,3e-05,1.6761084891855718,0.2421174943447113,0.918846070766449,12330,0.0025402259,-2.2116652220487594,0.0814453125,-0.011656118751852773,0.1,,
1235,5957,23.452685630000005,94.37,424,2529280,3e-05,1.1956095565110445,0.21139922738075256,0.9348751306533813,12340,0.002936975,-2.1939120084047317,0.0767578125,-0.012041557654447388,0.1,,
,,,,,2530000,3e-05,1.5499448098242283,0.2893449664115906,0.8914755582809448,12350,0.0025981164,-2.158263158798218,0.077294921875,-0.01187012309092097,0.1,27.614453125,92.8
1236,5963,24.856248009999995,93.98,424,2531328,,,,,,,,,,,,
1237,5967,24.412681670000005,93.63,424,2533376,3e-05,0.9651809245347976,0.10676045715808868,0.9351251125335693,12360,0.0033907136,-2.2217424511909485,0.08701171875,-0.012405709724407642,0.1,,
1238,5972,24.90404247,93.08,424,2535424,3e-05,1.4617191802710294,0.235103577375412,0.9056125283241272,12370,0.0037036696,-2.2106074333190917,0.093896484375,-0.011936329348827712,0.1,,
1239,5976,24.84963076,93.3,424,2537472,3e-05,2.2188262470066547,0.35520559549331665,0.9107612371444702,12380,0.0019526895,-2.1369367718696592,0.049560546875,-0.010835054510971531,0.1,,
1240,5981,25.29013717,92.44,424,2539520,3e-05,1.926928360760212,0.3559240698814392,0.8745377063751221,12390,0.0024944637,-2.1572147786617277,0.06083984375,-0.011522821488324553,0.1,,
,,,,,2540000,3e-05,1.6504773292690516,0.2394159436225891,0.9229187369346619,12400,0.0029439651,-2.1150519073009493,0.081640625,-0.011673769372282549,0.1,25.91500778198242,86.4
1241,5986,23.839104109999997,94.37,424,2541568,,,,,,,,,,,,
1242,5991,24.205128209999994,95.05,424,2543616,3e-05,4.277604190260172,0.5511935949325562,0.8316819667816162,12410,0.0014036034,-2.2199593842029572,0.038232421875,-0.008581621991470455,0.1,,
1243,5996,23.795001120000002,94.17,424,2545664,3e-05,1.6575771480798722,0.2695382237434387,0.9266842007637024,12420,0.003074098,-2.171920856833458,0.08837890625,-0.012356466773780994,0.1,,
1244,6000,24.020134709999997,92.95,424,2547712,3e-05,1.6034329935908318,0.18096569180488586,0.9106966257095337,12430,0.0030655582,-2.15484299659729,0.08427734375,-0.01048347702017054,0.1,,
1245,6005,25.3091271,91.81,424,2549760,3e-05,1.388924852013588,0.23716916143894196,0.9036194682121277,12440,0.0035098973,-2.1101937174797056,0.107666015625,-0.012065404007444158,0.1,,
,,,,,2550000,3e-05,1.172585691511631,0.13467325270175934,0.9074109196662903,12450,0.0038011745,-2.185875728726387,0.09501953125,-0.01301376560004428,0.1,17.81210412979126,94.8
1246,6010,24.837305150000002,91.95,424,2551808,,,,,,,,,,,,
1247,6015,24.760219960000004,91.28,424,2553856,3e-05,1.205400975421071,0.14438000321388245,0.9207959175109863,12460,0.002951384,-2.129829469323158,0.079248046875,-0.011813151687965729,0.1,,
1248,6020,24.67393839,93.09,424,2555904,3e-05,1.5190082408487797,0.2553764581680298,0.9172980785369873,12470,0.0027116584,-2.111147055029869,0.09658203125,-0.01099401464452967,0.1,,
1249,6024,23.944739229999996,94.12,424,2557952,3e-05,1.5221574377268552,0.20383426547050476,0.9205014705657959,12480,0.001960175,-2.1806757122278215,0.058203125,-0.011195259328815155,0.1,,
,,,,,2560000,3e-05,1.1120538417249919,0.2359369397163391,0.9328104257583618,12490,0.0027107436,-2.2051583915948867,0.086865234375,-0.011571931923390366,0.1,25.194050979614257,92.4
1250,6029,24.07993505,92.24,424,2560000,,,,,,,,,,,,
1251,6034,22.687032459999998,94.59,424,2562048,3e-05,1.4241590365767478,0.24230024218559265,0.9285020232200623,12500,0.0028776862,-2.1569842278957365,0.07138671875,-0.011239240050781519,0.1,,
1252,6039,22.594895219999994,95.1,424,2564096,3e-05,1.6938825722783803,0.16944417357444763,0.917516827583313,12510,0.0034857038,-2.2563458025455474,0.0884765625,-0.010908308380749077,0.1,,
1253,6043,23.11489638,94.37,424,2566144,3e-05,1.7688290126621724,0.2683447003364563,0.9163393378257751,12520,0.0020347622,-2.1271853297948837,0.070556640625,-0.008543057789211161,0.1,,
1254,6048,23.64904492,95.08,424,2568192,3e-05,1.2613262262195348,0.18143102526664734,0.9165163040161133,12530,0.003438714,-2.133041763305664,0.087890625,-0.013264525480917656,0.1,,
,,,,,2570000,3e-05,1.4510238531976938,0.24538344144821167,0.9351615905761719,12540,0.0034447769,-2.123850032687187,0.0955078125,-0.010382598580326885,0.1,28.63390998840332,98.4
1255,6053,23.646832000000003,94.78,424,2570240,,,,,,,,,,,,
1256,6058,24.1740674,94.11,424,2572288,3e-05,1.434474989771843,0.2066608965396881,0.9110275506973267,12550,0.0036181693,-2.133202886581421,0.090380859375,-0.012736672387109137,0.1,,
1257,6063,23.623136679999998,94.23,424,2574336,3e-05,1.3641836374998093,0.1915891170501709,0.9061274528503418,12560,0.003577331,-2.132551798224449,0.086279296875,-0.012258408236084506,0.1,,
1258,6067,23.245758900000002,94.33,424,2576384,3e-05,1.6611430160701275,0.2912847697734833,0.8664590716362,12570,0.0035183872,-2.2118809878826142,0.08017578125,-0.011810459356638603,0.1,,
1259,6072,23.90221565,93.23,424,2578432,3e-05,1.7334891259670258,0.26605889201164246,0.9112182855606079,12580,0.002977683,-2.2004364371299743,0.07978515625,-0.01129795602755621,0.1,,
,,,,,2580000,3e-05,1.3328648384660482,0.21123139560222626,0.9371468424797058,12590,0.0034439298,-2.0997440427541734,0.100439453125,-0.01227648665662855,0.1,23.374614334106447,89.6
1260,6077,23.421496079999997,93.98,424,2580480,,,,,,,,,,,,
1261,6082,23.974318750000002,93.06,424,2582528,3e-05,1.6535609126091004,0.2686860263347626,0.9109771251678467,12600,0.0028451707,-2.2392502635717393,0.098486328125,-0.01025607693591155,0.1,,
1262,6086,24.73261353,92.75,424,2584576,3e-05,1.9416037857532502,0.29722198843955994,0.9165533185005188,12610,0.002582547,-2.131360399723053,0.080224609375,-0.012011094921035692,0.1,,
1263,6091,24.210423060000004,93.12,424,2586624,3e-05,1.8638709150254726,0.3386078476905823,0.9069051742553711,12620,0.0020929012,-2.130350485444069,0.06083984375,-0.009033498304779642,0.1,,
1264,6096,24.492667839999996,93.93,424,2588672,3e-05,2.4902577616274355,0.3059268295764923,0.8520389199256897,12630,0.0026357644,-2.1763209998607635,0.065576171875,-0.01142110161599703,0.1,,
,,,,,2590000,3e-05,1.3025210227817297,0.24456271529197693,0.9250536561012268,12640,0.0032277717,-2.1329704493284227,0.075537109375,-0.011504045512992889,0.1,21.259541511535645,87.0
1265,6101,25.019970769999997,93.85,424,2590720,,,,,,,,,,,,
1266,6106,24.97291214000001,93.7,424,2592768,3e-05,1.1904696088284255,0.14086219668388367,0.9340612888336182,12650,0.0037800171,-2.1128998696804047,0.115625,-0.01106836989056319,0.1,,
1267,6111,25.2338184,94.0,424,2594816,3e-05,0.900922081246972,0.1068105548620224,0.9456920623779297,12660,0.004087573,-2.0662113636732102,0.0984375,-0.011826279264641925,0.1,,
1268,6116,25.494829780000003,93.99,424,2596864,3e-05,1.1589466508477926,0.1846073716878891,0.9354841709136963,12670,0.0030090106,-2.116632989048958,0.078466796875,-0.011833129468141124,0.1,,
1269,6121,24.857601099999997,94.45,424,2598912,3e-05,1.0686784330755472,0.16067273914813995,0.9396482706069946,12680,0.003426553,-2.193979170918465,0.108056640625,-0.011523496752488427,0.1,,
,,,,,2600000,3e-05,1.0423635583370925,0.12047715485095978,0.9263415336608887,12690,0.0034114295,-2.148821270465851,0.088720703125,-0.01324802428134717,0.1,21.633981704711914,89.0
1270,6126,24.286858390000003,94.58,424,2600960,,,,,,,,,,,,
1271,6132,24.058852860000005,95.02,424,2603008,3e-05,1.2668642934411765,0.22494153678417206,0.9264541864395142,12700,0.0030472036,-2.147690537571907,0.08828125,-0.012107976479455829,0.1,,
1272,6137,24.50569929,94.71,424,2605056,3e-05,1.0165315747261048,0.1954004168510437,0.9313023090362549,12710,0.003549864,-2.142843410372734,0.09736328125,-0.013302063662558794,0.1,,
1273,6142,25.73896026,92.88,424,2607104,3e-05,1.055542904511094,0.16712726652622223,0.9296988844871521,12720,0.004420888,-2.0482410967350004,0.085888671875,-0.012142715018126183,0.1,,
1274,6146,26.597119009999997,91.83,424,2609152,3e-05,1.3976529773324728,0.2688009440898895,0.9322282671928406,12730,0.0026310524,-2.0905379325151445,0.081884765625,-0.010099500865908339,0.1,,
,,,,,2610000,3e-05,1.7105104371905326,0.2843955159187317,0.9159518480300903,12740,0.0027340194,-2.1246770173311234,0.07119140625,-0.013130979309789837,0.1,20.28243236541748,95.0
1275,6152,27.073768699999995,90.64,424,2611200,,,,,,,,,,,,
1276,6156,26.515424329999995,90.32,424,2613248,3e-05,1.139506308734417,0.17178629338741302,0.9234787225723267,12750,0.0033375984,-2.142472413182259,0.08388671875,-0.012076850887387991,0.1,,
1277,6161,26.17905737,90.86,424,2615296,3e-05,1.3649795040488244,0.2243737280368805,0.9087660312652588,12760,0.0032741237,-2.0904197454452516,0.1060546875,-0.013333925104234368,0.1,,
1278,6166,25.246570140000003,91.39,424,2617344,3e-05,1.5189529240131379,0.3431215286254883,0.8939372301101685,12770,0.004468697,-2.1219027638435364,0.11875,-0.014179103140486404,0.1,,
1279,6170,24.988451530000003,91.99,424,2619392,3e-05,2.179030501097441,0.29330435395240784,0.875615119934082,12780,0.0019899367,-2.1533619076013566,0.07841796875,-0.00705245332501363,0.1,,
,,,,,2620000,3e-05,1.0334467090666295,0.1914944350719452,0.9334810376167297,12790,0.0030854833,-2.0829721808433534,0.0744140625,-0.012788338225800545,0.1,24.320532035827636,99.2
1280,6176,24.87951959,94.04,424,2621440,,,,,,,,,,,,
1281,6180,24.85062606000001,94.71,424,2623488,3e-05,1.2186547070741653,0.177859827876091,0.9435871243476868,12800,0.0032689008,-2.186760777235031,0.090869140625,-0.013847779476782307,0.1,,
1282,6185,24.54981273,95.4,424,2625536,3e-05,1.1481795355677604,0.1981324553489685,0.9233929514884949,12810,0.0036772573,-2.0812091767787932,0.0869140625,-0.012042375092278235,0.1,,
1283,6190,26.041185409999994,94.96,424,2627584,3e-05,2.04502297565341,0.4799517095088959,0.8744099140167236,12820,0.0024371587,-2.1118339002132416,0.080126953125,-0.010980136049329303,0.1,,
1284,6194,25.977735470000002,94.2,424,2629632,3e-05,1.2046672571450472,0.1475776880979538,0.9469561576843262,12830,0.0038491264,-2.0786734759807586,0.0857421875,-0.011448302841745316,0.1,,
,,,,,2630000,3e-05,1.1376409858465195,0.19443269073963165,0.9370104074478149,12840,0.0037312496,-2.124343308806419,0.102587890625,-0.01113864081853535,0.1,30.90556182861328,88.8
1285,6200,25.66013035,94.01,424,2631680,,,,,,,,,,,,
1286,6204,26.33103656,93.7,424,2633728,3e-05,1.604009222984314,0.3278839886188507,0.9079710841178894,12850,0.0027031982,-2.1058636009693146,0.07529296875,-0.010602420073701069,0.1,,
1287,6209,26.15832169999999,93.83,424,2635776,3e-05,1.2430695071816444,0.22803747653961182,0.9338513612747192,12860,0.0020293775,-2.1006208151578902,0.053662109375,-0.010620212033973075,0.1,,
1288,6214,25.112996210000006,95.17,424,2637824,3e-05,1.054574979096651,0.1750713288784027,0.9316786527633667,12870,0.0028515072,-2.081526258587837,0.07021484375,-0.011007742032234091,0.1,,
1289,6219,25.36815416,94.62,424,2639872,3e-05,1.47027295678854,0.15096160769462585,0.9134724140167236,12880,0.003217815,-2.086125585436821,0.08154296875,-0.011454634758410975,0.1,,
,,,,,2640000,3e-05,1.3352913651615381,0.22515499591827393,0.9349401593208313,12890,0.0027371147,-2.1217867344617845,0.071337890625,-0.01043014440801926,0.1,31.66250991821289,84.2
1290,6224,25.461359480000002,95.1,424,2641920,,,,,,,,,,,,
1291,6229,25.173122910000004,95.8,424,2643968,3e-05,2.8501916602253914,0.20479059219360352,0.8249815702438354,12900,0.003396939,-2.1016313046216966,0.073388671875,-0.009510787701583468,0.1,,
1292,6234,25.50232744,95.41,424,2646016,3e-05,1.093810824304819,0.11034002155065536,0.9310118556022644,12910,0.003036988,-2.1182379901409147,0.086083984375,-0.011003976166830399,0.1,,
1293,6239,25.658273920000006,94.85,424,2648064,3e-05,1.5634749952703715,0.2818583846092224,0.905669629573822,12920,0.0028754184,-2.045255047082901,0.09453125,-0.01131531865685247,0.1,,
,,,,,2650000,3e-05,1.0441816691309214,0.12174859642982483,0.9300806522369385,12930,0.003755528,-2.13039787709713,0.08857421875,-0.013075662864139304,0.1,26.44807872772217,92.8
1294,6245,25.245472339999996,94.34,424,2650112,,,,,,,,,,,,
1295,6250,24.703199839999996,94.84,424,2652160,3e-05,1.5280080996453762,0.2208775281906128,0.9146031141281128,12940,0.003063294,-2.110213139653206,0.094189453125,-0.01227635210379958,0.1,,
1296,6254,24.634936389999993,93.46,424,2654208,3e-05,1.095999563485384,0.19974517822265625,0.9174819588661194,12950,0.003691763,-2.1094760686159133,0.107177734375,-0.010325095051666722,0.1,,
1297,6259,24.35069364,93.46,424,2656256,3e-05,2.044216714799404,0.3857889175415039,0.8814425468444824,12960,0.002193957,-2.0980629205703734,0.070263671875,-0.011159223920549266,0.1,,
1298,6264,24.94982297,93.22,424,2658304,3e-05,1.8086023345589637,0.36668553948402405,0.8890125751495361,12970,0.0022325434,-2.128320762515068,0.05849609375,-0.01034430360305123,0.1,,
,,,,,2660000,3e-05,1.3064588241279125,0.21885354816913605,0.91851407289505,12980,0.0027049826,-2.0458110734820365,0.0845703125,-0.012043815208016895,0.1,20.045786476135255,104.6
1299,6270,25.201272910000004,92.6,424,2660352,,,,,,,,,,,,
1300,6274,25.09332234,93.23,424,2662400,3e-05,1.4089895833283663,0.2181396782398224,0.9130335450172424,12990,0.0030765173,-2.149789163470268,0.07958984375,-0.012165702477796003,0.1,,
1301,6279,24.694956060000003,93.78,424,2664448,3e-05,1.2232361145317554,0.2521044611930847,0.9261902570724487,13000,0.0038290604,-2.0714287355542185,0.08505859375,-0.012968289214768447,0.1,,
1302,6284,25.36588565,93.7,424,2666496,3e-05,1.5305022172629834,0.15974488854408264,0.8831580877304077,13010,0.003392208,-2.128659063577652,0.0861328125,-0.011882866008090787,0.1,,
1303,6289,25.579992970000003,93.33,424,2668544,3e-05,1.162184751778841,0.2634351849555969,0.936677098274231,13020,0.0040648384,-2.046784718334675,0.099853515625,-0.00993051462864969,0.1,,
,,,,,2670000,3e-05,1.3684830155223608,0.18511895835399628,0.9090931415557861,13030,0.003136783,-2.093493726849556,0.084912109375,-0.007504350344242993,0.1,21.007389640808107,99.6
1304,6294,25.564406629999997,93.52,424,2670592,,,,,,,,,,,,
1305,6299,26.41502203,93.47,424,2672640,3e-05,1.537324870377779,0.24028804898262024,0.9205538630485535,13040,0.0031151145,-2.118888735771179,0.096826171875,-0.010990876419236883,0.1,,
1306,6304,26.093713630000003,93.94,424,2674688,3e-05,1.2527791537344455,0.2525991201400757,0.9389945864677429,13050,0.0029241133,-2.173847755789757,0.085595703125,-0.011975804396206513,0.1,,
1307,6308,24.875350669999992,94.52,424,2676736,3e-05,1.1863747037947179,0.17700961232185364,0.9278770089149475,13060,0.002549529,-2.144004908204079,0.070947265625,-0.012502939987462014,0.1,,
1308,6313,24.09488847,94.43,424,2678784,3e-05,1.0195956386625766,0.12800762057304382,0.9362882971763611,13070,0.0035707913,-2.161770352721214,0.097216796875,-0.012867595165153034,0.1,,
,,,,,2680000,3e-05,1.6256746865808964,0.22339779138565063,0.9020900130271912,13080,0.0022429824,-2.207089474797249,0.05830078125,-0.01063255311746616,0.1,21.788349533081053,91.6
1309,6318,23.30275374,94.77,424,2680832,,,,,,,,,,,,
1310,6323,23.814741220000002,93.76,424,2682880,3e-05,1.7128950141370296,0.3968278169631958,0.8824461102485657,13090,0.0031788074,-2.177977928519249,0.084228515625,-0.010741090335068293,0.1,,
1311,6327,23.952556760000004,93.26,424,2684928,3e-05,1.706355705112219,0.2193724811077118,0.9205751419067383,13100,0.0032765432,-2.1875970333814623,0.091162109375,-0.011260010412661359,0.1,,
1312,6332,23.994797250000005,93.0,424,2686976,3e-05,1.3921058479696513,0.2655605673789978,0.9274145364761353,13110,0.0038032832,-2.1914730817079544,0.1033203125,-0.010780637012794613,0.1,,
1313,6336,24.70098161,92.77,424,2689024,3e-05,1.3808264076709746,0.26715755462646484,0.9180204272270203,13120,0.0030992967,-2.163650768995285,0.072314453125,-0.011461844632867724,0.1,,
,,,,,2690000,3e-05,1.2793961226940156,0.16743652522563934,0.9335680603981018,13130,0.0033573466,-2.1942571461200715,0.092919921875,-0.012096206874412018,0.1,12.316484355926514,97.6
1314,6342,24.577739410000003,91.54,424,2691072,,,,,,,,,,,,
1315,6346,23.993576559999997,92.37,424,2693120,3e-05,1.6228651054203511,0.3155331313610077,0.9003015756607056,13140,0.003149148,-2.265082907676697,0.085400390625,-0.011816164531046525,0.1,,
1316,6351,23.336568980000003,92.92,424,2695168,3e-05,1.5217651572078466,0.24788281321525574,0.9011834859848022,13150,0.0025786087,-2.1889574766159057,0.072509765625,-0.011283002750133164,0.1,,
1317,6356,23.094521869999998,93.21,424,2697216,3e-05,2.072850988805294,0.38840457797050476,0.8514540195465088,13160,0.0027739108,-2.2036932677030565,0.068017578125,-0.010638857155572622,0.1,,
1318,6360,23.460538269999997,92.78,424,2699264,3e-05,1.4199075892567634,0.2305908352136612,0.9231946468353271,13170,0.003589988,-2.149694672226906,0.097900390625,-0.012147160177119077,0.1,,
,,,,,2700000,3e-05,1.1829963482916355,0.26342931389808655,0.9236084222793579,13180,0.0030340243,-2.1122264891862867,0.090673828125,-0.011685501140891574,0.1,29.911219215393068,86.0
1319,6366,24.42868755,92.61,424,2701312,,,,,,,,,,,,
1320,6370,25.05489725,92.76,424,2703360,3e-05,1.4520554635673761,0.26858603954315186,0.9459118843078613,13190,0.0030037495,-2.0751545637845994,0.09150390625,-0.009860343806212767,0.1,,
1321,6375,25.405353570000003,93.13,424,2705408,3e-05,1.8123222827911376,0.3767460286617279,0.909248948097229,13200,0.003264603,-2.2160023123025896,0.087890625,-0.01182772537576966,0.1,,
1322,6379,26.17913784,92.2,424,2707456,3e-05,1.1515645585954188,0.1523548662662506,0.9384263753890991,13210,0.004951299,-2.197128438949585,0.1251953125,-0.01294982882682234,0.1,,
1323,6384,25.893154609999996,92.8,424,2709504,3e-05,1.3113960921764374,0.22698870301246643,0.9135343432426453,13220,0.0036243983,-2.0952966928482057,0.10478515625,-0.009574248746503145,0.1,,
,,,,,2710000,3e-05,1.2680328629910946,0.14655059576034546,0.9208869934082031,13230,0.0028736917,-2.1800428569316863,0.086083984375,-0.012842326005920768,0.1,22.61583251953125,94.2
1324,6389,26.480073629999996,92.85,424,2711552,,,,,,,,,,,,
1325,6394,25.377540599999996,93.29,424,2713600,3e-05,1.779303742200136,0.3014518916606903,0.9311637878417969,13240,0.0026235448,-2.2012423276901245,0.0814453125,-0.01065906954172533,0.1,,
1326,6398,24.969671309999995,92.93,424,2715648,3e-05,1.5582440182566644,0.18674468994140625,0.9126712083816528,13250,0.0032093248,-2.247674587368965,0.09892578125,-0.010658374958438799,0.1,,
1327,6403,24.391826349999995,93.52,424,2717696,3e-05,1.526572846621275,0.23152992129325867,0.9282386898994446,13260,0.0040946435,-2.19589179456234,0.105859375,-0.014616187335923314,0.1,,
1328,6408,23.978658,92.5,424,2719744,3e-05,1.8473525244742632,0.24050328135490417,0.9176650643348694,13270,0.003526723,-2.238312366604805,0.070849609375,-0.010493077119463123,0.1,,
,,,,,2720000,3e-05,1.8953881591558457,0.20750394463539124,0.9025624990463257,13280,0.0030555287,-2.1854665338993073,0.071630859375,-0.00856692423694767,0.1,24.0258451461792,89.8
1329,6414,22.972922840000003,94.18,424,2721792,,,,,,,,,,,,
1330,6419,22.6146568,94.21,424,2723840,3e-05,1.6502834655344487,0.22498182952404022,0.8934943675994873,13290,0.0030067996,-2.186662569642067,0.085888671875,-0.012313550038379617,0.1,,
1331,6424,22.406711440000002,94.46,424,2725888,3e-05,1.7438208147883416,0.26019522547721863,0.9112567901611328,13300,0.0029106988,-2.2287059903144835,0.074609375,-0.011253809169284068,0.1,,
1332,6428,22.715607520000002,94.19,424,2727936,3e-05,1.1639895103871822,0.1452510505914688,0.9385189414024353,13310,0.0025156063,-2.138582980632782,0.076025390625,-0.011092314007692039,0.1,,
1333,6433,23.236511859999997,94.13,424,2729984,3e-05,1.4773457255214453,0.18999004364013672,0.9388549327850342,13320,0.0029138885,-2.2012787580490114,0.10107421875,-0.012848200276494026,0.1,,
,,,,,2730000,3e-05,1.256058132275939,0.19597667455673218,0.9440974593162537,13330,0.0027429003,-2.1567361086606978,0.073681640625,-0.010748792224330828,0.1,27.18655128479004,93.0
1334,6439,23.47511667,94.14,424,2732032,,,,,,,,,,,,
1335,6443,23.32708912,94.44,424,2734080,3e-05,3.8867256745696066,0.680421769618988,0.8780973553657532,13340,0.002528238,-2.1905377119779588,0.087060546875,-0.011184780855546705,0.1,,
1336,6448,22.77199642,94.76,424,2736128,3e-05,1.7962669983506203,0.26078060269355774,0.8890921473503113,13350,0.002409474,-2.162110897898674,0.069970703125,-0.011161346593871713,0.1,,
1337,6452,22.96783211,93.01,424,2738176,3e-05,1.4044441897422075,0.20927418768405914,0.925750195980072,13360,0.0031568473,-2.273526218533516,0.085400390625,-0.012550620507681742,0.1,,
,,,,,2740000,3e-05,2.0534463219344614,0.3256053924560547,0.8973678350448608,13370,0.0023465352,-2.151921844482422,0.075390625,-0.0116912477533333,0.1,24.936985397338866,88.6
1338,6457,23.105137959999997,93.28,424,2740224,,,,,,,,,,,,
1339,6462,23.57928321,94.44,424,2742272,3e-05,2.484191349893808,0.3255869746208191,0.8431702852249146,13380,0.0023940443,-2.138122561573982,0.06533203125,-0.010268102277768776,0.1,,
1340,6467,24.07543595,93.94,424,2744320,3e-05,1.2989202480763198,0.16092246770858765,0.9228402972221375,13390,0.0030163904,-2.152155414223671,0.08515625,-0.012311342509929091,0.1,,
1341,6471,25.226407940000005,93.96,424,2746368,3e-05,1.7594659343361854,0.2740604877471924,0.9077001214027405,13400,0.002772996,-2.1148535788059233,0.084130859375,-0.009886380680836738,0.1,,
1342,6476,24.766421339999997,94.63,424,2748416,3e-05,1.1096304297447204,0.16320261359214783,0.9396654367446899,13410,0.0037143736,-2.054594936966896,0.083154296875,-0.011733836907660588,0.1,,
,,,,,2750000,3e-05,1.2589196518063546,0.2221437692642212,0.9146329164505005,13420,0.0036862232,-2.1792850524187086,0.10205078125,-0.01286178283044137,0.1,24.804979228973387,98.4
1343,6482,24.734038310000003,94.34,424,2750464,,,,,,,,,,,,
1344,6486,25.079058219999993,93.78,424,2752512,3e-05,1.6427107114344834,0.19027386605739594,0.9208975434303284,13430,0.003050457,-2.1012009769678115,0.09287109375,-0.011850949533982202,0.1,,
1345,6491,25.562481809999998,93.06,424,2754560,3e-05,2.2402089118957518,0.3999341130256653,0.8809798359870911,13440,0.0016610858,-2.0751280069351195,0.050439453125,-0.010373788559809327,0.1,,
1346,6495,24.807088349999994,93.94,424,2756608,3e-05,1.5378482975065708,0.20336830615997314,0.921517550945282,13450,0.0048059896,-2.1489360243082047,0.082275390625,-0.011014034209074453,0.1,,
1347,6500,26.343440689999998,92.61,424,2758656,3e-05,1.7317545883357526,0.25028133392333984,0.8856910467147827,13460,0.0028458484,-2.1302908927202227,0.08935546875,-0.010782728675985708,0.1,,
,,,,,2760000,3e-05,1.2123774588108063,0.18002377450466156,0.9495360255241394,13470,0.003774152,-2.1264243006706236,0.092138671875,-0.01262800291297026,0.1,21.13777208328247,98.4
1348,6505,26.129325669999993,92.86,424,2760704,,,,,,,,,,,,
1349,6510,26.57483894,92.05,424,2762752,3e-05,2.33397790491581,0.22767643630504608,0.8664080500602722,13480,0.0035583025,-2.1919369637966155,0.11337890625,-0.011843683454208076,0.1,,
1350,6515,26.42696852,92.44,424,2764800,3e-05,1.3355904933065177,0.14404211938381195,0.9119746685028076,13490,0.004003261,-2.1609014004468916,0.090185546875,-0.012030926113948227,0.1,,
1351,6519,26.15694379,93.12,424,2766848,3e-05,1.2026885099709035,0.2148486077785492,0.9364018440246582,13500,0.002887396,-2.095296485722065,0.0884765625,-0.010898695152718574,0.1,,
1352,6524,25.31523431,94.08,424,2768896,3e-05,1.5188542798161506,0.192853644490242,0.8957479596138,13510,0.0034189345,-2.2058713853359224,0.09990234375,-0.012027931754710152,0.1,,
,,,,,2770000,3e-05,1.5800517410039903,0.306503027677536,0.9007076025009155,13520,0.0026704944,-2.1156034976243974,0.08740234375,-0.010181406425544992,0.1,28.78736991882324,86.4
1353,6529,25.494654720000003,94.19,424,2770944,,,,,,,,,,,,
1354,6534,24.927336519999997,94.02,424,2772992,3e-05,1.1922399107366801,0.21254569292068481,0.9394269585609436,13530,0.004083436,-2.1376251488924027,0.103955078125,-0.013657620910089463,0.1,,
1355,6538,24.9503208,93.97,424,2775040,3e-05,1.9625606551766395,0.3841865062713623,0.8739688992500305,13540,0.0035800817,-2.1199899435043337,0.115771484375,-0.012197505086078309,0.1,,
1356,6543,25.411129690000006,93.29,424,2777088,3e-05,1.6242314320057631,0.23205703496932983,0.8998090624809265,13550,0.0030488258,-2.1647197186946867,0.09990234375,-0.013000576465856284,0.1,,
1357,6547,25.019497029999997,92.36,424,2779136,3e-05,1.6379568971693517,0.20666250586509705,0.8969354033470154,13560,0.0028924367,-2.0709917560219764,0.09755859375,-0.011841577809536829,0.1,,
,,,,,2780000,3e-05,1.4322669107466937,0.17683145403862,0.905328094959259,13570,0.0026268065,-2.128795084357262,0.063818359375,-0.010413002665154636,0.1,26.602901458740234,94.2
1358,6553,25.960067579999997,92.53,424,2781184,,,,,,,,,,,,
1359,6557,26.894286299999994,92.21,424,2783232,3e-05,1.4838507980108262,0.23972398042678833,0.9238441586494446,13580,0.0031081985,-2.1412606298923493,0.090673828125,-0.013205534190637991,0.1,,
1360,6562,26.479027640000005,92.0,424,2785280,3e-05,1.225142888724804,0.2526952028274536,0.9358298778533936,13590,0.0030175466,-2.0794221967458726,0.0880859375,-0.011213803314603865,0.1,,
1361,6566,26.687175709999998,91.8,424,2787328,3e-05,1.02438952550292,0.14689749479293823,0.9272239804267883,13600,0.0045142863,-2.1229469537734986,0.11982421875,-0.01461330356542021,0.1,,
1362,6571,26.92284645,91.5,424,2789376,3e-05,1.398638229817152,0.20031385123729706,0.902604341506958,13610,0.003719702,-2.0818430498242377,0.08095703125,-0.01006750217929948,0.1,,
,,,,,2790000,3e-05,0.8171947456896305,0.12044777721166611,0.9497780799865723,13620,0.0037732478,-2.1242116898298264,0.11357421875,-0.014606324606575072,0.1,18.57678642272949,103.2
1363,6576,26.26024738,92.91,424,2791424,,,,,,,,,,,,
1364,6581,25.721857710000005,92.73,424,2793472,3e-05,0.7748962253332138,0.1086052805185318,0.9397417306900024,13630,0.0046356255,-2.1338752686977385,0.108251953125,-0.012222718459088355,0.1,,
1365,6585,26.25509463,92.95,424,2795520,3e-05,1.1625349350273608,0.11968497186899185,0.9114769101142883,13640,0.0025591657,-2.177334952354431,0.092138671875,-0.011717532720649616,0.1,,
1366,6590,25.690518239999996,93.39,424,2797568,3e-05,0.9534712199121713,0.12176375091075897,0.923248291015625,13650,0.003578859,-2.1141520112752916,0.085595703125,-0.011766954974154942,0.1,,
1367,6594,25.62958112,92.83,424,2799616,3e-05,1.5783369839191437,0.19371263682842255,0.8975980281829834,13660,0.003146974,-2.17132283449173,0.07470703125,-0.010566871165065096,0.1,,
,,,,,2800000,3e-05,1.661942345649004,0.21660271286964417,0.9151424169540405,13670,0.0026426446,-2.1546217024326326,0.07890625,-0.010958308653789573,0.1,30.27375717163086,87.4
1368,6600,25.80526895,92.39,424,2801664,,,,,,,,,,,,
1369,6604,25.217768200000002,93.2,424,2803712,3e-05,1.9028353735804557,0.3960733413696289,0.9163334369659424,13680,0.0027652793,-2.2128237754106523,0.06953125,-0.011780642671510577,0.1,,
1370,6609,25.010302350000003,93.36,424,2805760,3e-05,1.7586507096886634,0.2900896668434143,0.8828587532043457,13690,0.003887931,-2.1333504915237427,0.09189453125,-0.011435944054392166,0.1,,
1371,6614,25.12569946,93.02,424,2807808,3e-05,0.8517955940216779,0.18024587631225586,0.9407451748847961,13700,0.0038497793,-2.1733341604471206,0.11416015625,-0.014088853454450146,0.1,,
1372,6618,25.099616760000004,93.49,424,2809856,3e-05,1.3500339392572642,0.20616160333156586,0.9324381947517395,13710,0.0033676424,-2.1818455070257188,0.097314453125,-0.012866688362555579,0.1,,
,,,,,2810000,3e-05,1.3048705026507377,0.20301008224487305,0.9243945479393005,13720,0.0032853298,-2.180853909254074,0.0951171875,-0.012817500770324841,0.1,25.75809669494629,102.2
1373,6623,25.093084739999995,93.21,424,2811904,,,,,,,,,,,,
1374,6628,25.95767675,92.67,424,2813952,3e-05,1.4218223512172699,0.26552650332450867,0.9346863627433777,13730,0.0038981908,-2.1977295339107514,0.1087890625,-0.013261714694090187,0.1,,
1375,6633,25.353487030000007,92.82,424,2816000,3e-05,1.391997893899679,0.2968004047870636,0.9272958636283875,13740,0.0036447435,-2.1592035979032516,0.113427734375,-0.013388589347596281,0.1,,
1376,6637,25.37180149,93.24,424,2818048,3e-05,1.325201639905572,0.1978275179862976,0.9263652563095093,13750,0.0036776518,-2.1643652111291884,0.08720703125,-0.011892135930247605,0.1,,
,,,,,2820000,3e-05,1.1730669155716895,0.14539502561092377,0.9363071918487549,13760,0.0037383507,-2.1639622330665587,0.10771484375,-0.013588349876226858,0.1,21.45406322479248,88.4
1377,6642,25.892841759999996,92.48,424,2820096,,,,,,,,,,,,
1378,6647,25.2887607,92.83,424,2822144,3e-05,1.4946573056280612,0.21779662370681763,0.9224745631217957,13770,0.0033053448,-2.171126112341881,0.101318359375,-0.011532334616640582,0.1,,
1379,6651,25.44118134,91.91,424,2824192,3e-05,1.450656533613801,0.2024783492088318,0.910732626914978,13780,0.002570622,-2.229112559556961,0.08056640625,-0.01340366067015566,0.1,,
1380,6656,24.910863629999998,93.06,424,2826240,3e-05,1.432498525828123,0.2986554205417633,0.9168253540992737,13790,0.0031994602,-2.145542734861374,0.07373046875,-0.010298599445377477,0.1,,
1381,6660,25.20935661,91.83,424,2828288,3e-05,1.765231005847454,0.24367938935756683,0.9238421320915222,13800,0.0025925108,-2.183593162894249,0.0818359375,-0.013098755077226087,0.1,,
,,,,,2830000,3e-05,1.287503443658352,0.17826788127422333,0.9540721774101257,13810,0.0045323353,-2.1966352254152297,0.115283203125,-0.015109772729920224,0.1,25.12474250793457,97.6
1382,6666,24.987141500000003,92.72,424,2830336,,,,,,,,,,,,
1383,6670,24.389114059999997,93.55,424,2832384,3e-05,1.924286213517189,0.38466769456863403,0.9073247909545898,13820,0.0025916407,-2.2057811975479127,0.089111328125,-0.012521737650968135,0.1,,
1384,6675,24.74019466,93.58,424,2834432,3e-05,1.5649335328489542,0.2425348162651062,0.9106783866882324,13830,0.0031611202,-2.2121473431587217,0.1015625,-0.010711284721037374,0.1,,
1385,6680,25.298049319999997,93.53,424,2836480,3e-05,1.3343100748956203,0.2000085711479187,0.9306662082672119,13840,0.0031982167,-2.121409770846367,0.08662109375,-0.011841220743372105,0.1,,
1386,6684,24.4742641,93.93,424,2838528,3e-05,1.2886213596910239,0.23603686690330505,0.9111839532852173,13850,0.0033684657,-2.161485856771469,0.091064453125,-0.013493127201218157,0.1,,
,,,,,2840000,3e-05,1.4040159206837415,0.2918063998222351,0.9094489812850952,13860,0.0040048473,-2.1798903733491897,0.12646484375,-0.013155685045057907,0.1,24.410545539855956,92.6
1387,6689,24.359281779999996,94.82,424,2840576,,,,,,,,,,,,
1388,6694,24.67716176,94.38,424,2842624,3e-05,1.951345045864582,0.2560752034187317,0.908589780330658,13870,0.0031994577,-2.217542439699173,0.098291015625,-0.011748031753813847,0.1,,
1389,6699,24.84083027,94.24,424,2844672,3e-05,0.9794224370270967,0.1407436728477478,0.941189169883728,13880,0.0036417055,-2.198527309298515,0.101171875,-0.015275740419747308,0.1,,
1390,6703,24.93594482,94.68,424,2846720,3e-05,1.0831084299832583,0.14579878747463226,0.9384013414382935,13890,0.003982231,-2.1994427740573883,0.117236328125,-0.012825865732156671,0.1,,
1391,6708,24.522575159999995,94.73,424,2848768,3e-05,0.9588702131062746,0.1736743450164795,0.9375601410865784,13900,0.003921072,-2.155852344632149,0.117333984375,-0.014429503778228537,0.1,,
,,,,,2850000,3e-05,1.6053010307252407,0.2753716707229614,0.9207293391227722,13910,0.0028383224,-2.2602665811777114,0.08935546875,-0.011907472251914441,0.1,30.82343864440918,93.4
1392,6713,25.037126429999994,94.08,424,2850816,,,,,,,,,,,,
1393,6718,24.984129759999995,94.34,424,2852864,3e-05,1.3345573615282773,0.15814214944839478,0.9324619770050049,13920,0.004350178,-2.2409249991178513,0.090966796875,-0.012075714446837083,0.1,,
1394,6722,24.158800460000002,94.53,424,2854912,3e-05,1.5071528431028127,0.2598079442977905,0.9043800830841064,13930,0.0030306806,-2.20469311773777,0.084619140625,-0.01155789322219789,0.1,,
1395,6727,24.01400804,94.27,424,2856960,3e-05,1.5328960701823235,0.28626635670661926,0.893274188041687,13940,0.0030856624,-2.2855840623378754,0.113671875,-0.014302837883587927,0.1,,
1396,6732,23.763664329999997,95.26,424,2859008,3e-05,2.1121589452028275,0.2085554301738739,0.9066962003707886,13950,0.003287742,-2.2522972762584685,0.074267578125,-0.012048539420356974,0.1,,
,,,,,2860000,3e-05,1.8803457371890544,0.3798317015171051,0.8946352005004883,13960,0.002921379,-2.1754593580961226,0.0896484375,-0.01014055153937079,0.1,24.7528564453125,95.0
1397,6738,24.038017339999996,94.29,424,2861056,,,,,,,,,,,,
1398,6742,24.113698760000002,94.03,424,2863104,3e-05,1.7226082742214204,0.30104589462280273,0.905597448348999,13970,0.003799487,-2.236020550131798,0.111767578125,-0.013207880037953146,0.1,,
1399,6747,24.24405788,93.74,424,2865152,3e-05,1.3263515587896109,0.1691092550754547,0.9342694878578186,13980,0.0036743507,-2.2866304606199264,0.10556640625,-0.013858913123840466,0.1,,
1400,6752,24.57575732,93.5,424,2867200,3e-05,1.6291218295693397,0.19114089012145996,0.9126949310302734,13990,0.0035448223,-2.181324526667595,0.108056640625,-0.011579357099253684,0.1,,
1401,6757,25.280898630000003,92.55,424,2869248,3e-05,1.6094768673181534,0.25968730449676514,0.9077945947647095,14000,0.0037496188,-2.1474523454904557,0.098193359375,-0.01252231652615592,0.1,,
,,,,,2870000,3e-05,1.035551780462265,0.16123321652412415,0.9201302528381348,14010,0.0043334686,-2.1642274618148805,0.120068359375,-0.015442541567608714,0.1,26.081923294067384,90.4
1402,6762,25.65171322,91.83,424,2871296,,,,,,,,,,,,
1403,6767,25.038616110000003,92.22,424,2873344,3e-05,1.7131218932569028,0.2652984857559204,0.8908995389938354,14020,0.002397092,-2.140293201804161,0.080615234375,-0.011265951406676323,0.1,,
1404,6771,25.31786156,91.65,424,2875392,3e-05,1.707678658887744,0.21891826391220093,0.9124941229820251,14030,0.0026221669,-2.2091890662908553,0.070458984375,-0.01221901245880872,0.1,,
1405,6776,25.596459749999998,91.0,424,2877440,3e-05,1.3964870631694795,0.2822982668876648,0.9201360940933228,14040,0.0029959553,-2.1598719328641893,0.074609375,-0.011426234440295956,0.1,,
1406,6780,24.542971149999993,91.45,424,2879488,3e-05,1.663041315227747,0.23294919729232788,0.90251225233078,14050,0.003552623,-2.214653116464615,0.0796875,-0.010955691308481619,0.1,,
,,,,,2880000,3e-05,1.905821568518877,0.29140183329582214,0.8910545110702515,14060,0.00297269,-2.1626051694154738,0.078662109375,-0.010795162699650973,0.1,22.778975105285646,92.8
1407,6786,24.525719170000006,93.56,424,2881536,,,,,,,,,,,,
1408,6790,24.981996540000004,92.43,424,2883584,3e-05,1.7175137415528297,0.24577215313911438,0.8861311674118042,14070,0.0028844625,-2.2784756481647492,0.092236328125,-0.011786207226396072,0.1,,
1409,6795,24.30173956,94.07,424,2885632,3e-05,1.950039828568697,0.23990923166275024,0.8969128727912903,14080,0.003185947,-2.224525365233421,0.087646484375,-0.012553350544476417,0.1,,
1410,6799,24.384635510000003,94.01,424,2887680,3e-05,1.4963223528116942,0.18834616243839264,0.9276974201202393,14090,0.002887175,-2.2116061389446258,0.09169921875,-0.011543794322642497,0.1,,
1411,6804,23.991636780000004,93.86,424,2889728,3e-05,2.052969262748957,0.29999223351478577,0.8919009566307068,14100,0.0031891433,-2.209853917360306,0.09990234375,-0.012352770811412483,0.1,,
,,,,,2890000,3e-05,1.7169104740023613,0.3048793077468872,0.887596845626831,14110,0.0031777169,-2.2766780287027357,0.08076171875,-0.0117541779007297,0.1,24.303957366943358,101.2
1412,6810,24.871768819999996,94.13,424,2891776,,,,,,,,,,,,
1413,6814,24.22982838,94.27,424,2893824,3e-05,1.5691441409289837,0.2258184403181076,0.9297821521759033,14120,0.0033782872,-2.25258691906929,0.085205078125,-0.014063427655491978,0.1,,
1414,6818,23.272723890000005,94.0,424,2895872,3e-05,2.3942851588129996,0.4764817953109741,0.890845537185669,14130,0.0029150941,-2.2821603298187254,0.08974609375,-0.01204322640551254,0.1,,
1415,6823,23.888684830000003,93.73,424,2897920,3e-05,2.03279404938221,0.4000881314277649,0.8090555667877197,14140,0.0038155983,-2.298345708847046,0.10390625,-0.014088705321773887,0.1,,
1416,6827,24.23817444,92.13,424,2899968,3e-05,2.015879449248314,0.3073780834674835,0.8878901600837708,14150,0.002541181,-2.254498264193535,0.100634765625,-0.013326960359700024,0.1,,
,,,,,2900000,3e-05,1.7934119556099177,0.18184205889701843,0.9004230499267578,14160,0.0035193318,-2.187784504890442,0.086181640625,-0.012176413284032605,0.1,27.169841289520264,93.4
1417,6833,24.673448580000002,93.02,424,2902016,,,,,,,,,,,,
1418,6837,25.259061589999998,93.06,424,2904064,3e-05,1.740982311218977,0.40658074617385864,0.9193853139877319,14170,0.0045116562,-2.3030150324106216,0.107421875,-0.01273542266280856,0.1,,
1419,6842,25.900563399999996,92.57,424,2906112,3e-05,1.1036515686661006,0.114663265645504,0.9412740468978882,14180,0.0040645497,-2.2223157048225404,0.12685546875,-0.012776784191373736,0.1,,
1420,6847,25.657398180000005,93.62,424,2908160,3e-05,1.1072741512209177,0.1374073177576065,0.9408886432647705,14190,0.0041838447,-2.2006110519170763,0.090234375,-0.012834249413572252,0.1,,
,,,,,2910000,3e-05,1.437386605516076,0.2164592295885086,0.9223117232322693,14200,0.005240539,-2.1988895684480667,0.107958984375,-0.011169023980619386,0.1,27.886847305297852,87.4
1421,6852,25.280411750000003,94.8,424,2910208,,,,,,,,,,,,
1422,6856,25.235130530000003,95.57,424,2912256,3e-05,1.1294736407697201,0.25264307856559753,0.9445202350616455,14210,0.0037511513,-2.22573598921299,0.10009765625,-0.012387477851007134,0.1,,
1423,6861,25.241129370000003,94.75,424,2914304,3e-05,1.4632501173764467,0.18823274970054626,0.9199590682983398,14220,0.0035479367,-2.212775561213493,0.10029296875,-0.013231915602227673,0.1,,
1424,6865,25.563763080000005,94.14,424,2916352,3e-05,1.2286996852606535,0.22347679734230042,0.9242218136787415,14230,0.003668444,-2.2200994074344633,0.106005859375,-0.012824213935527951,0.1,,
1425,6870,24.59167603,94.55,424,2918400,3e-05,1.827528253570199,0.22983701527118683,0.8837839961051941,14240,0.002431434,-2.1538745135068895,0.087841796875,-0.01169151289795991,0.1,,
,,,,,2920000,3e-05,1.023656729236245,0.21678954362869263,0.94035404920578,14250,0.0031079752,-2.1944871217012407,0.09833984375,-0.014042691804934292,0.1,28.057410049438477,86.2
1426,6875,24.644163699999993,95.41,424,2920448,,,,,,,,,,,,
1427,6880,24.075260139999997,95.91,424,2922496,3e-05,1.1050871204584838,0.18981030583381653,0.9390779137611389,14260,0.0035650982,-2.23899182677269,0.109033203125,-0.0127638828009367,0.1,,
1428,6885,23.732979600000004,96.73,424,2924544,3e-05,2.0272709250450136,0.2172490954399109,0.8864957094192505,14270,0.003286846,-2.218849408626556,0.08349609375,-0.011290506483055652,0.1,,
1429,6889,24.13345132,96.36,424,2926592,3e-05,1.5358976144343615,0.2973473072052002,0.9161018133163452,14280,0.004353058,-2.206071412563324,0.109716796875,-0.01217721591820009,0.1,,
1430,6894,24.56462921,95.44,424,2928640,3e-05,1.1949352286756039,0.2345978319644928,0.9269710779190063,14290,0.0040780352,-2.179532051086426,0.1078125,-0.012121005699736998,0.1,,
,,,,,2930000,3e-05,1.208022277057171,0.17766210436820984,0.9433125257492065,14300,0.0032725255,-2.166446128487587,0.113818359375,-0.013653352583060042,0.1,18.89948978424072,96.0
1431,6899,24.66209334,94.62,424,2930688,,,,,,,,,,,,
1432,6904,25.46811033,94.49,424,2932736,3e-05,1.4883371956646443,0.239981010556221,0.9253708720207214,14310,0.0038484377,-2.1564515590667725,0.103466796875,-0.012178801657864825,0.1,,
1433,6908,26.337755519999995,94.01,424,2934784,3e-05,1.3523436941206455,0.19809205830097198,0.927697479724884,14320,0.002880908,-2.180411833524704,0.089208984375,-0.010656308027682826,0.1,,
1434,6913,26.425729600000004,93.71,424,2936832,3e-05,1.098163440078497,0.17682483792304993,0.9424444437026978,14330,0.0046465863,-2.1831189662218096,0.122509765625,-0.01415815356594976,0.1,,
1435,6917,26.61698234,92.29,424,2938880,3e-05,1.4320360898971558,0.2729947865009308,0.9413046836853027,14340,0.0032405776,-2.217838817834854,0.1009765625,-0.014276528329355642,0.1,,
,,,,,2940000,3e-05,1.6964530855417252,0.22966820001602173,0.9203025102615356,14350,0.003514103,-2.2368960797786714,0.082177734375,-0.01131141815567389,0.1,27.443937301635742,90.8
1436,6922,26.443592480000007,92.07,424,2940928,,,,,,,,,,,,
1437,6927,26.287555710000003,92.11,424,2942976,3e-05,2.8456446684896948,0.3957785367965698,0.842461109161377,14360,0.0025424347,-2.237703004479408,0.094970703125,-0.011214495537569747,0.1,,
1438,6931,24.875206709999993,92.86,424,2945024,3e-05,2.1538977079093455,0.3415782153606415,0.8880499005317688,14370,0.0026381165,-2.182486501336098,0.067919921875,-0.010773007909301668,0.1,,
1439,6936,25.476596359999995,93.68,424,2947072,3e-05,2.3812349110841753,0.34523794054985046,0.8859678506851196,14380,0.002031626,-2.214946520328522,0.061669921875,-0.0099775370239513,0.1,,
1440,6941,25.18559624,94.52,424,2949120,3e-05,1.3410954002290965,0.17311522364616394,0.9380217790603638,14390,0.002941549,-2.2126771330833437,0.080029296875,-0.013125198025954887,0.1,,
,,,,,2950000,3e-05,1.0034135516732932,0.1441790759563446,0.9478126764297485,14400,0.0047387327,-2.194423446059227,0.113916015625,-0.013026770204305649,0.1,29.073090744018554,92.8
1441,6946,25.489771240000003,94.14,424,2951168,,,,,,,,,,,,
1442,6950,26.328883659999995,94.34,424,2953216,3e-05,1.7002699926495553,0.28380611538887024,0.8753954172134399,14410,0.0050229165,-2.1749856621026993,0.11337890625,-0.01293969260295853,0.1,,
1443,6955,25.850217200000003,94.66,424,2955264,3e-05,1.001035213842988,0.1622440665960312,0.9332137107849121,14420,0.003696494,-2.2065063655376433,0.12783203125,-0.013937580096535385,0.1,,
1444,6960,25.29912428,94.17,424,2957312,3e-05,2.0798940524458884,0.33857080340385437,0.8740618824958801,14430,0.002640149,-2.1917092740535735,0.099658203125,-0.010447836774983444,0.1,,
1445,6964,24.498833230000006,94.63,424,2959360,3e-05,1.489716998487711,0.26842421293258667,0.8817883133888245,14440,0.0028446438,-2.24653759598732,0.089111328125,-0.013039984289207496,0.1,,
,,,,,2960000,3e-05,0.7750187933444976,0.09854554384946823,0.9415690302848816,14450,0.004555571,-2.1747592985630035,0.13984375,-0.016057073444244452,0.1,22.18658447265625,93.2
1446,6970,23.40759391,96.07,424,2961408,,,,,,,,,,,,
1447,6974,23.525054249999997,95.49,424,2963456,3e-05,2.4883094802498817,0.8477993011474609,0.8994129300117493,14460,0.0025256881,-2.215927165746689,0.09677734375,-0.009407355973962694,0.1,,
1448,6979,23.19479377,96.39,424,2965504,3e-05,1.6059155099093914,0.20159408450126648,0.9190678000450134,14470,0.003431874,-2.1426249116659166,0.087255859375,-0.01297793369158171,0.1,,
1449,6983,24.030891190000002,95.12,424,2967552,3e-05,1.8598995357751846,0.24790418148040771,0.9231173992156982,14480,0.004115293,-2.201009914278984,0.094189453125,-0.012512901634909212,0.1,,
1450,6988,25.14419097,93.04,424,2969600,3e-05,1.606168583780527,0.22670768201351166,0.9233354330062866,14490,0.0066274046,-2.267368820309639,0.11005859375,-0.012569157051621005,0.1,,
,,,,,2970000,3e-05,1.1064980149269104,0.12300513684749603,0.942932665348053,14500,0.0041387198,-2.165814960002899,0.13173828125,-0.013013265980407595,0.1,29.94894142150879,88.2
1451,6993,25.306193569999994,92.98,424,2971648,,,,,,,,,,,,
1452,6997,26.127190110000004,92.01,424,2973696,3e-05,1.333708855509758,0.18148770928382874,0.9208598136901855,14510,0.0053717205,-2.1897276759147646,0.12958984375,-0.014918885933002456,0.1,,
1453,7002,25.59452016,91.95,424,2975744,3e-05,1.9655861422419547,0.31179094314575195,0.8958640098571777,14520,0.0032974998,-2.2200866430997848,0.111767578125,-0.013930238649481907,0.1,,
1454,7007,24.865628880000003,92.89,424,2977792,3e-05,1.7443565621972084,0.3177088797092438,0.8922418355941772,14530,0.0032366107,-2.1846109867095946,0.09287109375,-0.012637403613189236,0.1,,
1455,7011,25.321373089999998,92.67,424,2979840,3e-05,1.4942555963993072,0.42026597261428833,0.9115703701972961,14540,0.0032583922,-2.2278565973043443,0.10380859375,-0.013703175861155614,0.1,,
,,,,,2980000,3e-05,1.5286356225609778,0.3138737976551056,0.9239841103553772,14550,0.003274165,-2.1258281260728835,0.08486328125,-0.013081426417920738,0.1,18.81370449066162,100.0
1456,7016,24.851754269999997,93.79,424,2981888,,,,,,,,,,,,
1457,7021,24.423971990000005,93.44,424,2983936,3e-05,1.3186607073992491,0.13396570086479187,0.942622721195221,14560,0.0044230586,-2.2141744077205656,0.13466796875,-0.012699926510686054,0.1,,
1458,7026,24.32981778,93.61,424,2985984,3e-05,1.7828330397605896,0.24405129253864288,0.8775753378868103,14570,0.0048400075,-2.214955872297287,0.135498046875,-0.010333077376708388,0.1,,
1459,7030,23.861499419999994,94.31,424,2988032,3e-05,1.331590362638235,0.2141869068145752,0.9340268969535828,14580,0.0035112854,-2.1799178212881087,0.108935546875,-0.012790802191011608,0.1,,
,,,,,2990000,3e-05,1.206102529540658,0.2402220368385315,0.9334425330162048,14590,0.0033318517,-2.19877190887928,0.11494140625,-0.013291806369670667,0.1,27.092302894592287,83.0
1460,7036,23.367900450000008,94.44,424,2990080,,,,,,,,,,,,
1461,7040,24.097041169999997,94.35,424,2992128,3e-05,1.7157799132168292,0.26980072259902954,0.924562931060791,14600,0.00452618,-2.2221312880516053,0.117822265625,-0.013166138023370877,0.1,,
1462,7045,24.39715366,95.73,424,2994176,3e-05,1.181389069184661,0.1279868334531784,0.9458552002906799,14610,0.0038484135,-2.1261859834194183,0.11025390625,-0.013478692155331373,0.1,,
1463,7049,25.38471228,94.35,425,2996224,3e-05,1.5415371388196946,0.2587498426437378,0.9285951256752014,14620,0.0034510354,-2.096601614356041,0.088916015625,-0.012063644485897385,0.1,,
1464,7054,25.307528030000004,94.67,425,2998272,3e-05,1.361400369554758,0.21012702584266663,0.9295082092285156,14630,0.0035015978,-2.12952544093132,0.1109375,-0.013961262337397784,0.1,,
,,,,,3000000,3e-05,1.4305314157158135,0.23347125947475433,0.9301351308822632,14640,0.004079924,-2.1142982274293898,0.09423828125,-0.01166299058822915,0.1,28.708036804199217,89.6
1465,7059,25.051682250000002,94.72,424,3000320,,,,,,,,,,,,
1466,7064,26.33327173,93.19,425,3002368,3e-05,1.3143972396850585,0.17079219222068787,0.912063717842102,14650,0.0049794745,-2.157693329453468,0.144677734375,-0.015778196835890414,0.1,,
1467,7068,26.045811320000002,93.18,425,3004416,3e-05,1.6223787829279899,0.2532949149608612,0.9126495122909546,14660,0.007381426,-2.084328442811966,0.11123046875,-0.01165877076855395,0.1,,
1468,7073,25.833568510000006,93.47,425,3006464,3e-05,1.0843438606709241,0.13254010677337646,0.9273815751075745,14670,0.0073664226,-2.1403350830078125,0.128515625,-0.013127837632782757,0.1,,
1469,7078,26.42000691,93.27,425,3008512,3e-05,2.2547864474356176,0.3335484266281128,0.8815592527389526,14680,0.0029504993,-2.1528318017721175,0.15234375,-0.00756783811666537,0.1,,
,,,,,3010000,3e-05,1.6462325900793076,0.38822901248931885,0.9173949956893921,14690,0.003483845,-2.1435458779335024,0.117822265625,-0.014880796955549159,0.1,26.101340293884277,88.0
1470,7083,25.85812062,93.99,424,3010560,,,,,,,,,,,,
1471,7088,26.010764140000003,94.3,424,3012608,3e-05,2.370980590581894,0.5065589547157288,0.8761029243469238,14700,0.0027941472,-2.154579672217369,0.073486328125,-0.012351013824809343,0.1,,
1472,7093,25.319437999999995,95.05,424,3014656,3e-05,1.6204299323260785,0.2681482434272766,0.9336929321289062,14710,0.0037234128,-2.1474234402179717,0.10068359375,-0.012508500658441335,0.1,,
1473,7098,25.58412722,95.08,424,3016704,3e-05,1.661438400298357,0.26135265827178955,0.916759729385376,14720,0.002989806,-2.218168169260025,0.09169921875,-0.0120697736449074,0.1,,
1474,7102,25.418683139999995,94.16,425,3018752,3e-05,1.40246307477355,0.2692120671272278,0.9369196891784668,14730,0.0038308757,-2.2167718440294264,0.08564453125,-0.013229697397036944,0.1,,
,,,,,3020000,3e-05,1.5664826489984989,0.2023051381111145,0.9036945700645447,14740,0.0033754073,-2.123716300725937,0.099658203125,-0.011592341749928892,0.1,26.416530227661134,96.6
1475,7108,25.58015884000001,94.92,424,3020800,,,,,,,,,,,,
1476,7112,25.04202199000001,94.84,424,3022848,3e-05,1.8203248366713525,0.24358980357646942,0.9043488502502441,14750,0.0032349678,-2.0954760551452636,0.123583984375,-0.010217130702221766,0.1,,
1477,7117,25.554154430000004,93.67,425,3024896,3e-05,1.1844030361622573,0.14754635095596313,0.9437649846076965,14760,0.0036806115,-2.1525256603956224,0.12001953125,-0.014294899872038514,0.1,,
1478,7122,24.67654242,94.49,425,3026944,3e-05,1.6763082426041365,0.22842469811439514,0.9045856595039368,14770,0.0032301205,-2.164658099412918,0.081591796875,-0.013829509451170452,0.1,,
1479,7126,24.373349570000002,94.47,425,3028992,3e-05,1.447525740787387,0.18954148888587952,0.916356086730957,14780,0.003179809,-2.200191232562065,0.1,-0.012684838054701686,0.1,,
,,,,,3030000,3e-05,1.702013900130987,0.25331395864486694,0.90748131275177,14790,0.0027860594,-2.1249852061271666,0.07724609375,-0.012405897834105417,0.1,18.986340141296388,103.6
1480,7132,24.75176634,93.26,424,3031040,,,,,,,,,,,,
1481,7136,25.116526160000003,93.16,424,3033088,3e-05,1.1056804958730937,0.17310234904289246,0.9256629347801208,14800,0.006482828,-2.0907608419656754,0.131201171875,-0.013112493924563751,0.1,,
1482,7141,25.734996929999998,92.49,425,3035136,3e-05,1.2524238362908364,0.18917199969291687,0.9266064763069153,14810,0.0037205662,-2.074700929224491,0.103369140625,-0.013189482476445847,0.1,,
1483,7145,25.67936003000001,91.91,425,3037184,3e-05,1.511173339933157,0.36107444763183594,0.935269296169281,14820,0.0028687282,-2.0534619808197023,0.0998046875,-0.011360575151047669,0.1,,
1484,7150,25.62831195999999,93.56,425,3039232,3e-05,1.7337265610694885,0.331313818693161,0.9120678305625916,14830,0.0037438963,-2.11365667283535,0.094970703125,-0.012040420298581012,0.1,,
,,,,,3040000,3e-05,1.2815148036926984,0.2778773307800293,0.9250527024269104,14840,0.003893462,-2.0853949308395388,0.093115234375,-0.012763180234469474,0.1,26.124121856689452,93.2
1485,7155,25.798817640000003,94.05,425,3041280,,,,,,,,,,,,
1486,7160,25.491731529999996,93.43,425,3043328,3e-05,1.2771300714462996,0.22144046425819397,0.9220900535583496,14850,0.0044483403,-2.0699901625514032,0.118408203125,-0.011826063133776188,0.1,,
1487,7165,25.037724570000005,94.77,425,3045376,3e-05,1.9307666312903167,0.29996904730796814,0.8867989778518677,14860,0.0042323563,-2.0798420310020447,0.109375,-0.012289954426523763,0.1,,
1488,7170,26.136386290000004,94.47,425,3047424,3e-05,1.2480831053107977,0.19493582844734192,0.9304208159446716,14870,0.0029906146,-2.0433255404233934,0.12021484375,-0.009135530842468143,0.1,,
1489,7174,26.204343780000002,92.37,425,3049472,3e-05,1.1002001781016588,0.1407216191291809,0.9363107681274414,14880,0.004332819,-2.0156410217285154,0.09638671875,-0.012211014857166446,0.1,,
,,,,,3050000,3e-05,1.1195360247045756,0.22544197738170624,0.9419515132904053,14890,0.0036603212,-2.066335994005203,0.10791015625,-0.012748080334858969,0.1,24.80556983947754,98.4
1490,7180,25.711629589999998,93.56,424,3051520,,,,,,,,,,,,
1491,7185,25.178975399999995,95.34,424,3053568,3e-05,1.7051776871085167,0.2760654389858246,0.9101371169090271,14900,0.0025615315,-2.149261513352394,0.07431640625,-0.011102113028755412,0.1,,
1492,7190,24.55938245,95.29,424,3055616,3e-05,1.564234633743763,0.3048514723777771,0.9184186458587646,14910,0.0034709964,-2.0476237192749975,0.0724609375,-0.010906686366070062,0.1,,
1493,7194,24.505734959999998,95.57,424,3057664,3e-05,1.6687562957406044,0.21961519122123718,0.8676931858062744,14920,0.0027038576,-2.0613413214683534,0.073779296875,-0.011663897157995961,0.1,,
1494,7199,24.373058079999996,95.49,424,3059712,3e-05,1.309453272819519,0.14725810289382935,0.912731409072876,14930,0.0034563246,-2.036304135620594,0.115966796875,-0.012217202235478907,0.1,,
,,,,,3060000,3e-05,1.2014875665307045,0.15916883945465088,0.9028919339179993,14940,0.004362777,-2.047743062674999,0.114404296875,-0.013723172823665664,0.1,28.292232513427734,95.6
1495,7204,24.509507029999998,95.75,424,3061760,,,,,,,,,,,,
1496,7209,25.83243981,94.53,424,3063808,3e-05,1.3074828144162893,0.26542335748672485,0.9187666177749634,14950,0.0046665426,-2.0321716859936716,0.106201171875,-0.014095133243245073,0.1,,
1497,7213,26.621703490000005,93.65,425,3065856,3e-05,0.8349094031378627,0.06496557593345642,0.959007978439331,14960,0.005486088,-2.0282964050769805,0.135595703125,-0.01379531336715445,0.1,,
1498,7218,27.19306769,92.62,425,3067904,3e-05,0.9209138475358486,0.15800249576568604,0.9532669186592102,14970,0.0049199904,-2.033496668934822,0.1201171875,-0.013741403131280094,0.1,,
1499,7222,27.422634480000006,93.24,425,3069952,3e-05,1.3017833411693573,0.19366517663002014,0.9367644190788269,14980,0.0033322615,-2.0703247129917144,0.091064453125,-0.0121917237265734,0.1,,
,,,,,3070000,3e-05,0.942460284754634,0.15489475429058075,0.9369344115257263,14990,0.0041226647,-2.055761271715164,0.113623046875,-0.014400312770158052,0.1,25.446734046936037,96.8
1500,7228,26.866940250000003,93.33,424,3072000,,,,,,,,,,,,
1501,7232,26.34776955,93.79,425,3074048,3e-05,1.0686537224799395,0.18339011073112488,0.9306742548942566,15000,0.003611078,-2.0738288670778275,0.089697265625,-0.01227523632114753,0.1,,
1502,7237,25.297373880000006,94.52,425,3076096,3e-05,0.914364418759942,0.123120978474617,0.9570432901382446,15010,0.005187287,-2.0575188651680945,0.12548828125,-0.015279347100295127,0.1,,
1503,7242,26.182916189999997,94.33,425,3078144,3e-05,1.3062732499092817,0.16740091145038605,0.9289517998695374,15020,0.0047561317,-2.0781635373830794,0.116552734375,-0.013767392002046108,0.1,,
,,,,,3080000,3e-05,0.734781682677567,0.036767736077308655,0.9494426846504211,15030,0.004968807,-2.0634261667728424,0.1203125,-0.012572752620326356,0.1,18.360975074768067,102.2
1504,7247,26.558573169999995,94.72,424,3080192,,,,,,,,,,,,
1505,7252,26.349499739999995,94.58,424,3082240,3e-05,1.4896833177655935,0.24200457334518433,0.9133797883987427,15040,0.002479286,-2.053986996412277,0.08125,-0.011220782081363723,0.1,,
1506,7256,26.08897647,94.21,425,3084288,3e-05,1.6356481611728668,0.2849307954311371,0.9043214321136475,15050,0.0032742126,-2.0558928921818733,0.086083984375,-0.010251756376237608,0.1,,
1507,7261,25.458067139999997,95.11,425,3086336,3e-05,2.669458882510662,0.4095795750617981,0.8691247701644897,15060,0.003439898,-2.079352210462093,0.080126953125,-0.011009235942037777,0.1,,
1508,7266,25.27602901,94.6,425,3088384,3e-05,1.5345804959535598,0.23566383123397827,0.9207106232643127,15070,0.0024008127,-2.10244083404541,0.0638671875,-0.010626714766840451,0.1,,
,,,,,3090000,3e-05,1.2181477203965188,0.1982790231704712,0.9317126274108887,15080,0.0049760016,-2.1294292390346525,0.1166015625,-0.013830601301742717,0.1,29.577237701416017,88.6
1509,7271,25.150075700000002,93.86,424,3090432,,,,,,,,,,,,
1510,7276,25.30359309,92.79,425,3092480,3e-05,1.290069567784667,0.14563339948654175,0.9241448640823364,15090,0.004398036,-2.0902517586946487,0.099365234375,-0.01107117438223213,0.1,,
1511,7280,25.303843509999997,93.19,425,3094528,3e-05,1.7424095369875432,0.22757595777511597,0.9263505339622498,15100,0.0041178586,-2.1142981231212614,0.105322265625,-0.011685906304046511,0.1,,
1512,7285,25.85492295,91.75,425,3096576,3e-05,1.884223146736622,0.25066667795181274,0.8899478912353516,15110,0.0037199277,-2.131095588207245,0.10126953125,-0.012081413701525889,0.1,,
1513,7289,25.20429465,91.84,425,3098624,3e-05,1.93944800645113,0.3034607172012329,0.896841287612915,15120,0.0033450976,-2.1482682049274446,0.100244140625,-0.012221417704131455,0.1,,
,,,,,3100000,3e-05,2.1755233973264696,0.3144606947898865,0.8845943212509155,15130,0.0033856174,-2.163168281316757,0.079052734375,-0.012913718644995242,0.1,34.67112007141113,83.4
1514,7295,24.38934394,92.39,425,3100672,,,,,,,,,,,,
1515,7299,24.930926239999998,91.88,425,3102720,3e-05,1.5215910039842129,0.1767881214618683,0.9181243777275085,15140,0.0036181668,-2.1612320870161055,0.10537109375,-0.013039245666004718,0.1,,
1516,7304,25.31709343,91.85,425,3104768,3e-05,1.5074035678058864,0.22844380140304565,0.9143595695495605,15150,0.0039605265,-2.0969725444912912,0.102783203125,-0.014244730945210903,0.1,,
1517,7308,25.52369472000001,92.58,425,3106816,3e-05,1.7053213492035866,0.27589839696884155,0.899942934513092,15160,0.0033055819,-2.1193161427974703,0.103076171875,-0.010144879558356478,0.1,,
1518,7313,25.264763950000003,92.53,425,3108864,3e-05,1.7203662410378455,0.3539370000362396,0.8959637880325317,15170,0.0038868007,-2.0977232962846757,0.087158203125,-0.013287056080298499,0.1,,
,,,,,3110000,3e-05,1.4576030720025301,0.17584970593452454,0.9014069437980652,15180,0.004286698,-2.125000038743019,0.12783203125,-0.013693541797692887,0.1,27.130566024780272,95.4
1519,7318,25.113427290000004,93.66,425,3110912,,,,,,,,,,,,
1520,7323,25.637157900000002,93.68,425,3112960,3e-05,1.181363869458437,0.14524346590042114,0.9381157755851746,15190,0.006571378,-2.2102914065122605,0.16708984375,-0.011389381357003004,0.1,,
1521,7327,25.871272770000004,93.05,425,3115008,3e-05,0.9836997896432876,0.1417974978685379,0.9476051330566406,15200,0.0052918354,-2.0738265231251716,0.13212890625,-0.014135898341191933,0.1,,
1522,7332,26.46731944,93.93,425,3117056,3e-05,1.8139930643141269,0.22657284140586853,0.8973397016525269,15210,0.0036838143,-2.1253561437129975,0.0890625,-0.011588803344056941,0.1,,
1523,7337,26.84051769,93.33,425,3119104,3e-05,1.1872326627373695,0.1769251972436905,0.9273941516876221,15220,0.0038387964,-2.1551852941513063,0.09990234375,-0.01204106827499345,0.1,,
,,,,,3120000,3e-05,1.2473856065422297,0.1712845116853714,0.9342387318611145,15230,0.003665836,-2.090660348534584,0.10966796875,-0.012063679523998871,0.1,27.593161964416502,95.8
1524,7342,27.133825,92.6,425,3121152,,,,,,,,,,,,
1525,7347,26.815445419999996,93.87,425,3123200,3e-05,1.209549981728196,0.18705782294273376,0.9321208000183105,15240,0.0052275774,-2.1627469837665556,0.128759765625,-0.014314296189695597,0.1,,
1526,7352,26.40938357,94.07,425,3125248,3e-05,1.0663660176098346,0.1490592360496521,0.9380995035171509,15250,0.004836602,-2.1141280740499497,0.119775390625,-0.01316550892079249,0.1,,
1527,7356,26.682105630000002,93.83,425,3127296,3e-05,1.1534513108432294,0.16413423418998718,0.922903299331665,15260,0.005229648,-2.11702538728714,0.106396484375,-0.014178082448779605,0.1,,
1528,7361,26.788050790000003,93.82,425,3129344,3e-05,1.320114381238818,0.2348892241716385,0.9302417635917664,15270,0.0034236321,-2.081918977200985,0.098583984375,-0.014105568677769043,0.1,,
,,,,,3130000,3e-05,1.6512480415403843,0.2868419289588928,0.9054539799690247,15280,0.0031244215,-2.075171467661858,0.1056640625,-0.01102833537152037,0.1,26.158037185668945,97.8
1529,7366,26.15415383,95.12,425,3131392,,,,,,,,,,,,
1530,7371,26.491728139999996,94.37,425,3133440,3e-05,2.0000996209681032,0.28817418217658997,0.8684279322624207,15290,0.003712794,-2.1264724016189573,0.10078125,-0.00847948796581477,0.1,,
1531,7375,25.19039084,95.19,425,3135488,3e-05,0.9047583784908056,0.1125350296497345,0.9242886304855347,15300,0.005368078,-2.1224789083004,0.102783203125,-0.01305771290208213,0.1,,
1532,7380,25.8756562,94.07,425,3137536,3e-05,2.462705310434103,0.41314977407455444,0.8541918992996216,15310,0.0025197365,-2.1871086090803145,0.106396484375,-0.009530158701818437,0.1,,
1533,7384,24.870609639999994,93.98,425,3139584,3e-05,1.427975906059146,0.2467411607503891,0.924103319644928,15320,0.004538275,-2.1200736433267595,0.1103515625,-0.011637674533994868,0.1,,
,,,,,3140000,3e-05,1.3652616556733848,0.2319447100162506,0.9224787950515747,15330,0.0045105694,-2.2037495970726013,0.110546875,-0.01314206119859591,0.1,21.397459828853606,87.4
1534,7390,24.762220679999995,94.58,425,3141632,,,,,,,,,,,,
1535,7394,24.82295939,94.59,425,3143680,3e-05,1.3482547000050544,0.24811911582946777,0.9211523532867432,15340,0.0043126643,-2.1336380779743194,0.11591796875,-0.01335074573289603,0.1,,
1536,7399,24.44419489,94.92,425,3145728,3e-05,1.4568972527980804,0.2132236808538437,0.8764244914054871,15350,0.004268581,-2.141934707760811,0.112451171875,-0.011822874718927779,0.1,,
1537,7404,23.939808599999996,95.03,425,3147776,3e-05,0.7913760263472795,0.10241561383008957,0.9468300938606262,15360,0.004960986,-2.1611316442489623,0.1298828125,-0.013986705290153622,0.1,,
1538,7409,24.74869885,94.44,425,3149824,3e-05,1.000636651739478,0.15271583199501038,0.9335571527481079,15370,0.0045213946,-2.125619646906853,0.1130859375,-0.013276434730505571,0.1,,
,,,,,3150000,3e-05,1.2598064340651036,0.17282333970069885,0.9376312494277954,15380,0.003838296,-2.0364733755588533,0.093994140625,-0.012212177243782207,0.1,29.987332916259767,92.0
1539,7414,25.8657541,93.24,425,3151872,,,,,,,,,,,,
1540,7419,25.312708830000002,93.7,425,3153920,3e-05,1.0683091796934605,0.17798736691474915,0.946012020111084,15390,0.0036264074,-2.108690991997719,0.110400390625,-0.013875178605667315,0.1,,
1541,7424,25.843992359999998,93.29,425,3155968,3e-05,1.4055938500910998,0.22420570254325867,0.9123809933662415,15400,0.0036989923,-2.097352868318558,0.083984375,-0.012818317994242535,0.1,,
1542,7429,25.554142620000004,93.27,425,3158016,3e-05,1.0266330927610396,0.11927168071269989,0.9426205158233643,15410,0.0033857902,-2.0989788830280305,0.101171875,-0.012099722266430035,0.1,,
,,,,,3160000,3e-05,1.151303044334054,0.1915213018655777,0.9368842840194702,15420,0.0032446368,-2.0775139927864075,0.085693359375,-0.012067740951897577,0.1,22.20570468902588,94.8
1543,7435,25.70480353,93.38,425,3160064,,,,,,,,,,,,
1544,7439,25.60090504,93.85,425,3162112,3e-05,1.28444392234087,0.16960416734218597,0.9384456276893616,15430,0.0027325307,-2.0754449397325514,0.089453125,-0.011981058027595281,0.1,,
1545,7444,26.206945859999998,94.64,425,3164160,3e-05,1.0577858921140433,0.16598309576511383,0.916301965713501,15440,0.0034073293,-2.0631263211369513,0.0939453125,-0.013070717453956604,0.1,,
1546,7449,25.732404039999995,95.42,425,3166208,3e-05,0.8627530388534069,0.08058632910251617,0.9574199318885803,15450,0.005037887,-2.0853655308485033,0.110791015625,-0.012040180282201617,0.1,,
1547,7454,24.657637929999996,96.39,424,3168256,3e-05,1.004967411234975,0.15403340756893158,0.9443817138671875,15460,0.0041670855,-2.170410880446434,0.124560546875,-0.01463644994655624,0.1,,
,,,,,3170000,3e-05,1.1716336712241173,0.1627407968044281,0.9228053689002991,15470,0.0046384907,-2.1875186622142793,0.13525390625,-0.01584317733650096,0.1,23.23127555847168,94.6
1548,7460,25.001818529999994,95.39,424,3170304,,,,,,,,,,,,
1549,7464,25.938302320000002,95.28,424,3172352,3e-05,1.8077735967934132,0.28088539838790894,0.908360481262207,15480,0.0038160544,-2.06728325933218,0.09287109375,-0.01179921042348724,0.1,,
1550,7469,26.44267172,93.24,424,3174400,3e-05,1.076412506774068,0.13810347020626068,0.9430181384086609,15490,0.0039981296,-2.079027126729488,0.094287109375,-0.011751161658321508,0.1,,
1551,7473,27.011861040000003,92.36,425,3176448,3e-05,1.1907228354364634,0.18679101765155792,0.9407576322555542,15500,0.0052762283,-2.0817946672439573,0.14111328125,-0.014242287236265838,0.1,,
1552,7478,26.768926090000004,91.93,425,3178496,3e-05,1.8107670839875936,0.19995711743831635,0.9041550755500793,15510,0.0042707017,-2.145139452815056,0.11240234375,-0.014944381988607347,0.1,,
,,,,,3180000,3e-05,1.494595778360963,0.20504218339920044,0.9081791639328003,15520,0.0036007846,-2.1387155085802076,0.105908203125,-0.013913143496029078,0.1,28.687780380249023,90.2
1553,7483,26.3140562,91.29,424,3180544,,,,,,,,,,,,
1554,7488,25.6763985,92.06,425,3182592,3e-05,1.5556189730763434,0.33551105856895447,0.9371666312217712,15530,0.004213237,-2.0945395052433016,0.1060546875,-0.012677319470094517,0.1,,
1555,7492,25.572400570000003,92.75,425,3184640,3e-05,1.4209800831973554,0.2067275047302246,0.9056927561759949,15540,0.005160248,-2.1178440004587173,0.121435546875,-0.013440288987476378,0.1,,
1556,7497,26.11725144,91.94,425,3186688,3e-05,1.5658496309071779,0.2759864330291748,0.9258090257644653,15550,0.00409031,-2.1020784229040146,0.08876953125,-0.013284724287223071,0.1,,
1557,7502,25.98502634,92.18,425,3188736,3e-05,1.463494785130024,0.14921240508556366,0.9083293676376343,15560,0.003225495,-2.1268809169530867,0.112451171875,-0.011322142055723817,0.1,,
,,,,,3190000,3e-05,1.4296344038099051,0.23708008229732513,0.9038568735122681,15570,0.0036219698,-2.104137662053108,0.09384765625,-0.013198449960327707,0.1,16.364617156982423,99.6
1558,7507,26.617696510000002,93.61,425,3190784,,,,,,,,,,,,
1559,7512,26.44983981,94.41,425,3192832,3e-05,2.4609812900424,0.7402353882789612,0.9000191688537598,15580,0.0029064603,-2.0928815111517904,0.08232421875,-0.007700267230393365,0.1,,
1560,7516,25.79810983,94.3,425,3194880,3e-05,1.2429233595728875,0.1525079309940338,0.9209555983543396,15590,0.0037105172,-2.104291307926178,0.087109375,-0.012440228066407145,0.1,,
1561,7521,25.513238460000007,94.77,425,3196928,3e-05,2.421949216723442,0.20766346156597137,0.8549059629440308,15600,0.0033983705,-2.1775150328874586,0.083349609375,-0.0135301485308446,0.1,,
1562,7526,25.295113370000003,95.23,425,3198976,3e-05,1.6577405024319887,0.18359500169754028,0.9151602387428284,15610,0.00399756,-2.1563774406909944,0.1126953125,-0.012391176662640646,0.1,,
,,,,,3200000,3e-05,1.5064602039754391,0.19714033603668213,0.9188994765281677,15620,0.0036705495,-2.130227392911911,0.106689453125,-0.014368844614364207,0.1,25.530279755592346,93.8
1563,7531,24.94176171,94.16,425,3201024,,,,,,,,,,,,
1564,7536,26.346148279999998,91.6,425,3203072,3e-05,1.2524452928453684,0.25763368606567383,0.9290800094604492,15630,0.005078181,-2.105103087425232,0.0994140625,-0.012503034580731764,0.1,,
1565,7540,25.378099300000002,92.74,425,3205120,3e-05,1.5673291735351085,0.26676779985427856,0.9143278002738953,15640,0.003799713,-2.141795054078102,0.129345703125,-0.012947839085245504,0.1,,
1566,7545,25.051432079999994,92.54,425,3207168,3e-05,1.08815942928195,0.14533817768096924,0.94744473695755,15650,0.004876344,-2.1585036665201187,0.114892578125,-0.013455132331000642,0.1,,
1567,7550,23.824001910000003,93.41,425,3209216,3e-05,2.611867471784353,0.39697757363319397,0.8897086381912231,15660,0.0029927823,-2.098027381300926,0.129541015625,-0.010948533729242626,0.1,,
,,,,,3210000,3e-05,2.8441063567996023,0.2907470464706421,0.8511435389518738,15670,0.0037294168,-2.1523634284734725,0.090283203125,-0.011745628912467509,0.1,27.903782653808594,91.4
1568,7555,23.34126825,94.07,425,3211264,,,,,,,,,,,,
1569,7560,24.02727864,94.44,425,3213312,3e-05,2.3135351397097113,0.3186786472797394,0.9155656099319458,15680,0.0030208966,-2.098072299361229,0.1005859375,-0.011731936034630052,0.1,,
1570,7564,23.856517249999996,94.32,425,3215360,3e-05,1.811706305295229,0.2928190231323242,0.9105037450790405,15690,0.005035122,-2.0710066199302672,0.09970703125,-0.013215875261812471,0.1,,
1571,7569,24.063668460000002,95.27,425,3217408,3e-05,1.6018000353127717,0.21961352229118347,0.9218684434890747,15700,0.0075796326,-2.152555066347122,0.12890625,-0.01198711640026886,0.1,,
1572,7573,25.16822854,95.42,425,3219456,3e-05,1.2923663131892682,0.23310862481594086,0.9254538416862488,15710,0.0046511814,-2.127499610185623,0.133837890625,-0.010622595209861174,0.1,,
,,,,,3220000,3e-05,1.492860771715641,0.19766032695770264,0.9225022792816162,15720,0.0036340943,-2.128604879975319,0.093310546875,-0.012642835773294791,0.1,20.99200611114502,99.0
1573,7579,24.97519933,96.03,425,3221504,,,,,,,,,,,,
1574,7584,25.18115734,95.93,425,3223552,3e-05,1.1434461172670125,0.16845175623893738,0.9489931464195251,15730,0.004476103,-2.131957694888115,0.122509765625,-0.013624927477212622,0.1,,
1575,7588,26.83285093,94.6,425,3225600,3e-05,1.3712528839707374,0.2925058901309967,0.946819543838501,15740,0.004025199,-2.060407240688801,0.104931640625,-0.013347610912751407,0.1,,
1576,7593,27.03306078,93.98,425,3227648,3e-05,1.363943048939109,0.14531299471855164,0.9262195825576782,15750,0.0032131425,-2.070462942123413,0.089453125,-0.013416510092793033,0.1,,
1577,7597,26.679170949999993,93.17,425,3229696,3e-05,1.6834436908364296,0.23974087834358215,0.922561526298523,15760,0.003623276,-2.1433043479919434,0.085009765625,-0.01163310561387334,0.1,,
,,,,,3230000,3e-05,1.7129035100340844,0.31851035356521606,0.915576696395874,15770,0.0035523504,-2.129264694452286,0.10029296875,-0.011806726880604402,0.1,22.27856206893921,87.6
1578,7603,25.901978970000002,93.5,425,3231744,,,,,,,,,,,,
1579,7607,25.908183859999998,93.13,425,3233792,3e-05,1.4885310105979443,0.19809111952781677,0.9126120209693909,15780,0.0038317426,-2.1476512640714644,0.10126953125,-0.013782798638567328,0.1,,
1580,7612,24.81263299,93.29,425,3235840,3e-05,1.834221401810646,0.3097977042198181,0.9168318510055542,15790,0.0037279376,-2.1222636610269547,0.090576171875,-0.012282717291964219,0.1,,
1581,7616,24.371488360000004,93.22,425,3237888,3e-05,1.4765669520944358,0.2811661958694458,0.9206879138946533,15800,0.0036694035,-2.1222607642412186,0.092138671875,-0.012270926899509505,0.1,,
1582,7621,24.58637403,93.67,425,3239936,3e-05,1.5998092837631703,0.2544136047363281,0.8705780506134033,15810,0.0043485397,-2.1813241213560106,0.11455078125,-0.014514405303634704,0.1,,
,,,,,3240000,3e-05,1.9884546667337417,0.39370590448379517,0.8910926580429077,15820,0.003038504,-2.09750482738018,0.086328125,-0.010373505402822048,0.1,28.72410659790039,94.0
1583,7626,25.351814000000005,94.14,425,3241984,,,,,,,,,,,,
1584,7631,25.25403797,94.81,425,3244032,3e-05,1.2727410696446895,0.26401862502098083,0.9367004632949829,15830,0.0046252897,-2.115926516056061,0.107861328125,-0.013521518651396036,0.1,,
1585,7635,26.09113857,94.11,425,3246080,3e-05,1.0845715899020434,0.16980010271072388,0.9319247007369995,15840,0.0065919654,-2.1475088089704513,0.130322265625,-0.01398678584373556,0.1,,
1586,7640,25.98795928,94.06,425,3248128,3e-05,0.9665693804621697,0.18134748935699463,0.9459127187728882,15850,0.004546442,-2.1090793758630753,0.131494140625,-0.014315493870526552,0.1,,
,,,,,3250000,3e-05,1.3094818592071533,0.15764789283275604,0.9044615626335144,15860,0.0065231835,-2.109628775715828,0.116357421875,-0.013122591143473982,0.1,27.36898765563965,82.6
1587,7645,25.98540131,93.96,425,3250176,,,,,,,,,,,,
1588,7649,25.449454760000002,94.7,425,3252224,3e-05,0.8406130466610193,0.08165982365608215,0.9154946208000183,15870,0.005819966,-2.127402150630951,0.136865234375,-0.014892507152399048,0.1,,
1589,7654,26.458934179999996,94.0,425,3254272,3e-05,0.9633692901581525,0.12027112394571304,0.9328442811965942,15880,0.0044941977,-2.130217659473419,0.120849609375,-0.013669689046218991,0.1,,
1590,7658,26.543014560000007,93.73,425,3256320,3e-05,1.1552675187587738,0.13311800360679626,0.9431034922599792,15890,0.0043507745,-2.0765432149171827,0.095751953125,-0.013077043736120685,0.1,,
1591,7663,27.046486400000003,93.58,425,3258368,3e-05,1.8864935047924518,0.2141435146331787,0.8934911489486694,15900,0.0027532293,-2.059917387366295,0.079248046875,-0.011725255221244879,0.1,,
,,,,,3260000,3e-05,0.8808973092585802,0.1081824004650116,0.9435697793960571,15910,0.0043897526,-2.131303644180298,0.105859375,-0.012162025179713964,0.1,30.17907600402832,92.2
1592,7669,26.131072319999998,93.53,425,3260416,,,,,,,,,,,,
1593,7673,25.56915823,93.88,425,3262464,3e-05,1.7472915954887867,0.32011860609054565,0.8926072120666504,15920,0.0029125668,-2.131391689181328,0.11806640625,-0.011568173579871655,0.1,,
1594,7678,24.709184349999997,94.08,425,3264512,3e-05,1.3411067612469196,0.21187418699264526,0.933212399482727,15930,0.0031188903,-2.078280346095562,0.087353515625,-0.012463321530958638,0.1,,
1595,7683,24.906893840000002,94.37,425,3266560,3e-05,1.9179546106606722,0.3135215938091278,0.8839930295944214,15940,0.0027823015,-2.139122012257576,0.078564453125,-0.011198455208796077,0.1,,
1596,7688,25.68079209,93.75,425,3268608,3e-05,1.0730789113789796,0.1580253541469574,0.930172324180603,15950,0.0043853666,-2.0250892117619514,0.10634765625,-0.014755739326938055,0.1,,
,,,,,3270000,3e-05,1.2093664422631263,0.1654774695634842,0.9350213408470154,15960,0.0032300926,-2.0730003297328947,0.091796875,-0.010977239278145135,0.1,29.02832374572754,95.6
1597,7693,26.682462190000006,92.61,425,3270656,,,,,,,,,,,,
1598,7698,28.176539370000004,91.58,425,3272704,3e-05,1.2605933342128992,0.15037520229816437,0.9273877739906311,15970,0.004555853,-2.097077202796936,0.093017578125,-0.013146520376903937,0.1,,
1599,7702,27.668090929999998,92.01,425,3274752,3e-05,2.7961230620741846,0.33919283747673035,0.8802759051322937,15980,0.0024688428,-2.0555695086717605,0.0802734375,-0.010260515444679185,0.1,,
1600,7707,27.706053020000002,92.24,425,3276800,3e-05,1.3674165446311235,0.14177396893501282,0.9335126876831055,15990,0.0034456798,-2.1219784885644914,0.08505859375,-0.012800337810767814,0.1,,
1601,7711,27.18146981,92.58,425,3278848,3e-05,1.2156537793576718,0.1659282147884369,0.9256512522697449,16000,0.0036864167,-2.0398298621177675,0.098681640625,-0.012431316793663428,0.1,,
,,,,,3280000,3e-05,1.1014568649232388,0.14333127439022064,0.9091278314590454,16010,0.004047743,-2.086279109120369,0.10625,-0.013998158305184916,0.1,31.403160095214844,94.6
1602,7717,27.11362663,93.09,425,3280896,,,,,,,,,,,,
1603,7722,27.368662639999997,93.26,425,3282944,3e-05,1.0690944800153375,0.08226249366998672,0.9277020692825317,16020,0.005245473,-2.059652362763882,0.11455078125,-0.01224873845349066,0.1,,
1604,7726,27.60869936,92.93,425,3284992,3e-05,1.0664265353232623,0.11783082038164139,0.9138298034667969,16030,0.0038613803,-2.0996375679969788,0.113232421875,-0.012304998058243654,0.1,,
1605,7731,26.649660650000005,94.15,425,3287040,3e-05,0.7139559168368578,0.07363490760326385,0.93658447265625,16040,0.005180646,-2.0360675409436224,0.12431640625,-0.013346339439158328,0.1,,
1606,7735,26.43155722,94.36,425,3289088,3e-05,0.8439166413620114,0.07132561504840851,0.9169037342071533,16050,0.004363477,-2.1110042572021483,0.113671875,-0.011897323856828734,0.1,,
,,,,,3290000,3e-05,0.9371450517326594,0.09591667354106903,0.9406118988990784,16060,0.0049174745,-2.1450055062770845,0.130859375,-0.012767185340635478,0.1,25.439254379272462,98.4
1607,7741,26.81784289,94.56,425,3291136,,,,,,,,,,,,
1608,7745,26.301369069999996,94.51,425,3293184,3e-05,0.9213031236082315,0.11261516064405441,0.950144350528717,16070,0.00413753,-2.1119310438632963,0.111962890625,-0.010871179739478976,0.1,,
1609,7750,26.925867890000003,94.29,425,3295232,3e-05,1.4585171699523927,0.31082725524902344,0.8936886787414551,16080,0.0041366806,-2.1352580726146697,0.102880859375,-0.011664735747035592,0.1,,
1610,7754,27.80126732999999,92.87,425,3297280,3e-05,0.7704765981063246,0.0956105962395668,0.949589192867279,16090,0.004765897,-2.0539207950234415,0.106787109375,-0.009937732593971304,0.1,,
1611,7759,28.189411279999998,93.46,425,3299328,3e-05,0.928969407081604,0.13016343116760254,0.9500869512557983,16100,0.004926662,-2.0897842317819597,0.11982421875,-0.013150247390149162,0.1,,
,,,,,3300000,3e-05,1.2183712977916001,0.1716761589050293,0.923152506351471,16110,0.003222854,-2.0970869690179823,0.10244140625,-0.012225847997615346,0.1,22.492716979980468,97.2
1612,7764,28.55306378,93.24,425,3301376,,,,,,,,,,,,
1613,7769,28.74895387,93.64,425,3303424,3e-05,1.0374603144824506,0.14470791816711426,0.9438554644584656,16120,0.0030032322,-2.1819511234760283,0.08603515625,-0.013256151572568342,0.1,,
1614,7773,27.090625969999998,94.56,425,3305472,3e-05,1.0605846535414458,0.09726784378290176,0.9354411959648132,16130,0.0040676896,-2.0979073315858843,0.08642578125,-0.013498957105912267,0.1,,
1615,7778,26.475056549999998,94.8,425,3307520,3e-05,1.1530430719256402,0.3249132037162781,0.9215918779373169,16140,0.004212597,-2.2013813883066176,0.119091796875,-0.013686936331214383,0.1,,
1616,7783,25.780389220000004,95.55,425,3309568,3e-05,1.4048191219568253,0.2340295910835266,0.8928181529045105,16150,0.0027932923,-2.124480512738228,0.085693359375,-0.012192371467244811,0.1,,
,,,,,3310000,3e-05,1.1056013870984316,0.16991576552391052,0.9301542043685913,16160,0.0044891187,-2.1248072385787964,0.113720703125,-0.011068617244018242,0.1,30.91368160247803,89.0
1617,7788,24.981590910000005,95.07,425,3311616,,,,,,,,,,,,
1618,7793,24.826011140000006,94.65,425,3313664,3e-05,1.949451605975628,0.25864800810813904,0.8783977627754211,16170,0.0036531962,-2.153538578748703,0.096435546875,-0.012166673835599795,0.1,,
1619,7797,26.073497719999995,93.59,425,3315712,3e-05,1.5203831426799297,0.2817305326461792,0.9330728650093079,16180,0.0031687187,-2.0876336216926576,0.1025390625,-0.012685600278200582,0.1,,
1620,7802,26.02072662,92.91,425,3317760,3e-05,1.0832524728029966,0.11892955750226974,0.9460304975509644,16190,0.00470436,-2.105182892084122,0.127978515625,-0.01505792728275992,0.1,,
1621,7806,26.353447409999998,92.65,425,3319808,3e-05,1.259398279339075,0.2028769701719284,0.9266445636749268,16200,0.0046440465,-2.111053818464279,0.119873046875,-0.014316352107562125,0.1,,
,,,,,3320000,3e-05,0.9915559578686952,0.11659836024045944,0.9411693811416626,16210,0.003757875,-2.044863811135292,0.105224609375,-0.013035677996231242,0.1,30.439306259155273,93.0
1622,7812,27.51822916,93.09,425,3321856,,,,,,,,,,,,
1623,7816,27.70189754,91.85,425,3323904,3e-05,1.8782023049890995,0.455547034740448,0.9180561900138855,16220,0.0028075832,-2.0780337512493134,0.08134765625,-0.013306838704738765,0.1,,
1624,7820,26.5506362,92.49,425,3325952,3e-05,1.3383624844253064,0.1847531497478485,0.9158585667610168,16230,0.003605939,-2.059231069684029,0.08818359375,-0.011991838403628208,0.1,,
1625,7825,26.977381559999998,92.2,425,3328000,3e-05,1.629676092416048,0.2966729998588562,0.9092657566070557,16240,0.0032508387,-2.054301969707012,0.099072265625,-0.010380800731945783,0.1,,
,,,,,3330000,3e-05,1.1572559908032418,0.14403289556503296,0.9170017838478088,16250,0.004038078,-2.0377144888043404,0.093994140625,-0.012280183099210262,0.1,32.05874900817871,87.4
1626,7830,26.77319415,91.97,425,3330048,,,,,,,,,,,,
1627,7835,25.542913759999998,94.75,425,3332096,3e-05,1.0362184021621943,0.15108102560043335,0.947504460811615,16260,0.0054006684,-2.0342235282063483,0.11943359375,-0.013635216042166576,0.1,,
1628,7840,25.18215263,95.61,425,3334144,3e-05,1.0391286969184876,0.12069540470838547,0.9465461373329163,16270,0.004417864,-2.0702060371637345,0.11767578125,-0.011485369107685984,0.1,,
1629,7845,25.52593847,96.35,425,3336192,3e-05,1.5391115222126246,0.14698153734207153,0.9169338941574097,16280,0.0038575004,-2.018601679801941,0.090380859375,-0.012606498520472086,0.1,,
1630,7849,26.52670403,94.97,425,3338240,3e-05,1.204588859900832,0.18209803104400635,0.9395815134048462,16290,0.005614659,-1.9898261308670044,0.120703125,-0.01280615562282037,0.1,,
,,,,,3340000,3e-05,1.4147976636886597,0.23645363748073578,0.9494494199752808,16300,0.0035318995,-2.022553215920925,0.07197265625,-0.01016136551334057,0.1,25.164144611358644,87.8
1631,7855,26.831709599999996,95.09,425,3340288,,,,,,,,,,,,
1632,7859,26.474624130000002,94.05,425,3342336,3e-05,1.3539146583527326,0.22942936420440674,0.8981760144233704,16310,0.0035552059,-2.0098513528704642,0.10712890625,-0.011443355784285814,0.1,,
1633,7864,27.322061159999997,93.91,425,3344384,3e-05,1.076068252697587,0.1631854772567749,0.9320629835128784,16320,0.004420567,-2.0095273822546007,0.12373046875,-0.014543937327107414,0.1,,
1634,7868,26.627586319999995,94.15,425,3346432,3e-05,0.7861839963123203,0.07173824310302734,0.9492638111114502,16330,0.0052395766,-2.082124117016792,0.140673828125,-0.014436290535377339,0.1,,
1635,7873,26.605161639999995,94.1,425,3348480,3e-05,0.9718588650226593,0.13653534650802612,0.9407110810279846,16340,0.004335407,-2.011675015091896,0.129150390625,-0.013319685551687143,0.1,,
,,,,,3350000,3e-05,1.1942166764289142,0.20350781083106995,0.9428900480270386,16350,0.0030639013,-1.9692029148340224,0.09990234375,-0.014887943468056618,0.1,26.838006687164306,87.8
1636,7878,26.142407220000006,93.88,425,3350528,,,,,,,,,,,,
1637,7883,26.78743031,93.45,425,3352576,3e-05,1.7188180975615979,0.39098936319351196,0.9091067314147949,16360,0.0028165423,-2.0321904525160788,0.081494140625,-0.012795325397746637,0.1,,
1638,7887,26.99674372000001,92.27,425,3354624,3e-05,1.5722464114427566,0.25448548793792725,0.9230825304985046,16370,0.00271296,-2.037921580672264,0.07099609375,-0.012184410158079117,0.1,,
1639,7892,26.806418739999998,92.99,425,3356672,3e-05,1.6114192582666873,0.22970297932624817,0.9245547652244568,16380,0.0029974126,-2.0095687359571457,0.072900390625,-0.010901825677137822,0.1,,
1640,7896,27.02623746,92.56,425,3358720,3e-05,1.8918691404163837,0.34532439708709717,0.9024156928062439,16390,0.0028591203,-1.9884941905736924,0.089013671875,-0.011399905919097364,0.1,,
,,,,,3360000,3e-05,1.5273729983717204,0.21472354233264923,0.9581932425498962,16400,0.0031448808,-2.013066755235195,0.0927734375,-0.013451262572198175,0.1,23.026336097717284,95.2
1641,7902,27.501449629999996,92.8,425,3360768,,,,,,,,,,,,
1642,7906,27.704107879999995,92.56,425,3362816,3e-05,1.3625504441559315,0.2467624396085739,0.9195650815963745,16410,0.003738117,-1.9748564422130586,0.113330078125,-0.014326161611825228,0.1,,
1643,7911,28.098339180000004,92.88,425,3364864,3e-05,0.9526718314737082,0.09519511461257935,0.933681070804596,16420,0.005676626,-1.9680644199252129,0.111572265625,-0.01249940084235277,0.1,,
1644,7915,27.254529400000003,93.77,425,3366912,3e-05,1.1123612441122532,0.16652445495128632,0.9361858367919922,16430,0.004722095,-2.0219283938407897,0.10859375,-0.011940391364623793,0.1,,
1645,7920,26.73317032,94.32,425,3368960,3e-05,1.4877512495964766,0.2292073667049408,0.8967406749725342,16440,0.0041456167,-1.9811228692531586,0.095068359375,-0.012420291401213035,0.1,,
,,,,,3370000,3e-05,1.6766937803477049,0.25840675830841064,0.8886625170707703,16450,0.0033735826,-2.0248882964253427,0.097705078125,-0.011799508705735207,0.1,28.807217407226563,90.2
1646,7925,25.38463014,95.46,425,3371008,,,,,,,,,,,,
1647,7930,25.956980270000003,95.06,425,3373056,3e-05,1.3295114889740944,0.19443067908287048,0.9282438158988953,16460,0.0032517423,-2.035538762807846,0.09013671875,-0.012093461269978434,0.1,,
1648,7934,26.38967975,94.54,425,3375104,3e-05,1.1508746653795243,0.17332515120506287,0.9497036933898926,16470,0.0030865315,-1.964507944881916,0.0884765625,-0.01128106843389105,0.1,,
1649,7939,26.309663810000004,94.49,425,3377152,3e-05,1.0835574474185705,0.17975515127182007,0.9363774657249451,16480,0.0032830099,-1.9853182524442672,0.092626953125,-0.010979716217843816,0.1,,
1650,7943,26.58559071,94.22,425,3379200,3e-05,0.9581696443259716,0.15226708352565765,0.9450629353523254,16490,0.004341308,-1.9853249296545983,0.10771484375,-0.014882829668931664,0.1,,
,,,,,3380000,3e-05,0.9743968270719051,0.14036321640014648,0.9455729126930237,16500,0.004912354,-2.0514417842030523,0.128759765625,-0.013152831757906824,0.1,26.32382278442383,92.4
1651,7949,27.35618406000001,93.61,425,3381248,,,,,,,,,,,,
1652,7953,27.394784610000002,93.03,425,3383296,3e-05,1.5817908067256212,0.2848537564277649,0.9168201684951782,16510,0.0036658244,-1.980349923670292,0.120947265625,-0.011359120992710813,0.1,,
1653,7958,27.883660639999995,92.46,425,3385344,3e-05,1.0095812160521747,0.12320514023303986,0.9420069456100464,16520,0.0038562762,-2.00438611805439,0.108251953125,-0.013105990755138918,0.1,,
1654,7963,27.604281030000003,93.62,425,3387392,3e-05,1.1079919345676899,0.2075604498386383,0.9185047745704651,16530,0.0043192324,-2.0466705441474913,0.114453125,-0.013166892150184139,0.1,,
1655,7967,27.902916140000002,93.67,425,3389440,3e-05,1.110682186856866,0.1816791445016861,0.9393580555915833,16540,0.0072828513,-2.0678347826004027,0.137353515625,-0.012978718720842154,0.1,,
,,,,,3390000,3e-05,0.9992152910679579,0.13719423115253448,0.9417389631271362,16550,0.0051387716,-2.042024275660515,0.14638671875,-0.012573696306208148,0.1,24.755635070800782,101.0
1656,7973,28.389320460000004,93.03,425,3391488,,,,,,,,,,,,
1657,7977,28.64698617,93.75,425,3393536,3e-05,1.2198139362037181,0.1703239530324936,0.9347295761108398,16560,0.004484868,-2.0566751450300216,0.12158203125,-0.01549204442417249,0.1,,
1658,7982,28.08287587,92.79,425,3395584,3e-05,1.2097648493945599,0.13770964741706848,0.9271111488342285,16570,0.004432069,-2.035216622054577,0.120703125,-0.014086283597862348,0.1,,
1659,7986,28.460722469999997,91.59,425,3397632,3e-05,1.6501485500484705,0.17544469237327576,0.9060516357421875,16580,0.0050307615,-2.086593371629715,0.144482421875,-0.00948710341763217,0.1,,
1660,7991,27.92823794999999,91.0,425,3399680,3e-05,1.0073460020124911,0.11780961602926254,0.9370756149291992,16590,0.0050629782,-2.011383692920208,0.112744140625,-0.013414702488807962,0.1,,
,,,,,3400000,3e-05,1.147409151494503,0.12999999523162842,0.9429516196250916,16600,0.0035337606,-2.0127245664596556,0.112255859375,-0.012329495867015794,0.1,28.545811080932616,87.4
1661,7996,27.37017577,92.01,425,3401728,,,,,,,,,,,,
1662,8001,27.535475500000008,92.46,425,3403776,3e-05,0.9610533405095338,0.10692010819911957,0.9425863027572632,16610,0.0057978975,-2.0295870274305345,0.14326171875,-0.014047123593627475,0.1,,
1663,8005,27.795840149999993,92.29,425,3405824,3e-05,0.9909788694232702,0.1451883316040039,0.9403257369995117,16620,0.004281985,-2.008669376373291,0.129931640625,-0.013628958334447817,0.1,,
1664,8010,28.007335679999997,92.79,425,3407872,3e-05,0.9653306549414993,0.0763893574476242,0.9397463798522949,16630,0.005064467,-2.0015002980828287,0.13134765625,-0.013541293199523352,0.1,,
1665,8014,27.44103043,92.86,425,3409920,3e-05,1.3465674865990878,0.13568219542503357,0.9108871221542358,16640,0.00441496,-2.0167792037129404,0.118994140625,-0.011476653296267614,0.1,,
,,,,,3410000,3e-05,2.0278333529829977,0.3257230520248413,0.8608840703964233,16650,0.0030215,-2.1140897452831267,0.112353515625,-0.012152357771992684,0.1,30.061169815063476,89.6
1666,8020,27.36231479,93.29,425,3411968,,,,,,,,,,,,
1667,8024,27.217927600000003,93.6,425,3414016,3e-05,1.6214925341308117,0.28578922152519226,0.9118476510047913,16660,0.0031547851,-2.0437090560793876,0.08837890625,-0.011751226274645888,0.1,,
1668,8029,25.740819539999997,94.84,425,3416064,3e-05,1.1205657042562962,0.16310939192771912,0.9384524822235107,16670,0.00413238,-2.0669080793857573,0.126220703125,-0.012840418779524044,0.1,,
1669,8033,25.987031239999997,94.7,425,3418112,3e-05,1.4480420708656312,0.1310938000679016,0.9145245552062988,16680,0.0038364364,-2.05819571018219,0.117724609375,-0.013690434338059276,0.1,,
,,,,,3420000,3e-05,1.6522332705557345,0.3085000514984131,0.9204647541046143,16690,0.0032236918,-2.064013510942459,0.093505859375,-0.012026547599816695,0.1,26.67511692047119,96.8
1670,8039,26.212419379999996,94.71,425,3420160,,,,,,,,,,,,
1671,8043,26.45955817,94.53,425,3422208,3e-05,1.4082882232964038,0.26705649495124817,0.935875415802002,16700,0.004954909,-2.045217978954315,0.133154296875,-0.015507331723347307,0.1,,
1672,8048,26.597520420000002,94.37,425,3424256,3e-05,1.4278461661189794,0.27298736572265625,0.936484158039093,16710,0.0055477456,-2.0632932066917418,0.136962890625,-0.011683808229281566,0.1,,
1673,8052,27.00810031,93.8,425,3426304,3e-05,1.3535854779183865,0.17693012952804565,0.9306575059890747,16720,0.0032338672,-1.9680844619870186,0.100830078125,-0.014382819243473932,0.1,,
1674,8057,27.81748435,93.15,425,3428352,3e-05,1.034558779746294,0.1815672069787979,0.9546979069709778,16730,0.0036669401,-2.0898942172527315,0.12021484375,-0.012424205691786483,0.1,,
,,,,,3430000,3e-05,1.188326083123684,0.15373775362968445,0.9270409345626831,16740,0.00429522,-2.018390867114067,0.134228515625,-0.011865911789936946,0.1,16.576631164550783,98.6
1675,8064,27.62937669,92.4,425,3430400,,,,,,,,,,,,
1676,8068,27.51836092,91.81,425,3432448,3e-05,1.2426992677152158,0.14071296155452728,0.9309111833572388,16750,0.00457886,-2.0021067917346955,0.1361328125,-0.009802734630648046,0.1,,
1677,8073,27.713149389999998,91.48,425,3434496,3e-05,1.4914082888513804,0.3394971489906311,0.9240231513977051,16760,0.0032295838,-2.051947592198849,0.079150390625,-0.010877367662033066,0.1,,
1678,8078,27.17142123,91.86,425,3436544,3e-05,1.126590022817254,0.1809830367565155,0.943587064743042,16770,0.0034639342,-2.0201842471957208,0.104052734375,-0.01422926078666933,0.1,,
1679,8082,26.83402101999999,93.07,425,3438592,3e-05,0.9865899704396724,0.16097399592399597,0.9365235567092896,16780,0.0043604774,-2.0732352659106255,0.137451171875,-0.01386613395588938,0.1,,
,,,,,3440000,3e-05,0.9876312140375376,0.1568526327610016,0.9403981566429138,16790,0.0032023722,-2.078497838973999,0.0986328125,-0.014412545645609499,0.1,24.448427391052245,90.6
1680,8088,27.059645830000008,93.31,425,3440640,,,,,,,,,,,,
1681,8093,27.06688807,94.51,425,3442688,3e-05,1.4949463602155446,0.17282959818840027,0.9072962999343872,16800,0.0062725074,-2.047560031712055,0.1013671875,-0.009417313110316173,0.1,,
1682,8098,26.641451079999996,94.33,425,3444736,3e-05,1.1827808432281017,0.16759903728961945,0.9332341551780701,16810,0.003970553,-2.028936932981014,0.12412109375,-0.012101080859429203,0.1,,
1683,8103,27.497197610000004,93.22,425,3446784,3e-05,1.6018520753830672,0.16736125946044922,0.9107823371887207,16820,0.0035678763,-2.03896776586771,0.096240234375,-0.01317256795009598,0.1,,
1684,8108,27.170274810000006,93.67,425,3448832,3e-05,1.013964084535837,0.1222812607884407,0.9390020966529846,16830,0.0050979946,-2.043399715423584,0.1052734375,-0.01251249315100722,0.1,,
,,,,,3450000,3e-05,1.0200678665190934,0.10641374439001083,0.9266312718391418,16840,0.004333835,-2.072290118038654,0.146630859375,-0.01255114104715176,0.1,34.08991394042969,95.8
1685,8114,26.871052440000003,93.08,425,3450880,,,,,,,,,,,,
1686,8119,26.03429397,94.46,425,3452928,3e-05,0.9293674126267433,0.10961848497390747,0.9368458986282349,16850,0.0060514943,-2.021314632892609,0.143359375,-0.0148355140700005,0.1,,
1687,8124,26.00050667,95.12,425,3454976,3e-05,1.4978321265429257,0.22246579825878143,0.8991732001304626,16860,0.0057274178,-2.105776387453079,0.156298828125,-0.010788445104844868,0.1,,
1688,8128,26.39054532,94.36,425,3457024,3e-05,1.2023080389946699,0.2300485223531723,0.9356161952018738,16870,0.004848964,-2.044247941672802,0.123486328125,-0.013659906684188173,0.1,,
1689,8133,26.305312069999996,93.58,425,3459072,3e-05,1.415203232318163,0.19484761357307434,0.927254855632782,16880,0.0050568716,-2.0867597222328187,0.1279296875,-0.015575618197908625,0.1,,
,,,,,3460000,3e-05,1.5218251101672648,0.21003898978233337,0.9105653166770935,16890,0.0041163997,-2.0703004583716393,0.117529296875,-0.011882707028416917,0.1,27.676320266723632,92.8
1690,8139,25.965282719999994,94.22,425,3461120,,,,,,,,,,,,
1691,8144,26.769857820000002,93.56,425,3463168,3e-05,1.4089284915477038,0.21700561046600342,0.914273202419281,16900,0.0042687883,-2.092986509203911,0.10146484375,-0.011565490858629346,0.1,,
1692,8148,26.630037460000004,93.65,425,3465216,3e-05,1.200989117845893,0.13401266932487488,0.922029972076416,16910,0.0040516565,-2.0581886753439904,0.102978515625,-0.012351764854975045,0.1,,
1693,8153,27.27823503,93.75,425,3467264,3e-05,1.3202764201909303,0.16100561618804932,0.9283561110496521,16920,0.0036694435,-2.087989258766174,0.106396484375,-0.01442447472945787,0.1,,
1694,8158,26.757,94.38,425,3469312,3e-05,1.3188062254339457,0.19559180736541748,0.9202227592468262,16930,0.0069390684,-2.054031550884247,0.144873046875,-0.009016779833473265,0.1,,
,,,,,3470000,3e-05,1.2373291313648225,0.1717722862958908,0.8989654183387756,16940,0.00473636,-2.0983894139528276,0.11943359375,-0.01349946517148055,0.1,28.492245864868163,94.8
1695,8163,27.232102239999996,94.86,425,3471360,,,,,,,,,,,,
1696,8168,27.458534040000004,94.65,425,3473408,3e-05,1.44184183254838,0.13547171652317047,0.9142279028892517,16950,0.0064264284,-2.097021210193634,0.13544921875,-0.009748039918486029,0.1,,
1697,8173,26.90804705,94.4,425,3475456,3e-05,1.4026180688291787,0.19471046328544617,0.9323602914810181,16960,0.003192827,-2.1126797407865525,0.10107421875,-0.012814093369524927,0.1,,
1698,8177,27.604467359999997,94.87,425,3477504,3e-05,1.7924434646964074,0.2108607441186905,0.9137091040611267,16970,0.004242139,-2.067395305633545,0.1248046875,-0.013347754476126284,0.1,,
1699,8182,27.71960191,93.71,425,3479552,3e-05,1.2352304089814425,0.12199901044368744,0.9426952600479126,16980,0.0055042566,-2.0402640596032144,0.139453125,-0.014590147213311866,0.1,,
,,,,,3480000,3e-05,1.1267764039337635,0.16162043809890747,0.945919394493103,16990,0.004703845,-2.0916803553700447,0.1330078125,-0.014254347365931608,0.1,30.749635696411133,96.0
1700,8187,26.607928,94.68,425,3481600,,,,,,,,,,,,
1701,8192,26.298433569999997,94.83,425,3483648,3e-05,2.1239121433347465,0.5393911004066467,0.8446739315986633,17000,0.003162556,-2.1143624395132066,0.10966796875,-0.012382131724007196,0.1,,
1702,8196,26.15959726,94.65,425,3485696,3e-05,1.0270393453538418,0.20845985412597656,0.9127490520477295,17010,0.003403367,-2.0882864564657213,0.093896484375,-0.012990771350450814,0.1,,
1703,8201,25.952400849999993,93.75,425,3487744,3e-05,1.276818796992302,0.18044427037239075,0.9157416820526123,17020,0.0041138283,-2.062018036842346,0.09755859375,-0.012309051916236057,0.1,,
1704,8205,26.706521290000005,92.92,425,3489792,3e-05,1.2341419834643603,0.1426870971918106,0.9047765135765076,17030,0.004488106,-2.08868545293808,0.109228515625,-0.013498915714444592,0.1,,
,,,,,3490000,3e-05,1.1728881765156984,0.17695224285125732,0.9377400875091553,17040,0.0037180365,-2.0868172705173493,0.104052734375,-0.01265854632947594,0.1,24.612400627136232,93.6
1705,8211,27.612056380000002,92.25,425,3491840,,,,,,,,,,,,
1706,8215,26.98174348,92.76,425,3493888,3e-05,2.119106002151966,0.27665573358535767,0.9037919640541077,17050,0.0035190266,-2.1246230483055113,0.10654296875,-0.012755751557415351,0.1,,
1707,8220,25.539755999999997,93.76,425,3495936,3e-05,2.346339660510421,0.19809125363826752,0.8950172662734985,17060,0.0028359815,-2.1131326973438265,0.07705078125,-0.011790572968311607,0.1,,
1708,8224,25.383062560000003,94.2,425,3497984,3e-05,2.370545693486929,0.3389087915420532,0.8931613564491272,17070,0.0026616752,-2.1824387669563294,0.08251953125,-0.011436757518094965,0.1,,
,,,,,3500000,3e-05,1.7312702972441911,0.2833959460258484,0.908316433429718,17080,0.0036813745,-2.1385391533374785,0.098974609375,-0.012831274775089696,0.1,28.198487091064454,99.8
1709,8230,25.389415740000004,93.69,425,3500032,,,,,,,,,,,,
1710,8234,24.416848560000002,94.91,425,3502080,3e-05,2.6699266016483305,0.3198600709438324,0.8310767412185669,17090,0.004038735,-2.157698926329613,0.0951171875,-0.014203409239416941,0.1,,
1711,8239,24.61710202,95.32,425,3504128,3e-05,1.7269968919456005,0.21809163689613342,0.9144935607910156,17100,0.0046421196,-2.1165121138095855,0.121435546875,-0.013423607405275106,0.1,,
1712,8243,26.12304727,95.11,425,3506176,3e-05,1.740907995775342,0.2041339874267578,0.8808872699737549,17110,0.0033767822,-2.072379472851753,0.091552734375,-0.013221037766197697,0.1,,
1713,8248,26.757926760000004,94.32,425,3508224,3e-05,1.48880073428154,0.30875563621520996,0.9282327890396118,17120,0.0042053466,-2.0735009908676147,0.125244140625,-0.013600784610025585,0.1,,
,,,,,3510000,3e-05,1.0380194414407016,0.09299425780773163,0.937686562538147,17130,0.005485134,-2.0266093730926515,0.1259765625,-0.014209334517363458,0.1,21.817954063415527,89.6
1714,8253,28.139007279999998,93.03,425,3510272,,,,,,,,,,,,
1715,8258,28.164409910000003,93.3,425,3512320,3e-05,0.8493593756109477,0.10008136183023453,0.953843355178833,17140,0.00489614,-2.0922276943922045,0.141015625,-0.015600222669309004,0.1,,
1716,8262,28.542325220000002,92.74,425,3514368,3e-05,0.9648538310080766,0.11284690350294113,0.9396048784255981,17150,0.0056116665,-2.1003774285316466,0.15126953125,-0.013623300957260654,0.1,,
1717,8267,27.978852200000002,93.73,425,3516416,3e-05,0.9182288974523545,0.17075380682945251,0.9484020471572876,17160,0.0046159164,-2.021096149086952,0.146826171875,-0.01540215810528025,0.1,,
1718,8272,26.40027251,94.84,425,3518464,3e-05,0.93254041261971,0.12775558233261108,0.9355074763298035,17170,0.006316738,-2.0173037722706795,0.135986328125,-0.01260702890867833,0.1,,
,,,,,3520000,3e-05,1.343614248558879,0.23258060216903687,0.9195624589920044,17180,0.0043562227,-2.118715986609459,0.116064453125,-0.012729879427934066,0.1,21.563172149658204,100.4
1719,8277,26.387075700000004,95.07,425,3520512,,,,,,,,,,,,
1720,8282,26.145587250000002,95.67,425,3522560,3e-05,1.015946033783257,0.08198174834251404,0.9275996088981628,17190,0.0064580534,-2.0736320301890374,0.15400390625,-0.015190750430338084,0.1,,
1721,8286,26.48407006,95.15,425,3524608,3e-05,1.3846192933619021,0.2683223783969879,0.9319744110107422,17200,0.0037698396,-2.087083673477173,0.129833984375,-0.013192837912356481,0.1,,
1722,8291,27.24736171,94.87,425,3526656,3e-05,1.3425014723092317,0.16815707087516785,0.9428136348724365,17210,0.0036928519,-2.028440609574318,0.0859375,-0.012997427329537459,0.1,,
1723,8295,27.45470198,94.45,425,3528704,3e-05,1.3698600519448518,0.18682079017162323,0.9249067902565002,17220,0.004544918,-2.00718248039484,0.1041015625,-0.012387767992913723,0.1,,
,,,,,3530000,3e-05,1.666921152174473,0.20428156852722168,0.9020946025848389,17230,0.0039727325,-2.1340831011533736,0.128662109375,-0.011919001772184856,0.1,20.721855926513673,97.2
1724,8301,27.411424580000006,94.04,425,3530752,,,,,,,,,,,,
1725,8305,27.543543010000004,93.98,425,3532800,3e-05,1.519314943626523,0.2948286831378937,0.9402018189430237,17240,0.00553694,-2.114519515633583,0.120361328125,-0.014545437396736815,0.1,,
1726,8310,26.787614899999998,93.29,425,3534848,3e-05,1.2214930299669504,0.18480384349822998,0.9379678964614868,17250,0.003895801,-2.056198799610138,0.126318359375,-0.014644808025332167,0.1,,
1727,8314,26.946582700000004,92.49,425,3536896,3e-05,2.0407151579856873,0.2850976884365082,0.9117150902748108,17260,0.0025933727,-2.042260241508484,0.084033203125,-0.01089601348794531,0.1,,
1728,8319,27.887795999999994,92.8,425,3538944,3e-05,1.3613189164549113,0.19736763834953308,0.9292561411857605,17270,0.0039000257,-2.0714762657880783,0.115087890625,-0.01392973069450818,0.1,,
,,,,,3540000,3e-05,1.3443919993937015,0.18391424417495728,0.9349930286407471,17280,0.0039515896,-2.0385653406381605,0.1119140625,-0.010681468434631825,0.1,20.19902911186218,97.8
1729,8324,27.080976019999994,92.99,425,3540992,,,,,,,,,,,,
1730,8329,27.502467689999992,93.6,425,3543040,3e-05,1.0667753975838423,0.11178241670131683,0.9366011619567871,17290,0.004361489,-2.0916834235191346,0.140087890625,-0.01388759600231424,0.1,,
1731,8333,27.469889870000006,94.78,425,3545088,3e-05,0.8748638009652495,0.069725900888443,0.9468158483505249,17300,0.006062872,-2.033257669210434,0.13330078125,-0.015445373021066189,0.1,,
1732,8338,27.2857982,94.99,425,3547136,3e-05,0.9354529485106469,0.1364077478647232,0.9390883445739746,17310,0.0048231324,-2.0503453761339188,0.130859375,-0.014054212084738537,0.1,,
1733,8342,27.668975449999998,94.49,425,3549184,3e-05,0.9722806807607413,0.11494496464729309,0.9330309629440308,17320,0.0065303547,-2.003513069450855,0.163671875,-0.015083423543546814,0.1,,
,,,,,3550000,3e-05,0.8839915949851275,0.10872948169708252,0.9427961111068726,17330,0.005650156,-2.053431640565395,0.13212890625,-0.013518036279128865,0.1,28.552992630004884,94.4
1734,8347,28.21660325,94.06,425,3551232,,,,,,,,,,,,
1735,8352,28.82658841,93.94,425,3553280,3e-05,1.402915795147419,0.251687228679657,0.925094485282898,17340,0.004588222,-1.9312263950705528,0.137890625,-0.011351406830362976,0.1,,
1736,8357,29.286520659999997,93.7,425,3555328,3e-05,1.1054830148816108,0.11795166879892349,0.9362713098526001,17350,0.0040514236,-1.9997943252325059,0.115283203125,-0.011768858606228606,0.1,,
1737,8362,28.921479439999995,93.32,425,3557376,3e-05,0.7851237783208489,0.08527964353561401,0.9460198879241943,17360,0.005508932,-2.0160692125558852,0.133447265625,-0.014407075211056507,0.1,,
1738,8366,28.445148409999998,94.1,425,3559424,3e-05,1.2329759042710067,0.15749919414520264,0.9220514297485352,17370,0.0042105145,-2.104916101694107,0.1208984375,-0.014312774472637102,0.1,,
,,,,,3560000,3e-05,1.038786379992962,0.09361101686954498,0.9288239479064941,17380,0.0062388196,-2.115036290884018,0.166845703125,-0.012922764153336175,0.1,29.951735305786134,95.8
1739,8372,27.734342660000003,94.81,425,3561472,,,,,,,,,,,,
1740,8377,26.476902109999997,95.48,425,3563520,3e-05,1.195742379873991,0.15814079344272614,0.911669909954071,17390,0.004515489,-2.0402030438184737,0.1392578125,-0.013026565930340439,0.1,,
1741,8381,25.438311330000005,96.33,425,3565568,3e-05,1.6977428551763296,0.2304421067237854,0.8765975832939148,17400,0.0044369046,-2.095294240117073,0.1142578125,-0.011470878723775968,0.1,,
1742,8386,25.303786470000006,97.19,425,3567616,3e-05,1.2007998876273631,0.13442105054855347,0.9101387858390808,17410,0.0032043923,-2.0510736972093584,0.105029296875,-0.014378745056455955,0.1,,
1743,8391,25.334168080000005,97.83,425,3569664,3e-05,1.4335512548685074,0.18990343809127808,0.9215942025184631,17420,0.0041979477,-2.0750933259725572,0.11611328125,-0.013606524956412614,0.1,,
,,,,,3570000,3e-05,1.2434014581143855,0.1727999448776245,0.9322418570518494,17430,0.005839244,-2.033499526977539,0.13486328125,-0.013169915747130289,0.1,29.722405242919923,89.4
1744,8397,25.8019075,96.96,425,3571712,,,,,,,,,,,,
1745,8402,26.104915450000004,96.57,425,3573760,3e-05,1.487514153495431,0.19423821568489075,0.9421997666358948,17440,0.003617163,-2.0751304924488068,0.12470703125,-0.008313888085831422,0.1,,
1746,8406,26.99324107,95.37,425,3575808,3e-05,1.045201788470149,0.12501104176044464,0.9275844693183899,17450,0.007865094,-2.0197203293442727,0.132861328125,-0.013531087612500414,0.1,,
1747,8411,26.506930199999996,95.0,425,3577856,3e-05,1.2924326360225677,0.15954703092575073,0.9422721862792969,17460,0.005024376,-2.012954591214657,0.109326171875,-0.013106915817479603,0.1,,
1748,8416,26.148989119999996,94.58,425,3579904,3e-05,1.5428404595702887,0.14695988595485687,0.8940098285675049,17470,0.0034891902,-2.028498302400112,0.104638671875,-0.012209142203209922,0.1,,
,,,,,3580000,3e-05,1.2463440470397473,0.19080087542533875,0.9253424406051636,17480,0.005763933,-2.0529448688030243,0.16650390625,-0.012026362976757809,0.1,26.81393165588379,93.0
1749,8421,26.386500230000003,95.05,425,3581952,,,,,,,,,,,,
1750,8426,26.2917756,94.46,425,3584000,3e-05,1.7938497740775348,0.37476271390914917,0.9254723191261292,17490,0.0035722773,-2.0526251077651976,0.14130859375,-0.009217344893841073,0.1,,
1751,8431,26.691120210000005,94.35,425,3586048,3e-05,1.8928933553397655,0.3635677695274353,0.8906955122947693,17500,0.005081576,-1.9938768863677978,0.118408203125,-0.012512463878374546,0.1,,
1752,8435,27.427754869999998,94.3,425,3588096,3e-05,1.5622953727841378,0.2801782786846161,0.9153863191604614,17510,0.005507101,-2.004840837419033,0.138720703125,-0.010495253588305786,0.1,,
,,,,,3590000,3e-05,1.2185781199485064,0.13661815226078033,0.9409615397453308,17520,0.004144134,-2.0492052257061006,0.100146484375,-0.013118924255832099,0.1,31.447650909423828,90.6
1753,8441,27.696625700000006,94.68,425,3590144,,,,,,,,,,,,
1754,8445,27.918934090000004,94.27,425,3592192,3e-05,0.9592591617256403,0.12704801559448242,0.9506497979164124,17530,0.005437207,-2.039178450405598,0.131982421875,-0.013881124346517027,0.1,,
1755,8450,28.01387793,94.19,425,3594240,3e-05,1.0670465838164092,0.1905892938375473,0.9471759796142578,17540,0.0046358267,-2.019403190910816,0.1283203125,-0.013124562666052952,0.1,,
1756,8454,27.5037394,94.67,425,3596288,3e-05,0.9825682086870074,0.10244474560022354,0.9430028200149536,17550,0.005709271,-2.0426620572805403,0.12568359375,-0.014297957648523152,0.1,,
1757,8459,26.865060569999997,94.74,425,3598336,3e-05,1.4148551218211651,0.18101590871810913,0.9048780202865601,17560,0.0037980508,-2.0215345069766046,0.13046875,-0.009237167277024127,0.1,,
,,,,,3600000,3e-05,1.2596935655921697,0.10358115285634995,0.9316700100898743,17570,0.00506586,-2.107136422395706,0.112158203125,-0.013766716196550987,0.1,23.411245346069336,91.4
1758,8464,26.497712869999997,93.83,425,3600384,,,,,,,,,,,,
1759,8469,26.326016440000004,93.78,425,3602432,3e-05,1.4783778354525565,0.2827202081680298,0.9147734642028809,17580,0.0043210713,-1.9988288119435311,0.1138671875,-0.01181056623463519,0.1,,
1760,8473,26.548297420000004,93.5,425,3604480,3e-05,1.3825827348977326,0.2582055628299713,0.9085574150085449,17590,0.004677163,-2.0372602224349974,0.121875,-0.011353108379989863,0.1,,
1761,8478,26.320854599999997,94.24,425,3606528,3e-05,1.9218588799238205,0.27989131212234497,0.9132633209228516,17600,0.0034455888,-2.0769215881824494,0.0974609375,-0.012398926180321724,0.1,,
1762,8482,27.200227289999997,92.78,425,3608576,3e-05,1.2914430029690265,0.18937593698501587,0.918143093585968,17610,0.0037412115,-1.9815637841820717,0.1078125,-0.012065359874395654,0.1,,
,,,,,3610000,3e-05,0.9171103058382869,0.09557770937681198,0.9428964257240295,17620,0.004783467,-2.039167694747448,0.11796875,-0.01365915525238961,0.1,26.69986653327942,89.2
1763,8488,27.22083371,93.53,425,3610624,,,,,,,,,,,,
1764,8492,27.136098309999998,94.13,425,3612672,3e-05,1.2162978932261468,0.11995713412761688,0.9088765978813171,17630,0.0065803872,-2.0691281393170358,0.156201171875,-0.014146776564302854,0.1,,
1765,8497,26.64227873,94.31,425,3614720,3e-05,1.0124280340969563,0.16036610305309296,0.9418278932571411,17640,0.0036371453,-2.0873938858509065,0.1271484375,-0.01347144570609089,0.1,,
1766,8501,26.89186925,93.37,425,3616768,3e-05,0.9346779024228453,0.07956450432538986,0.9405604600906372,17650,0.0058102706,-2.072438709437847,0.1419921875,-0.01625019315397367,0.1,,
1767,8506,26.63110511,93.99,425,3618816,3e-05,1.3362763017416,0.1438821703195572,0.9205302000045776,17660,0.003981074,-1.9791150227189065,0.1033203125,-0.013690525299170985,0.1,,
,,,,,3620000,3e-05,0.9790351273491978,0.06728450953960419,0.9283998608589172,17670,0.0048604114,-2.046599967777729,0.125341796875,-0.01382052456610836,0.1,30.236961364746094,86.2
1768,8511,26.795682329999995,94.75,425,3620864,,,,,,,,,,,,
1769,8516,26.253861689999997,95.4,425,3622912,3e-05,0.8564817624166607,0.08240577578544617,0.9606028199195862,17680,0.005366435,-2.020750454068184,0.14755859375,-0.014516810077475384,0.1,,
1770,8520,27.061081599999998,95.43,425,3624960,3e-05,0.917716583237052,0.0981595516204834,0.9391520619392395,17690,0.0043460615,-2.048536141216755,0.10390625,-0.01317360504763201,0.1,,
1771,8525,26.348411100000003,95.64,425,3627008,3e-05,0.9214186752215028,0.12945695221424103,0.9324505925178528,17700,0.0042888066,-2.0918976813554764,0.11630859375,-0.011311700544320047,0.1,,
1772,8530,26.092665489999998,95.95,425,3629056,3e-05,0.9677448466420173,0.1975996196269989,0.9439648985862732,17710,0.0038351547,-2.066527488827705,0.11201171875,-0.013694496767129749,0.1,,
,,,,,3630000,3e-05,0.9279030565172434,0.10306434333324432,0.9330853819847107,17720,0.005277727,-2.071914881467819,0.1294921875,-0.010933392867445945,0.1,29.434561920166015,91.4
1773,8535,26.841427100000004,94.33,425,3631104,,,,,,,,,,,,
1774,8539,26.636278420000004,94.33,425,3633152,3e-05,0.9652501467615366,0.16818375885486603,0.9300695657730103,17730,0.0038475858,-2.042264874279499,0.10283203125,-0.012020212854258716,0.1,,
1775,8544,26.99860377,94.39,425,3635200,3e-05,1.291302492469549,0.1707315295934677,0.9187417030334473,17740,0.005944905,-2.0046379402279855,0.1115234375,-0.014863182540284469,0.1,,
1776,8549,26.680134900000002,93.86,425,3637248,3e-05,0.7980435851961374,0.08582329750061035,0.937280535697937,17750,0.0064258445,-2.05354905128479,0.1455078125,-0.013017633669369389,0.1,,
1777,8553,26.38981234,94.12,425,3639296,3e-05,1.5349991016089917,0.1799098253250122,0.9025861620903015,17760,0.0037547098,-2.082242488861084,0.1109375,-0.013438660639803857,0.1,,
,,,,,3640000,3e-05,1.116588244959712,0.1563252955675125,0.9071253538131714,17770,0.007158543,-2.107430046796799,0.14521484375,-0.014425105176633224,0.1,20.1647668838501,96.0
1778,8559,25.920265250000007,93.99,425,3641344,,,,,,,,,,,,
1779,8563,25.743253460000005,94.23,425,3643392,3e-05,1.554380288720131,0.19361646473407745,0.9224532246589661,17780,0.0036527575,-2.054817299544811,0.0986328125,-0.01364006501971744,0.1,,
1780,8568,25.716219439999996,94.29,425,3645440,3e-05,1.2491836622357368,0.22136259078979492,0.9357137680053711,17790,0.0046916567,-2.024922551214695,0.12744140625,-0.014778633241076023,0.1,,
1781,8572,25.51049388,95.65,425,3647488,3e-05,1.3749769601970911,0.24358388781547546,0.9149866104125977,17800,0.0024404025,-2.076094752550125,0.074755859375,-0.010864382784347981,0.1,,
1782,8577,25.45302978,95.73,425,3649536,3e-05,1.010086029022932,0.09450975060462952,0.9409762620925903,17810,0.005046435,-2.0393317341804504,0.124267578125,-0.012583127364632674,0.1,,
,,,,,3650000,3e-05,1.062750045955181,0.14921870827674866,0.9174536466598511,17820,0.0045930576,-2.036319498717785,0.105322265625,-0.012155368441017344,0.1,32.84379425048828,87.6
1783,8583,24.977467549999997,96.46,425,3651584,,,,,,,,,,,,
1784,8587,25.280921299999996,96.36,425,3653632,3e-05,0.9363814897835254,0.15125402808189392,0.9434797167778015,17830,0.0037798092,-2.011242423951626,0.085791015625,-0.012954004426137544,0.1,,
1785,8592,26.383535980000005,94.63,425,3655680,3e-05,1.1472679901868106,0.11845126748085022,0.9286801815032959,17840,0.0047933497,-2.039300502836704,0.13466796875,-0.012944050604710355,0.1,,
1786,8596,26.33295475,93.15,425,3657728,3e-05,1.350472316890955,0.17641350626945496,0.9041261076927185,17850,0.0039192243,-2.0008274361491205,0.097119140625,-0.011980572750326246,0.1,,
1787,8601,25.718397930000005,92.77,425,3659776,3e-05,1.6817995674908162,0.21536332368850708,0.9060750007629395,17860,0.00499596,-2.13425173163414,0.140380859375,-0.011963105885661207,0.1,,
,,,,,3660000,3e-05,1.4373725134879352,0.1428828239440918,0.9087416529655457,17870,0.0038700218,-2.12701678276062,0.13759765625,-0.012100249493960291,0.1,18.50629119873047,99.8
1788,8607,25.744221330000002,93.32,425,3661824,,,,,,,,,,,,
1789,8611,25.09628414,92.89,425,3663872,3e-05,1.2920123148709535,0.16056305170059204,0.9305352568626404,17880,0.004471235,-2.093025952577591,0.099560546875,-0.01146790524435346,0.1,,
1790,8616,25.200408819999993,94.07,425,3665920,3e-05,1.6951774720102548,0.18858210742473602,0.8763607144355774,17890,0.003480498,-2.036551170051098,0.10830078125,-0.009203858388355001,0.1,,
1791,8621,25.836851799999998,93.47,425,3667968,3e-05,1.400953697040677,0.29095375537872314,0.9221912026405334,17900,0.0032983487,-2.034205585718155,0.093505859375,-0.012239497882546857,0.1,,
,,,,,3670000,3e-05,1.2021380871534348,0.18283158540725708,0.9448912143707275,17910,0.0048924685,-2.0480061918497086,0.130419921875,-0.014962540499982423,0.1,23.30478172302246,96.4
1792,8626,26.43604178,92.78,425,3670016,,,,,,,,,,,,
1793,8631,26.4573595,92.75,425,3672064,3e-05,1.8414580870419741,0.35875403881073,0.9148176312446594,17920,0.0041954815,-2.08224119246006,0.099072265625,-0.013624178012833,0.1,,
1794,8635,27.061380849999995,92.69,425,3674112,3e-05,1.5807819828391074,0.16637088358402252,0.9150355458259583,17930,0.003313811,-1.9900793626904487,0.107421875,-0.013153444178169594,0.1,,
1795,8640,26.58366959,93.23,425,3676160,3e-05,1.7387690026313067,0.2549324333667755,0.9108137488365173,17940,0.004400501,-2.108802926540375,0.12421875,-0.012845026471768505,0.1,,
1796,8644,26.860443179999997,93.71,425,3678208,3e-05,1.3845913965255021,0.21064947545528412,0.8912836313247681,17950,0.012168498,-2.0609845489263536,0.133544921875,-0.010260366363218055,0.1,,
,,,,,3680000,3e-05,1.3390002224594355,0.2037608027458191,0.9334636926651001,17960,0.0046035727,-2.1072311490774154,0.144482421875,-0.010489259511814453,0.1,23.60171604156494,92.0
1797,8650,26.41461593,93.54,425,3680256,,,,,,,,,,,,
1798,8654,26.294267849999997,93.95,425,3682304,3e-05,2.1714512795209884,0.4268301725387573,0.8524014949798584,17970,0.0042303484,-2.0457829773426055,0.108056640625,-0.012144079233985394,0.1,,
1799,8659,25.670728410000006,93.93,425,3684352,3e-05,1.6968776758760213,0.1744263470172882,0.9111502170562744,17980,0.0038606264,-2.066675196588039,0.096728515625,-0.012136958187329582,0.1,,
1800,8664,25.584544809999997,93.64,425,3686400,3e-05,1.671129634603858,0.180479496717453,0.891904890537262,17990,0.0041707065,-2.0344304248690603,0.102783203125,-0.011943464202340692,0.1,,
1801,8669,25.30130549,93.44,425,3688448,3e-05,1.6527495622634887,0.2913786470890045,0.9080972671508789,18000,0.004394835,-2.070081377029419,0.09892578125,-0.011750697909155861,0.1,,
,,,,,3690000,3e-05,1.1253339499235153,0.10663595050573349,0.886890709400177,18010,0.004852033,-2.1128755867481233,0.139453125,-0.015068379242438822,0.1,29.852174758911133,87.6
1802,8674,26.047732720000003,92.95,425,3690496,,,,,,,,,,,,
1803,8678,26.51143225,93.91,425,3692544,3e-05,0.9324186727404594,0.06743976473808289,0.9324847459793091,18020,0.0057704938,-2.0237840846180917,0.141064453125,-0.011247505454230122,0.1,,
1804,8683,26.867809689999998,93.67,425,3694592,3e-05,1.1017884079366922,0.1583056002855301,0.9441885352134705,18030,0.007078711,-2.0901389002799986,0.14833984375,-0.013977880563470536,0.1,,
1805,8688,26.43612595,93.89,425,3696640,3e-05,1.5926491014659405,0.17877794802188873,0.9211792945861816,18040,0.0047454364,-2.04304967969656,0.142138671875,-0.013764235918642953,0.1,,
1806,8692,26.367700389999996,94.6,425,3698688,3e-05,1.4872800700366497,0.13997304439544678,0.8911871314048767,18050,0.004717853,-2.0938541382551192,0.125341796875,-0.012450455102953128,0.1,,
,,,,,3700000,3e-05,1.2230167604982853,0.12489789724349976,0.9249022603034973,18060,0.0048599793,-2.057235135138035,0.135986328125,-0.014435263170162216,0.1,26.730347919464112,88.8
1807,8698,26.511305160000003,93.42,425,3700736,,,,,,,,,,,,
1808,8702,26.05784274,93.35,425,3702784,3e-05,1.3531468354165554,0.15436094999313354,0.9097205996513367,18070,0.0046267305,-2.0176935642957687,0.1294921875,-0.012361028479062952,0.1,,
1809,8707,26.73449537,93.55,425,3704832,3e-05,1.1594446994364263,0.22143802046775818,0.9280190467834473,18080,0.0047470853,-2.076098793745041,0.131640625,-0.015578832646133378,0.1,,
1810,8712,27.2765584,93.06,425,3706880,3e-05,1.212293430045247,0.14253947138786316,0.9223589897155762,18090,0.0057742028,-2.0585615932941437,0.119091796875,-0.01523501321207732,0.1,,
1811,8716,27.26277936,94.0,425,3708928,3e-05,1.4439595784991979,0.23963597416877747,0.9199736714363098,18100,0.0054331394,-1.9784788817167283,0.11611328125,-0.013384636401315219,0.1,,
,,,,,3710000,3e-05,1.3616967543959617,0.27790960669517517,0.9301580786705017,18110,0.0049726535,-2.0403612181544304,0.101953125,-0.011945064831525087,0.1,18.504472255706787,98.8
1812,8722,27.47152364,94.43,425,3710976,,,,,,,,,,,,
1813,8726,28.081461259999998,94.57,425,3713024,3e-05,1.0561893593519927,0.1503235101699829,0.9403802752494812,18120,0.005470544,-2.0644776195287706,0.117138671875,-0.013218014116864652,0.1,,
1814,8731,27.242320620000005,94.35,425,3715072,3e-05,1.0343591343611478,0.10813197493553162,0.9501962661743164,18130,0.0058643897,-2.0393906593322755,0.117626953125,-0.012412940920330583,0.1,,
1815,8735,26.73821904,94.1,425,3717120,3e-05,1.3495736870914699,0.24725773930549622,0.925390899181366,18140,0.0045834095,-2.0438922345638275,0.10673828125,-0.01055669542402029,0.1,,
1816,8740,26.353316799999998,95.11,425,3719168,3e-05,1.2167408484965563,0.1557622104883194,0.9084420204162598,18150,0.00404764,-2.014154924452305,0.11044921875,-0.0115109414444305,0.1,,
,,,,,3720000,3e-05,1.1913104206323624,0.1977832019329071,0.9107866883277893,18160,0.005160809,-2.124888741970062,0.15712890625,-0.011461601662449538,0.1,25.95508232116699,98.6
1817,8746,25.9252866,95.32,425,3721216,,,,,,,,,,,,
1818,8751,25.936219780000002,95.37,425,3723264,3e-05,1.5985741883516311,0.34130316972732544,0.9104983806610107,18170,0.0037744094,-2.1096007257699965,0.1095703125,-0.013382455857936293,0.1,,
1819,8756,25.033268290000002,96.34,425,3725312,3e-05,0.9809066765010357,0.11430356651544571,0.937839150428772,18180,0.0060814414,-2.099902504682541,0.138818359375,-0.015342596307164058,0.1,,
1820,8761,25.38873066,96.01,425,3727360,3e-05,1.7324899077415465,0.28090500831604004,0.8868726491928101,18190,0.003328356,-2.0770377069711685,0.08388671875,-0.011512969265459106,0.1,,
1821,8765,25.152671020000003,94.91,425,3729408,3e-05,1.6873450234532357,0.1683673858642578,0.9190589189529419,18200,0.003854032,-2.099093997478485,0.09384765625,-0.011706999788293615,0.1,,
,,,,,3730000,3e-05,0.8367290545254946,0.09156350791454315,0.9222196936607361,18210,0.00700833,-2.0621619641780855,0.146728515625,-0.016666355219786055,0.1,23.17553997039795,96.4
1822,8771,25.316065209999998,94.85,425,3731456,,,,,,,,,,,,
1823,8775,25.682911310000005,94.76,425,3733504,3e-05,1.134499503299594,0.09533458203077316,0.9185820817947388,18220,0.0046849796,-2.0908036455512047,0.132470703125,-0.014662399253575131,0.1,,
1824,8780,25.90538452,93.71,425,3735552,3e-05,0.9523402392864228,0.10666222870349884,0.9388541579246521,18230,0.008168972,-2.1319647520780562,0.1453125,-0.012215277343057097,0.1,,
1825,8785,25.966545879999998,94.44,425,3737600,3e-05,1.5124528154730796,0.20248571038246155,0.9227415919303894,18240,0.0048667034,-2.132286450266838,0.134765625,-0.011815392228891141,0.1,,
1826,8789,25.292648339999996,94.04,425,3739648,3e-05,1.2418134212493896,0.14183905720710754,0.9447572231292725,18250,0.0071394173,-2.064477802813053,0.146337890625,-0.009649519680533559,0.1,,
,,,,,3740000,3e-05,1.8343829602003097,0.26269078254699707,0.8850934505462646,18260,0.0037774937,-2.0956438809633253,0.125732421875,-0.010126648882578592,0.1,33.54031524658203,87.2
1827,8794,25.740911890000003,94.12,425,3741696,,,,,,,,,,,,
1828,8799,26.866057599999998,92.92,425,3743744,3e-05,1.0984732318669557,0.19771163165569305,0.9310683012008667,18270,0.004516504,-2.0521773964166643,0.119970703125,-0.013259198295418172,0.1,,
1829,8803,27.04413979,92.25,425,3745792,3e-05,1.2617794323712588,0.18463122844696045,0.9349867701530457,18280,0.0077535817,-2.0471039354801177,0.120947265625,-0.012015901587437839,0.1,,
1830,8808,27.07451638,93.06,425,3747840,3e-05,1.7208189021795988,0.2806290090084076,0.9051312208175659,18290,0.004349995,-2.083826395869255,0.101220703125,-0.01287489488022402,0.1,,
1831,8812,27.59651295,92.29,425,3749888,3e-05,1.1410436045378447,0.1628221720457077,0.9318454265594482,18300,0.0041877953,-2.1671226888895037,0.118798828125,-0.015293770731659606,0.1,,
,,,,,3750000,3e-05,1.0363087564706803,0.13810010254383087,0.9338532090187073,18310,0.004883456,-2.1684558928012847,0.139892578125,-0.015507986454758793,0.1,26.479412841796876,91.4
1832,8818,26.671684099999997,92.42,425,3751936,,,,,,,,,,,,
1833,8822,24.940766919999998,94.04,425,3753984,3e-05,1.6894147604703904,0.24835164844989777,0.9246482849121094,18320,0.0040713022,-2.121302878856659,0.11357421875,-0.01382480573374778,0.1,,
1834,8827,25.75476657,94.37,425,3756032,3e-05,1.5049419537186624,0.297233909368515,0.9112825989723206,18330,0.0036934516,-2.1286755055189133,0.106591796875,-0.013333245532703587,0.1,,
1835,8831,25.170761680000002,94.26,425,3758080,3e-05,1.2459363400936128,0.2149355113506317,0.9312647581100464,18340,0.005430818,-1.984384509921074,0.119775390625,-0.011161813381477259,0.1,,
,,,,,3760000,3e-05,1.2679113436490297,0.1523045301437378,0.9035518169403076,18350,0.005423573,-2.0813211798667908,0.129541015625,-0.0135597578890156,0.1,23.210953521728516,94.2
1836,8837,26.074814689999997,94.33,425,3760128,,,,,,,,,,,,
1837,8841,26.176921200000002,94.42,425,3762176,3e-05,1.649733044207096,0.30588775873184204,0.9275640249252319,18360,0.0044420045,-2.124049523472786,0.12900390625,-0.013838801509700715,0.1,,
1838,8846,25.65579189,94.53,425,3764224,3e-05,1.8295856438577176,0.22257207334041595,0.8903638124465942,18370,0.0038648206,-2.08793323636055,0.112353515625,-0.010684897095779888,0.1,,
1839,8851,25.59555239,96.16,425,3766272,3e-05,1.3668358370661735,0.1863468587398529,0.9170092344284058,18380,0.006432255,-2.1020953953266144,0.12939453125,-0.012239526881603523,0.1,,
1840,8855,25.749744209999996,96.94,425,3768320,3e-05,1.1083795517683028,0.18103604018688202,0.9364612698554993,18390,0.004483266,-2.0219892457127573,0.1201171875,-0.011597079338389448,0.1,,
,,,,,3770000,3e-05,1.3936490155756474,0.1992737352848053,0.9217985272407532,18400,0.0057827523,-2.0733690798282622,0.120556640625,-0.012899495108285919,0.1,27.344475173950194,95.0
1841,8861,26.224555449999997,96.22,425,3770368,,,,,,,,,,,,
1842,8865,26.269785980000005,96.61,425,3772416,3e-05,1.2790017858147622,0.2546475827693939,0.9271215200424194,18410,0.011271489,-2.1095625311136246,0.141064453125,-0.009970616194186733,0.1,,
1843,8870,26.65427176,96.7,425,3774464,3e-05,1.0537772320210934,0.15114036202430725,0.9286072254180908,18420,0.00446174,-1.9877999350428581,0.12470703125,-0.01229154973407276,0.1,,
1844,8874,27.055774139999997,95.48,425,3776512,3e-05,0.7179972723126411,0.08983872830867767,0.9442058205604553,18430,0.007475733,-2.0330371424555778,0.139306640625,-0.01611565296771005,0.1,,
1845,8879,26.52062726,95.51,425,3778560,3e-05,0.9706031505018473,0.1684117466211319,0.9340742826461792,18440,0.005399093,-2.0101680919528007,0.144873046875,-0.01319320258044172,0.1,,
,,,,,3780000,3e-05,0.9847163062542676,0.16327233612537384,0.9184613227844238,18450,0.0055134725,-2.0832173466682433,0.14052734375,-0.01162760477163829,0.1,27.90949969291687,92.0
1846,8884,26.47192687,96.09,425,3780608,,,,,,,,,,,,
1847,8889,26.460015390000002,95.68,425,3782656,3e-05,0.8553090952336788,0.15444332361221313,0.9549667835235596,18460,0.0040245843,-2.0122334375977515,0.133935546875,-0.01380591468187049,0.1,,
1848,8893,26.110383579999993,94.89,425,3784704,3e-05,0.9938010409474373,0.09097650647163391,0.9355664849281311,18470,0.0053719752,-2.026056629419327,0.124365234375,-0.012647728185402229,0.1,,
1849,8898,25.918603200000003,95.58,425,3786752,3e-05,1.3248731914907694,0.2760778069496155,0.9223678708076477,18480,0.004316913,-2.0524245619773867,0.122998046875,-0.012719450338045135,0.1,,
1850,8902,25.959932269999996,95.67,425,3788800,3e-05,1.1945904385298491,0.14078599214553833,0.9258228540420532,18490,0.004577845,-2.07812705039978,0.1216796875,-0.014183062396477908,0.1,,
,,,,,3790000,3e-05,1.2341665256768466,0.19097399711608887,0.9301385879516602,18500,0.005133122,-2.0324039041996,0.11748046875,-0.013020000909455121,0.1,23.044447708129884,89.6
1851,8908,25.71472128,95.01,425,3790848,,,,,,,,,,,,
1852,8912,25.871249249999995,95.12,425,3792896,3e-05,0.877605821006,0.10939915478229523,0.9437862038612366,18510,0.005537194,-2.0197441801428795,0.12001953125,-0.014887462099432014,0.1,,
1853,8917,26.562956640000003,94.4,425,3794944,3e-05,0.8969013683497906,0.12259541451931,0.9372442960739136,18520,0.0047652833,-2.0686985716223716,0.12998046875,-0.011621298617683351,0.1,,
1854,8922,26.228321329999993,93.9,425,3796992,3e-05,0.9592007346451282,0.11244756728410721,0.9415690302848816,18530,0.0051652547,-2.081536719202995,0.128564453125,-0.012347206895356067,0.1,,
1855,8926,26.86286131,93.44,425,3799040,3e-05,0.8058977961540222,0.08782091736793518,0.9443095326423645,18540,0.005496699,-2.094203543663025,0.122021484375,-0.012542037689127029,0.1,,
,,,,,3800000,3e-05,0.6460032217204571,0.16653494536876678,0.9633446931838989,18550,0.006461462,-1.982961578667164,0.164990234375,-0.01137035398860462,0.1,27.699585342407225,99.2
1856,8932,26.243938200000002,94.38,425,3801088,,,,,,,,,,,,
1857,8937,26.32637886,93.35,425,3803136,3e-05,1.5281724877655507,0.2463148981332779,0.8582808971405029,18560,0.0042778067,-2.115097498893738,0.118212890625,-0.014347511617233976,0.1,,
1858,8942,25.334404199999998,94.44,425,3805184,3e-05,1.1286950163543223,0.15515175461769104,0.922579288482666,18570,0.004528249,-2.014530915021896,0.11572265625,-0.01235063116182573,0.1,,
1859,8947,25.25576744,94.09,425,3807232,3e-05,1.2366441000252961,0.18152424693107605,0.9205995798110962,18580,0.0042039426,-2.100985053181648,0.11787109375,-0.013434532762039453,0.1,,
1860,8952,25.57797831,94.31,425,3809280,3e-05,1.0006362654268741,0.2081751525402069,0.9462193250656128,18590,0.0053131627,-2.0437513425946237,0.133203125,-0.015729203569935634,0.1,,
,,,,,3810000,3e-05,1.3227925777435303,0.16489675641059875,0.9232168197631836,18600,0.0045721624,-2.034627024829388,0.136279296875,-0.013721750708646141,0.1,26.615711784362794,91.4
1861,8958,26.663116259999995,94.32,425,3811328,,,,,,,,,,,,
1862,8963,26.700193770000002,94.76,425,3813376,3e-05,1.2420047134160996,0.14136157929897308,0.9406211972236633,18610,0.003668162,-2.014379416406155,0.09228515625,-0.012954909045947715,0.1,,
1863,8967,27.10312305,94.97,425,3815424,3e-05,1.4231459245085716,0.17558886110782623,0.9092835783958435,18620,0.004352468,-2.090775302052498,0.127685546875,-0.01456068565021269,0.1,,
1864,8972,26.663035840000003,93.78,425,3817472,3e-05,1.4642662793397903,0.3205505609512329,0.9185703992843628,18630,0.0055952966,-2.157181540131569,0.14404296875,-0.012680560332955792,0.1,,
1865,8977,27.787837970000005,92.66,425,3819520,3e-05,1.7569592647254466,0.28566619753837585,0.9116286635398865,18640,0.0035974374,-2.016116614639759,0.10869140625,-0.011694777870434336,0.1,,
,,,,,3820000,3e-05,1.1988721009343863,0.20456506311893463,0.9402458071708679,18650,0.006096443,-2.0411597952246665,0.1603515625,-0.010171874688239768,0.1,21.857992935180665,94.2
1866,8983,27.82786498,92.38,425,3821568,,,,,,,,,,,,
1867,8988,28.18996922,92.82,425,3823616,3e-05,1.0473202839493752,0.10023051500320435,0.9432846307754517,18660,0.0053129783,-2.018752360343933,0.141064453125,-0.012417443070444279,0.1,,
1868,8993,28.78451202999999,94.12,425,3825664,3e-05,1.7243523821234703,0.2686231732368469,0.9205358028411865,18670,0.003974647,-1.988538144528866,0.09736328125,-0.012094039970543235,0.1,,
1869,8998,28.84410568,94.65,425,3827712,3e-05,1.090788641758263,0.11827105283737183,0.9334350824356079,18680,0.004175294,-1.994532784819603,0.1255859375,-0.01149913297558669,0.1,,
1870,9002,27.613902510000003,95.32,425,3829760,3e-05,0.8663762796670198,0.12430639564990997,0.9496021270751953,18690,0.004781972,-2.0017442807555197,0.129833984375,-0.014047986752120777,0.1,,
,,,,,3830000,3e-05,1.103280011191964,0.1823607087135315,0.9409592747688293,18700,0.0044856886,-2.0670675918459893,0.1392578125,-0.01514516254537739,0.1,20.30506534576416,100.4
1871,9008,26.995152380000004,96.81,425,3831808,,,,,,,,,,,,
1872,9012,26.81734474,96.33,425,3833856,3e-05,1.0066699352115394,0.13799527287483215,0.9345378875732422,18710,0.004630205,-2.0607611894607545,0.1388671875,-0.013601085124537348,0.1,,
1873,9017,25.953746539999997,94.5,425,3835904,3e-05,1.9153082072734833,0.3731783628463745,0.9131551384925842,18720,0.0030410453,-2.0042931005358695,0.102294921875,-0.01122079111810308,0.1,,
1874,9021,26.37724507,93.57,425,3837952,3e-05,1.749009296298027,0.27574944496154785,0.8967249393463135,18730,0.0076275994,-2.0617688938975336,0.10986328125,-0.012213313658139668,0.1,,
,,,,,3840000,3e-05,1.470829050242901,0.25163254141807556,0.9066774845123291,18740,0.0030266293,-2.040189841389656,0.09853515625,-0.01185685555683449,0.1,30.772596740722655,89.4
1875,9027,26.51620038,92.61,425,3840000,,,,,,,,,,,,
1876,9031,26.794844530000006,92.15,425,3842048,3e-05,1.1228363327682018,0.13194406032562256,0.9251424074172974,18750,0.0048348447,-2.0321259781718255,0.11689453125,-0.013535180731560103,0.1,,
1877,9036,26.52402799,93.1,425,3844096,3e-05,1.2461309187114238,0.17300783097743988,0.9367061853408813,18760,0.0057392064,-2.034176652133465,0.12177734375,-0.010988319109310396,0.1,,
1878,9040,26.470248659999992,93.9,425,3846144,3e-05,1.606319848448038,0.31646034121513367,0.8905330300331116,18770,0.00482347,-2.089999708533287,0.1232421875,-0.009916470304597169,0.1,,
1879,9045,25.9579196,93.66,425,3848192,3e-05,1.0109190445393323,0.14873358607292175,0.9325467348098755,18780,0.006551831,-2.059609501063824,0.12587890625,-0.014190009894082322,0.1,,
,,,,,3850000,3e-05,1.2640345871448517,0.14727136492729187,0.919987142086029,18790,0.004911932,-2.0363763153553007,0.1416015625,-0.012711606614175253,0.1,23.365385818481446,97.8
1880,9050,25.811551630000004,93.98,425,3850240,,,,,,,,,,,,
1881,9055,26.075019469999997,93.68,425,3852288,3e-05,1.5930843193084,0.2022937536239624,0.9069348573684692,18800,0.004484563,-2.050939530134201,0.1296875,-0.010508461185963824,0.1,,
1882,9059,25.847101660000003,94.39,425,3854336,3e-05,1.0554132927209139,0.1342170238494873,0.9472764730453491,18810,0.004541103,-2.0432127118110657,0.142138671875,-0.014347989209636581,0.1,,
1883,9064,26.13578047,94.64,425,3856384,3e-05,1.0848322991281747,0.10682115703821182,0.939936637878418,18820,0.0057877805,-2.062122495472431,0.142578125,-0.012058751296717674,0.1,,
1884,9068,26.61487622,94.14,425,3858432,3e-05,1.0074809800833464,0.13740745186805725,0.9508322477340698,18830,0.009607267,-2.0975976467132567,0.181591796875,-0.01372633885475807,0.1,,
,,,,,3860000,3e-05,0.9274139147251844,0.10115848481655121,0.952481210231781,18840,0.0071000224,-1.9976537466049193,0.1490234375,-0.012506001390283928,0.1,25.70495662689209,92.8
1885,9074,26.65805456,94.47,425,3860480,,,,,,,,,,,,
1886,9078,27.404069760000002,92.79,425,3862528,3e-05,2.0262512981891634,0.2562357187271118,0.8803646564483643,18850,0.0051264847,-1.9899207562208177,0.134619140625,-0.008096228440990672,0.1,,
1887,9083,27.616861759999995,92.39,425,3864576,3e-05,1.5562380217015743,0.20517180860042572,0.9046076536178589,18860,0.0046849377,-2.063125978410244,0.120166015625,-0.014124993450241163,0.1,,
1888,9087,27.262510000000002,92.41,425,3866624,3e-05,1.2676017321646214,0.18162906169891357,0.9275209903717041,18870,0.0049309973,-2.016301243007183,0.0927734375,-0.012451461615273728,0.1,,
1889,9092,26.329511820000004,93.89,425,3868672,3e-05,1.4838173151016236,0.305622935295105,0.9058382511138916,18880,0.004775553,-2.06607064306736,0.128857421875,-0.013332554185763002,0.1,,
,,,,,3870000,3e-05,1.1775599628686906,0.18730562925338745,0.9219569563865662,18890,0.003894449,-2.030851238965988,0.103466796875,-0.013847830786835403,0.1,25.00953025817871,102.0
1890,9097,26.03861346,93.36,425,3870720,,,,,,,,,,,,
1891,9102,26.347060130000003,93.63,425,3872768,3e-05,1.2469083789736033,0.25559407472610474,0.9196110367774963,18900,0.0049362257,-2.071770104765892,0.132666015625,-0.014652255247347057,0.1,,
1892,9106,26.380777279999997,94.13,425,3874816,3e-05,0.9946310419589282,0.12832452356815338,0.9549054503440857,18910,0.0042988705,-2.0262251630425454,0.114599609375,-0.012762823086814024,0.1,,
1893,9111,26.4766871,94.0,425,3876864,3e-05,0.8873086623847485,0.1480575054883957,0.954121470451355,18920,0.0076571666,-2.0610099136829376,0.1517578125,-0.011505239841062576,0.1,,
1894,9115,26.993642250000004,93.76,425,3878912,3e-05,1.0414368908852338,0.09650689363479614,0.9339258670806885,18930,0.0056899427,-2.044348658621311,0.135498046875,-0.014812971174251288,0.1,,
,,,,,3880000,3e-05,1.0581880256533622,0.12761937081813812,0.9359544515609741,18940,0.005071656,-1.984250271320343,0.154052734375,-0.013885769533226266,0.1,20.582202911376953,99.4
1895,9121,26.995518349999998,94.06,425,3880960,,,,,,,,,,,,
1896,9126,26.501165220000004,95.2,425,3883008,3e-05,1.117914516851306,0.25578662753105164,0.9454251527786255,18950,0.0055025155,-2.0952981412410736,0.119482421875,-0.01296714519849047,0.1,,
1897,9130,27.012889209999997,95.02,425,3885056,3e-05,0.7683794248849154,0.09268657863140106,0.951960027217865,18960,0.006541357,-2.149033659696579,0.161865234375,-0.016444882832001895,0.1,,
1898,9135,26.539718869999998,96.77,425,3887104,3e-05,1.1199522156268358,0.1424194872379303,0.9321420192718506,18970,0.005140622,-2.0276236444711686,0.133837890625,-0.01117253101838287,0.1,,
1899,9139,26.79854087,96.32,425,3889152,3e-05,0.799138274975121,0.1002642884850502,0.9207125306129456,18980,0.006209585,-2.0600062265992163,0.14921875,-0.014907368511194364,0.1,,
,,,,,3890000,3e-05,0.9624370086938143,0.18214157223701477,0.9297074675559998,18990,0.007866248,-2.034100793302059,0.130224609375,-0.011890921671874822,0.1,30.638983535766602,93.2
1900,9145,26.39186991,96.01,425,3891200,,,,,,,,,,,,
1901,9149,27.155503150000005,94.78,425,3893248,3e-05,2.2928949773311613,0.3123384714126587,0.8738190531730652,19000,0.0052451175,-2.079958112537861,0.172412109375,-0.00807446618709946,0.1,,
1902,9154,26.50065741,94.58,425,3895296,3e-05,0.9294950306415558,0.14371396601200104,0.9429020881652832,19010,0.0059168655,-2.084694953262806,0.179248046875,-0.011827093636384234,0.1,,
1903,9158,26.4506489,94.24,425,3897344,3e-05,1.6939142726361751,0.3330038785934448,0.9052621722221375,19020,0.002935363,-2.027090446650982,0.082763671875,-0.012850017711753026,0.1,,
1904,9163,25.98841359,95.26,425,3899392,3e-05,1.9151557028293609,0.41855138540267944,0.9080724716186523,19030,0.003833299,-2.1023401767015457,0.09765625,-0.01407086368999444,0.1,,
,,,,,3900000,3e-05,1.2423201277852058,0.2932009994983673,0.9320550560951233,19040,0.007240685,-2.155919203162193,0.15068359375,-0.01508594355545938,0.1,24.11617431640625,96.6
1905,9169,26.310661649999997,94.39,425,3901440,,,,,,,,,,,,
1906,9173,25.843626780000005,94.22,425,3903488,3e-05,1.1236067917197943,0.17877420783042908,0.932548999786377,19050,0.0044183843,-2.0640681266784666,0.12373046875,-0.014564941904973238,0.1,,
1907,9178,25.443640770000002,93.69,425,3905536,3e-05,1.2369539026170968,0.17912623286247253,0.9260903596878052,19060,0.0064600185,-2.0940270721912384,0.113720703125,-0.011328053605393507,0.1,,
1908,9182,25.175489940000002,93.26,425,3907584,3e-05,1.2813160512596369,0.18291836977005005,0.9202712774276733,19070,0.0046115806,-2.0932400822639465,0.1333984375,-0.012644194086897187,0.1,,
1909,9187,24.094503239999995,93.72,425,3909632,3e-05,1.7339506290853024,0.34626296162605286,0.8817535638809204,19080,0.0042985063,-2.1113702088594435,0.109619140625,-0.013048005654127337,0.1,,
,,,,,3910000,3e-05,1.6466311827301978,0.2848178744316101,0.8936443328857422,19090,0.004835802,-2.091921788454056,0.112646484375,-0.013964532359386795,0.1,31.178116607666016,90.6
1910,9192,24.517585140000005,94.43,425,3911680,,,,,,,,,,,,
1911,9307,24.962737119999996,94.05,420,3913728,3e-05,1.1716869350522756,0.1439349502325058,0.9338441491127014,19100,0.0061527435,-2.1058962643146515,0.137890625,-0.015693501167697833,0.1,,
1912,9313,25.86520415,94.48,420,3915776,3e-05,1.3053752224892379,0.20213961601257324,0.9227365255355835,19110,0.0072378255,-2.11957733631134,0.188427734375,-0.014156457511126064,0.1,,
1913,9318,26.15031077,93.95,420,3917824,3e-05,1.120957363024354,0.12191770225763321,0.9374952912330627,19120,0.0055614635,-2.1185970693826675,0.141650390625,-0.013126253709197044,0.1,,
1914,9323,26.539869739999993,92.84,420,3919872,3e-05,1.2368315584957599,0.23294958472251892,0.9330317378044128,19130,0.0045811837,-2.154727539420128,0.130126953125,-0.013262987614143639,0.1,,
,,,,,3920000,3e-05,1.2629813443869353,0.1555430293083191,0.9407047033309937,19140,0.009671992,-2.1335428595542907,0.168408203125,-0.01474586367548909,0.1,11.038705682754516,103.2
1915,9329,26.93209535,94.04,420,3921920,,,,,,,,,,,,
1916,9333,26.364334350000004,95.17,420,3923968,3e-05,1.4565606191754341,0.18874552845954895,0.9229649901390076,19150,0.006628261,-2.1585029155015945,0.158935546875,-0.013055867608636617,0.1,,
1917,9339,26.00148788,95.42,420,3926016,3e-05,1.6134497918188573,0.199010968208313,0.9016060829162598,19160,0.004340435,-2.2352661550045014,0.13701171875,-0.011967766922316514,0.1,,
1918,9344,25.729971699999997,95.17,420,3928064,3e-05,1.521554706990719,0.2906954288482666,0.9252797365188599,19170,0.0036576493,-2.178356519341469,0.110205078125,-0.01337400944903493,0.1,,
,,,,,3930000,3e-05,1.2651822321116923,0.1647278070449829,0.9307185411453247,19180,0.0046034507,-2.2071557492017746,0.140771484375,-0.014925431436859071,0.1,28.77923011779785,92.6
1919,9349,25.02974815,95.67,420,3930112,,,,,,,,,,,,
1920,9354,24.85273926,95.55,420,3932160,3e-05,1.5398307919502259,0.2552450895309448,0.9367846250534058,19190,0.005050562,-2.1915510654449464,0.13720703125,-0.014548115589423104,0.1,,
1921,9359,26.451241689999996,94.7,420,3934208,3e-05,1.8638352483510972,0.26241084933280945,0.8932965397834778,19200,0.0042031514,-2.152492496371269,0.1140625,-0.013577479409286752,0.1,,
1922,9363,26.120059039999997,94.72,420,3936256,3e-05,1.4615208737552166,0.2106267660856247,0.9444140791893005,19210,0.0040389174,-2.1019094616174696,0.130517578125,-0.014609590638428926,0.1,,
1923,9368,25.906310440000002,95.01,420,3938304,3e-05,1.6666391693055629,0.2531748414039612,0.9197526574134827,19220,0.0042695836,-2.132766529917717,0.144775390625,-0.014387297027860768,0.1,,
,,,,,3940000,3e-05,1.8747277453541755,0.23742082715034485,0.908604085445404,19230,0.0032415008,-2.1633847266435624,0.08955078125,-0.011847559339366853,0.1,26.46630973815918,94.0
1924,9374,25.692758960000003,94.71,420,3940352,,,,,,,,,,,,
1925,9378,25.165481850000003,94.97,420,3942400,3e-05,1.3624729085713625,0.24622321128845215,0.926803469657898,19240,0.005265809,-2.112914890050888,0.142578125,-0.014961633770144544,0.1,,
1926,9384,24.963433309999996,95.63,420,3944448,3e-05,1.6791618153452874,0.2662295699119568,0.90402752161026,19250,0.0039431904,-2.071197485923767,0.12890625,-0.013623866596026346,0.1,,
1927,9388,25.164019989999996,95.82,420,3946496,3e-05,1.0760118160396814,0.2231474667787552,0.943708598613739,19260,0.006033282,-2.1308927953243257,0.13447265625,-0.014843763032695278,0.1,,
1928,9393,25.84373361,94.16,420,3948544,3e-05,1.7093372836709022,0.28077223896980286,0.8864309787750244,19270,0.004360806,-2.1032042473554613,0.1228515625,-0.014147161040455103,0.1,,
,,,,,3950000,3e-05,1.0594989497214555,0.14887550473213196,0.9376305341720581,19280,0.0049852286,-2.0635238856077196,0.147705078125,-0.011040692671667785,0.1,22.04136152267456,101.0
1929,9399,25.259552839999998,93.52,420,3950592,,,,,,,,,,,,
1930,9403,25.426129160000006,93.41,420,3952640,3e-05,1.4977227605879306,0.19340454041957855,0.8892507553100586,19290,0.0042999303,-2.1991433978080748,0.120458984375,-0.014672237995546311,0.1,,
1931,9408,25.31113151,92.87,420,3954688,3e-05,0.966026834025979,0.14031800627708435,0.9313007593154907,19300,0.00481577,-2.116399957239628,0.126123046875,-0.01573659892892465,0.1,,
1932,9413,24.971743909999997,93.84,420,3956736,3e-05,1.2943537265062333,0.15473127365112305,0.9126482009887695,19310,0.00572919,-2.1462814420461656,0.13837890625,-0.01400432595401071,0.1,,
1933,9417,25.472834689999996,93.69,420,3958784,3e-05,1.457501180842519,0.17855918407440186,0.917577862739563,19320,0.0041504055,-2.1640246987342833,0.14287109375,-0.013819247056380846,0.1,,
,,,,,3960000,3e-05,1.2736113682389258,0.1466730833053589,0.9380146861076355,19330,0.004485185,-2.1208829820156097,0.113671875,-0.012183729268144816,0.1,29.152125549316406,86.8
1934,9423,25.639768519999997,93.68,420,3960832,,,,,,,,,,,,
1935,9427,25.418686380000004,93.9,420,3962880,3e-05,3.240816058218479,0.3667447865009308,0.8283392190933228,19340,0.004922664,-2.1920116186141967,0.11015625,-0.01305720049131196,0.1,,
1936,9432,25.558457379999997,93.36,420,3964928,3e-05,1.293612528592348,0.1751348078250885,0.9373201131820679,19350,0.0058671758,-2.122381752729416,0.120947265625,-0.013738258913508616,0.1,,
1937,9437,25.85500845,92.96,420,3966976,3e-05,0.9177115075290203,0.1297229528427124,0.9543076157569885,19360,0.0060089612,-2.1979201465845106,0.134033203125,-0.013012339716078713,0.1,,
1938,9441,26.1810215,93.3,420,3969024,3e-05,1.5270275864750147,0.2533046007156372,0.9289034605026245,19370,0.008073373,-2.17744736969471,0.15927734375,-0.013749111961806193,0.1,,
,,,,,3970000,3e-05,1.4004750687628984,0.22128504514694214,0.9307440519332886,19380,0.0043504387,-2.126264598965645,0.118994140625,-0.01418695571483113,0.1,28.500775146484376,92.4
1939,9447,26.162631140000002,92.9,420,3971072,,,,,,,,,,,,
1940,9451,25.78784061,92.56,420,3973120,3e-05,1.2274189736694097,0.17917558550834656,0.9327411651611328,19390,0.0066771675,-2.197930857539177,0.13955078125,-0.014845370937837287,0.1,,
1941,9456,25.306108570000006,92.84,420,3975168,3e-05,1.2219910383224488,0.16599413752555847,0.9410203695297241,19400,0.0074594007,-2.171776536107063,0.1671875,-0.014077440206892788,0.1,,
1942,9460,24.54498067,93.44,420,3977216,3e-05,1.3325255531817675,0.19499258697032928,0.9068177938461304,19410,0.004313304,-2.2070887953042986,0.141943359375,-0.014240104018244892,0.1,,
1943,9465,23.430166439999997,94.5,420,3979264,3e-05,1.741712313145399,0.24256539344787598,0.8954650163650513,19420,0.0036392007,-2.24286912381649,0.10185546875,-0.014883456152165308,0.1,,
,,,,,3980000,3e-05,1.6672344129532575,0.255359947681427,0.8858873844146729,19430,0.0049440805,-2.2237099438905714,0.146044921875,-0.01155336613592226,0.1,20.40149841308594,93.2
1944,9470,23.45130999,94.48,420,3981312,,,,,,,,,,,,
1945,9475,23.529417440000003,95.49,420,3983360,3e-05,1.936742678284645,0.31511008739471436,0.9016147255897522,19440,0.0047553973,-2.265926402807236,0.11689453125,-0.013268255101866088,0.1,,
1946,9479,24.629544300000003,93.88,420,3985408,3e-05,1.6414062581956386,0.38996851444244385,0.915774941444397,19450,0.006886657,-2.2256938248872755,0.142822265625,-0.013347916904604063,0.1,,
1947,9484,24.997173450000005,93.35,420,3987456,3e-05,1.3685559768229723,0.13503380119800568,0.9282249212265015,19460,0.0051364107,-2.1556958973407747,0.163525390625,-0.014982362379669212,0.1,,
1948,9488,25.0840925,92.34,420,3989504,3e-05,2.047026538103819,0.3612591624259949,0.8867357969284058,19470,0.0042009447,-2.2441161274909973,0.10458984375,-0.013743201369652524,0.1,,
,,,,,3990000,3e-05,1.6460077159106732,0.29373899102211,0.9315672516822815,19480,0.005733596,-2.2338390797376633,0.152099609375,-0.013885088032111526,0.1,25.807038497924804,92.4
1949,9494,24.765836530000005,92.62,420,3991552,,,,,,,,,,,,
1950,9498,24.401473480000003,93.36,420,3993600,3e-05,2.7405700139701366,0.3976799249649048,0.8779925107955933,19490,0.0035986863,-2.2092118471860887,0.1130859375,-0.012365358811803163,0.1,,
1951,9503,24.292818479999998,93.13,420,3995648,3e-05,1.8477221675217153,0.2671782970428467,0.9040894508361816,19500,0.0050023915,-2.2382009744644167,0.12802734375,-0.014659004256827757,0.1,,
1952,9507,25.057417490000002,93.44,420,3997696,3e-05,1.9935451202094554,0.21584980189800262,0.9209789037704468,19510,0.0050377985,-2.164979511499405,0.13984375,-0.01549426571582444,0.1,,
1953,9512,25.77722157,93.25,420,3999744,3e-05,1.8960446678102016,0.31838691234588623,0.9151694178581238,19520,0.0044851108,-2.1564838856458666,0.147802734375,-0.014752938505262136,0.1,,
,,,,,4000000,3e-05,2.1324352838099,0.33224835991859436,0.9277348518371582,19530,0.0044257445,-2.133302053809166,0.111767578125,-0.011745806643739342,0.1,31.158256149291994,93.6
1954,9517,26.103517189999998,93.62,420,4001792,,,,,,,,,,,,
1955,9522,26.674417730000002,92.98,420,4003840,3e-05,1.352293185144663,0.24367348849773407,0.9293555021286011,19540,0.0041237106,-2.077980023622513,0.11826171875,-0.014394734235247597,0.1,,
1956,9526,26.48167869,93.41,420,4005888,3e-05,1.3690395832061768,0.20440098643302917,0.9372891187667847,19550,0.004331095,-2.0869269132614137,0.1443359375,-0.014466503149014898,0.1,,
1957,9531,26.48764581,94.46,420,4007936,3e-05,1.6330259129405023,0.26691627502441406,0.9444159269332886,19560,0.004619191,-2.1897559434175493,0.128125,-0.013904925715178252,0.1,,
1958,9535,26.91982302,94.06,420,4009984,3e-05,1.3298967402428388,0.2145703136920929,0.9453214406967163,19570,0.003822543,-2.147193542122841,0.113525390625,-0.013739101853570902,0.1,,
,,,,,4010000,3e-05,1.5021249935030938,0.2617926299571991,0.9292903542518616,19580,0.004622643,-2.118716260790825,0.1205078125,-0.013175009388942272,0.1,22.026105403900146,98.2
1959,9541,26.706182369999997,94.28,420,4012032,,,,,,,,,,,,
1960,9545,26.514853849999998,95.41,420,4014080,3e-05,2.6987191922962666,0.43050846457481384,0.9120122790336609,19590,0.005206677,-2.1647449642419816,0.127001953125,-0.013379431961220689,0.1,,
1961,9550,27.572855180000005,94.11,420,4016128,3e-05,1.5227818205952643,0.29535362124443054,0.9181628227233887,19600,0.0049481727,-2.177295285463333,0.156103515625,-0.013667857617838309,0.1,,
1962,9555,27.487510300000004,94.39,420,4018176,3e-05,1.5477587796747685,0.27894338965415955,0.9267205595970154,19610,0.005346263,-2.0955377966165543,0.145849609375,-0.01619026984553784,0.1,,
,,,,,4020000,3e-05,1.2526590298861264,0.13837672770023346,0.9281330704689026,19620,0.008784603,-2.1490683943033217,0.17421875,-0.014729712702683173,0.1,22.844458198547365,93.6
1963,9560,26.617195470000002,94.17,420,4020224,,,,,,,,,,,,
1964,9564,26.837337279999993,94.0,420,4022272,3e-05,2.4182261519134043,0.40388062596321106,0.8912906646728516,19630,0.0036599343,-2.2190276384353638,0.13251953125,-0.01144453312153928,0.1,,
1965,9569,25.865399890000006,93.17,420,4024320,3e-05,1.2486923646181822,0.23677228391170502,0.939052939414978,19640,0.003915289,-2.160735419392586,0.1193359375,-0.014523084927350282,0.1,,
1966,9573,25.777803589999998,92.99,420,4026368,3e-05,2.0375202536582946,0.32758525013923645,0.8969190716743469,19650,0.0038724784,-2.095352363586426,0.101171875,-0.012602218287065625,0.1,,
1967,9578,26.25523628,93.3,420,4028416,3e-05,1.4592671941965818,0.18562042713165283,0.9190215468406677,19660,0.0051596607,-2.086914633214474,0.1240234375,-0.015284577003330923,0.1,,
,,,,,4030000,3e-05,1.4428012050688266,0.2415912002325058,0.9491851925849915,19670,0.005045669,-2.142293944954872,0.116064453125,-0.014162301848409697,0.1,23.047326469421385,91.8
1968,9583,26.546977390000002,92.88,420,4030464,,,,,,,,,,,,
1969,9588,26.57069805,92.44,420,4032512,3e-05,1.2204154558479785,0.18017441034317017,0.9446514844894409,19680,0.0049141226,-2.165447524189949,0.1380859375,-0.012973227803013288,0.1,,
1970,9592,27.226495460000002,92.7,420,4034560,3e-05,1.4900771591812372,0.2462882399559021,0.9265827536582947,19690,0.0062361704,-2.1469556123018263,0.145751953125,-0.01522877139504999,0.1,,
1971,9597,26.60729366,92.65,420,4036608,3e-05,1.5201250545680522,0.2441990077495575,0.9225661754608154,19700,0.0068934355,-2.065355059504509,0.166650390625,-0.013747770054033026,0.1,,
1972,9602,25.840164960000003,94.26,420,4038656,3e-05,1.5249953288584948,0.19085614383220673,0.9182935357093811,19710,0.0053881374,-2.1683790266513823,0.144189453125,-0.015107262259698473,0.1,,
,,,,,4040000,3e-05,1.4679368659853935,0.39160430431365967,0.9332447052001953,19720,0.00460954,-2.076108530163765,0.111474609375,-0.013428539445158094,0.1,25.684346008300782,84.2
1973,9607,25.70617628,95.21,420,4040704,,,,,,,,,,,,
1974,9612,25.489123149999998,95.0,420,4042752,3e-05,1.6643215738236905,0.2740245461463928,0.9142694473266602,19730,0.0044081286,-2.0645568907260894,0.10595703125,-0.012105298318783753,0.1,,
1975,9616,25.355413240000004,95.31,420,4044800,3e-05,1.780578364431858,0.30511483550071716,0.936812162399292,19740,0.0052972436,-2.036734938621521,0.129541015625,-0.014002827982767484,0.1,,
1976,9621,26.25653188,94.5,420,4046848,3e-05,1.2556678839027882,0.19492578506469727,0.9462463855743408,19750,0.005882039,-2.1224821746349334,0.160888671875,-0.01583786106784828,0.1,,
1977,9625,27.586359249999997,92.62,420,4048896,3e-05,1.5859246987849474,0.224872887134552,0.9244644045829773,19760,0.0043905065,-2.082853315770626,0.110888671875,-0.011537252698326483,0.1,,
,,,,,4050000,3e-05,1.184608008340001,0.1688181459903717,0.9312598705291748,19770,0.004378747,-2.0538317561149597,0.120458984375,-0.015093314080149866,0.1,28.594097518920897,98.0
1978,9630,27.966354819999996,91.81,420,4050944,,,,,,,,,,,,
1979,9635,26.69932638,92.95,420,4052992,3e-05,1.3500212825834752,0.3454481065273285,0.9204165935516357,19780,0.004552138,-2.075239485502243,0.141845703125,-0.013489855418447405,0.1,,
1980,9640,26.559330850000002,93.22,420,4055040,3e-05,1.6739367216825485,0.2670058012008667,0.9052947759628296,19790,0.004765114,-2.149567997455597,0.13115234375,-0.01624888897058554,0.1,,
1981,9644,25.313912100000003,94.15,420,4057088,3e-05,1.4198358207941055,0.25964298844337463,0.9204471111297607,19800,0.00507571,-2.1264545738697054,0.155517578125,-0.014560447563417256,0.1,,
1982,9649,25.00206863,94.01,420,4059136,3e-05,1.3933166787028313,0.28700998425483704,0.9352397918701172,19810,0.0040838774,-2.1438927590847014,0.12119140625,-0.013230857375310734,0.1,,
,,,,,4060000,3e-05,1.7906245671212673,0.3155932128429413,0.9233226776123047,19820,0.005280386,-2.0929682731628416,0.135498046875,-0.013467893216875382,0.1,25.417489051818848,90.2
1983,9655,24.754550169999998,95.29,420,4061184,,,,,,,,,,,,
1984,9659,25.31928821,95.41,420,4063232,3e-05,1.7881130687892437,0.3353757858276367,0.9182396531105042,19830,0.0072043277,-2.1477103650569918,0.174609375,-0.012932505796197803,0.1,,
1985,9664,25.880261479999994,93.88,420,4065280,3e-05,1.4874878246337175,0.24174214899539948,0.9188740253448486,19840,0.0042485995,-2.11384297311306,0.134765625,-0.013836312462808564,0.1,,
1986,9668,26.199495619999997,93.64,420,4067328,3e-05,1.2546636059880256,0.261669397354126,0.9292820692062378,19850,0.005543993,-2.068869212269783,0.143896484375,-0.015312780730891973,0.1,,
1987,9673,25.84105505,93.92,420,4069376,3e-05,1.5645196564495563,0.2935965061187744,0.9209999442100525,19860,0.0041854717,-2.0828812420368195,0.095458984375,-0.013154059171210975,0.1,,
,,,,,4070000,3e-05,1.7095544449985027,0.2549523711204529,0.9131873846054077,19870,0.0050669266,-2.087653489410877,0.133544921875,-0.011381888866890223,0.1,29.51853218078613,90.8
1988,9678,25.79250829,94.59,420,4071424,,,,,,,,,,,,
1989,9683,25.875485149999996,94.25,420,4073472,3e-05,2.2035301990807055,0.47217777371406555,0.9092215299606323,19880,0.0028821155,-2.121677595376968,0.07822265625,-0.01188206089718733,0.1,,
1990,9687,25.60840666,94.57,420,4075520,3e-05,1.1066663812845945,0.18943069875240326,0.9430902004241943,19890,0.0044225454,-2.092513319849968,0.114013671875,-0.013502349518239498,0.1,,
1991,9692,25.842569560000012,94.64,420,4077568,3e-05,2.0023622892796995,0.3884803056716919,0.8816391229629517,19900,0.0036746233,-2.094330075383186,0.09384765625,-0.011996331345289945,0.1,,
1992,9696,26.35808929,93.36,420,4079616,3e-05,1.0635983265936375,0.1315365731716156,0.9425204396247864,19910,0.0056173373,-2.1039217472076417,0.138330078125,-0.01429060727241449,0.1,,
,,,,,4080000,3e-05,1.1553565680980682,0.1604289710521698,0.9486045241355896,19920,0.0052394895,-2.0839170038700106,0.1380859375,-0.015495601500151678,0.1,26.046238708496094,95.8
1993,9702,25.784620829999998,94.02,420,4081664,,,,,,,,,,,,
1994,9707,26.821628540000003,94.84,420,4083712,3e-05,1.7141726106405257,0.28708380460739136,0.9313530921936035,19930,0.0060941963,-2.1162979930639265,0.152001953125,-0.0117562509723939,0.1,,
1995,9711,26.874735810000008,94.94,420,4085760,3e-05,0.9007306318730116,0.12342800199985504,0.9631878733634949,19940,0.0064831167,-2.051137278974056,0.148046875,-0.013481966272229329,0.1,,
1996,9716,26.570018090000005,94.62,420,4087808,3e-05,1.3718530364334582,0.2769044041633606,0.9307510852813721,19950,0.0037486786,-2.0612693428993225,0.138134765625,-0.01188232793356292,0.1,,
1997,9720,27.29744038,92.59,420,4089856,3e-05,1.1991473637521266,0.16665519773960114,0.9206805229187012,19960,0.004851882,-2.042121987044811,0.11240234375,-0.012652901018736885,0.1,,
,,,,,4090000,3e-05,1.6638670705258847,0.2098979651927948,0.9094351530075073,19970,0.0052383775,-1.9775473594665527,0.10849609375,-0.011874434509081766,0.1,28.25135269165039,96.4
1998,9726,27.22557027,93.4,420,4091904,,,,,,,,,,,,
1999,9730,26.442009930000005,93.39,420,4093952,3e-05,1.0396280758082868,0.11541210860013962,0.9468491077423096,19980,0.0058407597,-2.084456059336662,0.150048828125,-0.016087593662086876,0.1,,
2000,9735,27.37667642,93.03,420,4096000,3e-05,0.9971774015575647,0.1861785352230072,0.9528141617774963,19990,0.005206473,-2.0621629878878593,0.14541015625,-0.015277489728759974,0.1,,
2001,9739,27.52137913,93.15,420,4098048,3e-05,0.8787369892001152,0.1132996678352356,0.9558537006378174,20000,0.007892556,-2.020445841550827,0.15263671875,-0.012063942494569347,0.1,,
,,,,,4100000,3e-05,1.2485401678830386,0.1667993664741516,0.9265066981315613,20010,0.011159379,-2.05253182053566,0.233154296875,-0.0071541979850735515,0.1,27.51872673034668,93.0
2002,9745,27.891142830000003,92.26,420,4100096,,,,,,,,,,,,
2003,9749,27.298803059999997,93.63,420,4102144,3e-05,1.343092043325305,0.16431352496147156,0.9065245985984802,20020,0.005203712,-2.1033275336027146,0.1564453125,-0.01333396570989862,0.1,,
2004,9754,27.48966218,94.0,420,4104192,3e-05,1.3679018646478653,0.18557928502559662,0.9326934814453125,20030,0.0058008386,-2.0876354545354845,0.170458984375,-0.014181610627565533,0.1,,
2005,9758,27.296793890000004,94.13,420,4106240,3e-05,1.3139265712350607,0.2276068925857544,0.9329489469528198,20040,0.0040537342,-2.002604342997074,0.130517578125,-0.01289832787879277,0.1,,
2006,9763,27.26639099,94.49,420,4108288,3e-05,1.3720201425254346,0.2180589735507965,0.9275835156440735,20050,0.003868813,-2.076153689622879,0.11708984375,-0.012551860639359803,0.1,,
,,,,,4110000,3e-05,1.195879527553916,0.10044310986995697,0.9468597769737244,20060,0.0049805637,-2.0410406097769735,0.140283203125,-0.014274044524063357,0.1,30.252261352539062,92.4
2007,9768,28.134503769999995,93.93,420,4110336,,,,,,,,,,,,
2008,9773,27.970188910000005,94.26,420,4112384,3e-05,0.8657387930899858,0.1774308830499649,0.9593987464904785,20070,0.0070414767,-2.0566268652677535,0.149560546875,-0.014941344177350402,0.1,,
2009,9777,27.41993364,93.93,420,4114432,3e-05,0.9936472084373236,0.11280709505081177,0.9377147555351257,20080,0.00500404,-2.067898641526699,0.137451171875,-0.015369314124109223,0.1,,
2010,9782,26.51319332,93.62,420,4116480,3e-05,1.4907751370221376,0.23877286911010742,0.9136647582054138,20090,0.0038194247,-2.0983400702476502,0.12080078125,-0.012963231644243933,0.1,,
2011,9787,26.488132840000002,94.3,420,4118528,3e-05,1.5639478728175162,0.2522275447845459,0.8759010434150696,20100,0.005155744,-2.102218982577324,0.1287109375,-0.014974879124201835,0.1,,
,,,,,4120000,3e-05,1.1876986734569073,0.22031986713409424,0.9328569173812866,20110,0.0049271295,-2.096789833903313,0.125439453125,-0.011595228282385506,0.1,24.66839027404785,95.4
2012,9792,26.204946019999994,95.14,420,4120576,,,,,,,,,,,,
2013,9796,27.136339540000005,94.62,420,4122624,3e-05,1.7108572401106357,0.25774383544921875,0.9143745303153992,20120,0.005682086,-2.059709632396698,0.1306640625,-0.013113267772132531,0.1,,
2014,9801,27.840857269999997,94.27,420,4124672,3e-05,1.0660908933728934,0.16011996567249298,0.9608341455459595,20130,0.0052993074,-2.0616810247302055,0.144189453125,-0.014808130788151175,0.1,,
2015,9805,28.7708741,92.81,420,4126720,3e-05,1.2146151091903448,0.2003163844347,0.9381774663925171,20140,0.0059627146,-2.0814877063035966,0.16083984375,-0.0139497289666906,0.1,,
2016,9810,28.92312888,91.95,420,4128768,3e-05,1.0796343330293894,0.1465858817100525,0.9415750503540039,20150,0.005031864,-2.0287762492895127,0.1521484375,-0.014559700782410801,0.1,,
,,,,,4130000,3e-05,0.9643090326339007,0.12751635909080505,0.9469071626663208,20160,0.005649494,-2.095587158203125,0.13486328125,-0.015241710847476497,0.1,30.1831111907959,95.6
2017,9816,28.8414505,91.16,420,4130816,,,,,,,,,,,,
2018,9820,28.917334729999997,90.65,420,4132864,3e-05,0.7457361960783601,0.09211138635873795,0.9564427137374878,20170,0.006089522,-2.0660319566726684,0.166015625,-0.016084357042564078,0.1,,
2019,9825,27.810161080000007,92.49,420,4134912,3e-05,1.7464486796408891,0.2206466943025589,0.9113228917121887,20180,0.005063167,-2.064454783499241,0.141552734375,-0.014844115421874448,0.1,,
2020,9829,28.278749159999993,92.91,420,4136960,3e-05,1.3952567096799613,0.18087634444236755,0.9150058031082153,20190,0.0045241453,-2.0699504137039186,0.141650390625,-0.014002685807645321,0.1,,
2021,9834,28.328929079999998,93.22,420,4139008,3e-05,0.9537804424762726,0.13783890008926392,0.9433125257492065,20200,0.009781966,-2.0341809749603272,0.152685546875,-0.01104529703152366,0.1,,
,,,,,4140000,3e-05,0.761037902161479,0.10242756456136703,0.9523829817771912,20210,0.008348177,-2.0736951023340224,0.17568359375,-0.013452345272526145,0.1,26.254278564453124,96.2
2022,9839,27.93734297,93.01,420,4141056,,,,,,,,,,,,
2023,9844,27.216527040000003,93.33,420,4143104,3e-05,1.3343968015164136,0.18883734941482544,0.9020081758499146,20220,0.0066405004,-2.067708221077919,0.131689453125,-0.014884107856778428,0.1,,
2024,9848,26.87474941,92.99,420,4145152,3e-05,1.207310214266181,0.17106275260448456,0.9043498039245605,20230,0.0054578474,-2.106963908672333,0.1419921875,-0.011535972729325295,0.1,,
2025,9853,26.41427296,93.78,420,4147200,3e-05,1.180914555490017,0.11885625123977661,0.9087928533554077,20240,0.0039904946,-2.030743530392647,0.095556640625,-0.012449679803103209,0.1,,
2026,9857,26.171928810000004,94.18,420,4149248,3e-05,0.7429827310144901,0.11112930625677109,0.9486631155014038,20250,0.005256854,-2.0267675325274466,0.151953125,-0.015267102402867749,0.1,,
,,,,,4150000,3e-05,0.8189916398376227,0.13349032402038574,0.9449688792228699,20260,0.006192819,-2.057253511250019,0.12490234375,-0.013939638010924682,0.1,27.4278865814209,97.2
2027,9863,26.834170230000005,94.88,420,4151296,,,,,,,,,,,,
2028,9867,27.09860272,94.63,420,4153344,3e-05,0.9898250721395015,0.14993101358413696,0.9328362345695496,20270,0.005322527,-2.0507286533713343,0.156591796875,-0.015297667893173638,0.1,,
2029,9872,26.927027050000007,94.97,420,4155392,3e-05,0.7507801258936524,0.06936036050319672,0.9454681873321533,20280,0.006738522,-2.0489767849445344,0.164208984375,-0.014796971785835921,0.1,,
2030,9877,26.69361792,94.95,420,4157440,3e-05,1.2141737926751375,0.14124944806098938,0.9194813966751099,20290,0.0039116787,-2.0432161301374436,0.13662109375,-0.013331498834304512,0.1,,
2031,9881,26.826338179999997,93.83,420,4159488,3e-05,1.016918197274208,0.1326969861984253,0.941055953502655,20300,0.005816068,-2.0215276554226875,0.130859375,-0.015127050003502517,0.1,,
,,,,,4160000,3e-05,1.2826067615300416,0.1381395012140274,0.8930292725563049,20310,0.0036779356,-2.038914769887924,0.122998046875,-0.012481533380923792,0.1,35.48653106689453,93.8
2032,9886,26.736334489999994,93.49,420,4161536,,,,,,,,,,,,
2033,9891,27.07075633,92.75,420,4163584,3e-05,1.7355601117014885,0.3637522757053375,0.9138115048408508,20320,0.0030545567,-2.0227636635303496,0.087646484375,-0.012436792929656803,0.1,,
2034,9896,27.63732495999999,92.6,420,4165632,3e-05,1.297440817579627,0.16856347024440765,0.9401875138282776,20330,0.004862253,-2.0772402793169022,0.13115234375,-0.011902225879020989,0.1,,
2035,9900,27.45974649,92.18,420,4167680,3e-05,0.9858466099947691,0.09330517053604126,0.9350357055664062,20340,0.0058114883,-2.087872125208378,0.128662109375,-0.014379707435728051,0.1,,
2036,9905,27.83236699,92.79,420,4169728,3e-05,1.312377278879285,0.22900520265102386,0.9368947744369507,20350,0.0032827747,-2.019411551952362,0.11640625,-0.010295054398011417,0.1,,
,,,,,4170000,3e-05,0.9371323123574257,0.13443097472190857,0.9419219493865967,20360,0.0047585415,-1.9990018397569655,0.1228515625,-0.012284542748238892,0.1,24.949210357666015,94.2
2037,9910,27.55245427,93.12,420,4171776,,,,,,,,,,,,
2038,9914,27.17619901,93.74,420,4173824,3e-05,1.3237475998699666,0.12492620199918747,0.900221049785614,20370,0.0054515526,-2.078998866677284,0.13740234375,-0.013993519311770796,0.1,,
2039,9919,27.031787020000003,93.86,420,4175872,3e-05,0.7387185227125883,0.07201649993658066,0.9512631893157959,20380,0.006785318,-1.9971449583768845,0.161572265625,-0.015327545933541842,0.1,,
2040,9923,26.59013721,93.87,420,4177920,3e-05,1.265919230505824,0.15353438258171082,0.9266397356987,20390,0.0048430264,-2.010420362651348,0.17001953125,-0.011416471406118945,0.1,,
2041,9928,27.35678237,92.74,421,4179968,3e-05,1.0051971957087518,0.12861855328083038,0.9361811876296997,20400,0.006863917,-2.0534302994608877,0.15341796875,-0.016223788377828896,0.1,,
,,,,,4180000,3e-05,0.9209828626364469,0.08397264033555984,0.9415276646614075,20410,0.004584467,-1.9714926898479461,0.122216796875,-0.01333446911885403,0.1,22.107798385620118,99.6
2042,9933,27.069983999999998,92.69,420,4182016,,,,,,,,,,,,
2043,9938,26.813773120000004,93.29,420,4184064,3e-05,1.3460723910480739,0.14632350206375122,0.9152766466140747,20420,0.0047756014,-2.038220527768135,0.137646484375,-0.013604612479684874,0.1,,
2044,9943,25.90557304,94.17,421,4186112,3e-05,1.3623770385980607,0.34010881185531616,0.9190245866775513,20430,0.0050501805,-2.0209634959697724,0.136376953125,-0.013970793812768533,0.1,,
2045,9947,25.87692942,93.87,421,4188160,3e-05,0.8748064815998078,0.11606839299201965,0.933894157409668,20440,0.0052292445,-2.035669395327568,0.13056640625,-0.013722027317271568,0.1,,
,,,,,4190000,3e-05,2.0083341345191004,0.34630095958709717,0.889280378818512,20450,0.0033968794,-2.044379559159279,0.0904296875,-0.013176663318881765,0.1,27.07333097457886,87.2
2046,9953,25.81777321,95.52,420,4190208,,,,,,,,,,,,
2047,9957,26.29174854,95.13,421,4192256,3e-05,1.6838143222033977,0.2419964224100113,0.9124270081520081,20460,0.0065524527,-2.0429832994937898,0.1376953125,-0.013735149794956669,0.1,,
2048,9962,26.866083189999998,94.41,421,4194304,3e-05,1.2034678034484387,0.15145620703697205,0.9260485768318176,20470,0.004032327,-2.0051911801099775,0.12431640625,-0.013804643449839204,0.1,,
2049,9966,27.351587399999993,94.06,421,4196352,3e-05,1.1555584762245417,0.15431547164916992,0.9200217723846436,20480,0.0058083166,-2.033738599717617,0.12177734375,-0.014925193856470287,0.1,,
2050,9971,27.499060099999998,94.72,421,4198400,3e-05,1.7606353238224983,0.23414567112922668,0.9038280844688416,20490,0.0056255516,-2.052240125834942,0.147021484375,-0.014233998610870912,0.1,,
,,,,,4200000,3e-05,1.3119907826185226,0.2111751139163971,0.9396830201148987,20500,0.0045199394,-2.016989488899708,0.121630859375,-0.013132092263549566,0.1,25.677163314819335,95.2
2051,9976,27.536999840000004,94.65,421,4200448,,,,,,,,,,,,
2052,9981,26.471095410000004,94.22,421,4202496,3e-05,0.7780557796359062,0.1250673234462738,0.9561785459518433,20510,0.0042236773,-2.0630665749311445,0.13994140625,-0.015315057698171586,0.1,,
2053,9985,26.20675721,95.74,421,4204544,3e-05,1.6252056300640105,0.17565637826919556,0.9058707356452942,20520,0.0033212788,-2.0541592285037042,0.1068359375,-0.013259448175085708,0.1,,
2054,9990,26.0949333,96.15,421,4206592,3e-05,1.2096618048846721,0.18931660056114197,0.930957555770874,20530,0.0050233705,-2.0002821534872055,0.1189453125,-0.014810743514681235,0.1,,
2055,9994,25.98835376,95.9,421,4208640,3e-05,1.191172143816948,0.16571594774723053,0.9316852688789368,20540,0.0055398038,-2.0155571177601814,0.121240234375,-0.013000859296880662,0.1,,
,,,,,4210000,3e-05,0.957609629817307,0.13484594225883484,0.9607241153717041,20550,0.0078869695,-2.0546718880534174,0.18974609375,-0.014476995501900092,0.1,33.72745971679687,81.4
2056,10000,26.436854800000003,94.39,421,4210688,,,,,,,,,,,,
2057,10004,27.901876889999993,93.25,421,4212736,3e-05,1.5016799956560134,0.1887185126543045,0.9371790289878845,20560,0.0046735834,-2.0489317163825036,0.17626953125,-0.013378570228815079,0.1,,
2058,10009,28.467800280000002,92.57,421,4214784,3e-05,1.0337204590439797,0.13852179050445557,0.9499766230583191,20570,0.005636234,-2.011582562327385,0.148828125,-0.01526998677290976,0.1,,
2059,10013,28.956040890000004,91.55,421,4216832,3e-05,1.292921509221196,0.1466464251279831,0.9408105611801147,20580,0.005337315,-2.050546483695507,0.14033203125,-0.016139913292136043,0.1,,
2060,10018,28.55136641,91.69,421,4218880,3e-05,1.3765082638710737,0.19251078367233276,0.9237788915634155,20590,0.005192481,-2.049131728708744,0.1482421875,-0.011784589290618897,0.1,,
,,,,,4220000,3e-05,2.051789613813162,0.19294473528862,0.8777436017990112,20600,0.0053446805,-2.040799058973789,0.1328125,-0.015533858927665279,0.1,28.160282135009766,85.6
2061,10024,28.512975400000002,92.58,421,4220928,,,,,,,,,,,,
2062,10028,27.33744482,94.34,421,4222976,3e-05,1.6595725819468499,0.2270360291004181,0.8887456655502319,20610,0.00493092,-2.0802509874105453,0.149560546875,-0.01615000781021081,0.1,,
2063,10033,27.22185631,93.89,421,4225024,3e-05,0.8532783914357424,0.11648597568273544,0.9356418251991272,20620,0.008573066,-2.0826285004615785,0.170654296875,-0.013963438902283087,0.1,,
2064,10037,26.32170303,93.23,421,4227072,3e-05,1.3038510397076606,0.19287078082561493,0.9223352074623108,20630,0.0040900065,-2.0932191401720046,0.11162109375,-0.011760509642772376,0.1,,
2065,10042,26.065954929999997,94.43,421,4229120,3e-05,1.9177190978080034,0.19330298900604248,0.8940175771713257,20640,0.005486324,-2.1590552031993866,0.10947265625,-0.010185700439615175,0.1,,
,,,,,4230000,3e-05,1.3892048962414265,0.26196324825286865,0.925340473651886,20650,0.0056724953,-2.063611848652363,0.135986328125,-0.012471908918814733,0.1,28.048347091674806,97.8
2066,10047,25.630132290000002,94.09,421,4231168,,,,,,,,,,,,
2067,10052,26.25209935,93.28,421,4233216,3e-05,1.7960284419357777,0.23260340094566345,0.9131890535354614,20660,0.0042037223,-2.0736520260572435,0.117578125,-0.015469157410552725,0.1,,
2068,10057,26.71329703,93.94,421,4235264,3e-05,1.0572177737951278,0.1395074874162674,0.9430997371673584,20670,0.0051284977,-2.104822316765785,0.153662109375,-0.014708475396037101,0.1,,
2069,10062,27.88756478,93.75,421,4237312,3e-05,1.108177249506116,0.1032785177230835,0.9368836879730225,20680,0.005917653,-2.074131777882576,0.14013671875,-0.014540697037591598,0.1,,
2070,10067,25.895705040000003,95.16,421,4239360,3e-05,0.8160683514550329,0.09583599865436554,0.952850341796875,20690,0.0063227285,-2.031928077340126,0.13232421875,-0.012946943735005333,0.1,,
,,,,,4240000,3e-05,1.5028482154011726,0.19024446606636047,0.8876566886901855,20700,0.0051137917,-2.1061399549245836,0.164306640625,-0.012073393102036789,0.1,23.239027881622313,93.4
2071,10072,26.613242370000002,93.61,421,4241408,,,,,,,,,,,,
2072,10077,26.136744240000002,93.42,421,4243456,3e-05,1.1893208991736173,0.14786000549793243,0.9440903067588806,20710,0.0057439227,-2.000767095386982,0.136279296875,-0.01535524224746041,0.1,,
2073,10082,25.848955680000003,93.72,421,4245504,3e-05,1.0816486779600383,0.12392772734165192,0.9502402544021606,20720,0.009767536,-2.0631091967225075,0.179736328125,-0.013099044555565343,0.1,,
2074,10086,26.32045074,92.73,421,4247552,3e-05,0.8445076409727335,0.1206861361861229,0.9592671990394592,20730,0.0047247317,-2.0176976323127747,0.17646484375,-0.011162524862447754,0.1,,
2075,10091,27.019504359999996,93.44,421,4249600,3e-05,0.9412343574687838,0.14466969668865204,0.9415666460990906,20740,0.005005638,-2.0543885633349417,0.148779296875,-0.014737071460695006,0.1,,
,,,,,4250000,3e-05,1.2747170098125935,0.22152623534202576,0.943649411201477,20750,0.0046877377,-2.044194956123829,0.123046875,-0.012749456911114976,0.1,23.996828269958495,94.8
2076,10096,26.94674825,94.62,421,4251648,,,,,,,,,,,,
2077,10101,26.08911565,95.93,421,4253696,3e-05,2.062046691775322,0.22633907198905945,0.8911061882972717,20760,0.004439958,-2.043221592903137,0.136328125,-0.01131086380337365,0.1,,
2078,10106,25.963629020000003,96.07,421,4255744,3e-05,1.5277752067893744,0.19554094970226288,0.9074224829673767,20770,0.004269004,-2.083297497034073,0.125537109375,-0.014937471304438076,0.1,,
2079,10111,25.73932527,96.15,421,4257792,3e-05,1.2712558843195438,0.21344223618507385,0.9206647276878357,20780,0.0045576002,-2.03179419785738,0.107568359375,-0.01447330393420998,0.1,,
2080,10115,26.42233454,94.88,421,4259840,3e-05,1.3461108583956958,0.13647763431072235,0.9362807273864746,20790,0.0058305026,-2.087079441547394,0.132275390625,-0.015120606645359658,0.1,,
,,,,,4260000,3e-05,1.0692615911364556,0.1739485263824463,0.9426875710487366,20800,0.005904178,-2.046691431105137,0.169384765625,-0.013280462560942397,0.1,22.066332244873045,103.0
2081,10121,26.211493570000002,95.78,421,4261888,,,,,,,,,,,,
2082,10126,27.057247959999994,94.22,421,4263936,3e-05,1.3234031181782484,0.14763112366199493,0.9370094537734985,20810,0.0059580915,-2.1069678574800492,0.154736328125,-0.01563314976519905,0.1,,
2083,10130,27.0228742,93.92,421,4265984,3e-05,1.266704575717449,0.16053903102874756,0.9409592747688293,20820,0.005837004,-2.0307387858629227,0.155810546875,-0.014444573130458594,0.1,,
2084,10135,26.767646389999996,94.05,421,4268032,3e-05,1.3793755564838648,0.2698628902435303,0.9472072720527649,20830,0.0067156693,-2.122485229372978,0.153369140625,-0.012028131046099589,0.1,,
,,,,,4270000,3e-05,2.0683318100869656,0.30521392822265625,0.9150837659835815,20840,0.0044411058,-2.078755033016205,0.116845703125,-0.012957392909447663,0.1,33.62890281677246,85.0
2085,10140,26.450005660000002,93.0,421,4270080,,,,,,,,,,,,
2086,10145,26.594040189999998,93.07,421,4272128,3e-05,1.988161990046501,0.27151980996131897,0.9135252237319946,20850,0.004446428,-2.0875276058912275,0.137109375,-0.013736692420206965,0.1,,
2087,10150,26.450519789999998,92.67,421,4274176,3e-05,1.3865806967020036,0.15497347712516785,0.914738655090332,20860,0.005340063,-2.007584270834923,0.1216796875,-0.014415314595680684,0.1,,
2088,10155,26.51300846,92.49,421,4276224,3e-05,1.021524241566658,0.12324507534503937,0.9465187788009644,20870,0.005779529,-2.095274069905281,0.1619140625,-0.013378096633823588,0.1,,
2089,10159,26.828484029999995,93.34,421,4278272,3e-05,1.8634801931679248,0.2712264358997345,0.9104107618331909,20880,0.0045092413,-2.077453154325485,0.1046875,-0.013328301359433681,0.1,,
,,,,,4280000,3e-05,1.5124283794313669,0.24998527765274048,0.939771831035614,20890,0.0041768737,-2.0959612846374513,0.11826171875,-0.012284842896042392,0.1,34.32243194580078,81.6
2090,10164,27.132222389999995,93.64,421,4280320,,,,,,,,,,,,
2091,10169,26.96432401,93.49,421,4282368,3e-05,1.173156151920557,0.23166725039482117,0.9363911151885986,20900,0.004969555,-2.0424384236335755,0.12265625,-0.013943452504463494,0.1,,
2092,10174,25.97807473,93.77,421,4284416,3e-05,1.7226580262184144,0.2690645456314087,0.9102270603179932,20910,0.0041172337,-2.116188478469849,0.122265625,-0.012212334654759616,0.1,,
2093,10178,26.187252519999998,93.73,421,4286464,3e-05,1.6720117196440696,0.388205885887146,0.9033375382423401,20920,0.00509141,-2.1466553032398226,0.149462890625,-0.014048595150234178,0.1,,
2094,10183,25.619139259999997,93.88,421,4288512,3e-05,1.5660279750823975,0.22533288598060608,0.9335729479789734,20930,0.004992038,-2.1409202605485915,0.115673828125,-0.014903628820320591,0.1,,
,,,,,4290000,3e-05,1.3864011246711017,0.21600300073623657,0.9423888921737671,20940,0.0043191263,-2.145258328318596,0.1001953125,-0.013067686173599213,0.1,30.95528793334961,86.0
2095,10189,25.124976999999998,93.71,421,4290560,,,,,,,,,,,,
2096,10194,25.646234010000004,92.82,421,4292608,3e-05,1.9331792548298836,0.3845173716545105,0.8982540965080261,20950,0.004733046,-2.1323426246643065,0.13798828125,-0.014889473689254373,0.1,,
2097,10198,26.449732860000005,91.46,421,4294656,3e-05,1.693670555204153,0.2351653128862381,0.9111714363098145,20960,0.006289062,-2.1607156068086626,0.12216796875,-0.01614030567870941,0.1,,
2098,10203,25.558816529999998,92.27,421,4296704,3e-05,1.745023001730442,0.21017029881477356,0.911141037940979,20970,0.0056049703,-2.065633514523506,0.13583984375,-0.01539002096396871,0.1,,
2099,10208,26.26045871,91.78,421,4298752,3e-05,1.5711463641375303,0.2093352973461151,0.9317574501037598,20980,0.003657145,-2.121577125787735,0.1251953125,-0.012768757052253932,0.1,,
,,,,,4300000,3e-05,1.7017165012657642,0.20063388347625732,0.9307059645652771,20990,0.0053661275,-2.0770287930965425,0.12275390625,-0.014391174155753106,0.1,35.00769157409668,88.4
2100,10213,25.8883204,92.95,421,4300800,,,,,,,,,,,,
2101,10218,25.24535422,94.69,421,4302848,3e-05,2.334103675186634,0.29287615418434143,0.8908109068870544,21000,0.0049007265,-2.1750775814056396,0.161865234375,-0.01057641648221761,0.1,,
2102,10223,25.444953960000003,95.59,421,4304896,3e-05,1.7010682184249162,0.2977854907512665,0.926109790802002,21010,0.005463171,-2.115980049967766,0.144580078125,-0.014149892347631976,0.1,,
2103,10227,26.05812526,96.53,421,4306944,3e-05,1.3992393523454667,0.20324963331222534,0.9371389150619507,21020,0.0054502618,-2.0780901089310646,0.122607421875,-0.014542461492237636,0.1,,
2104,10232,26.79852212,95.76,421,4308992,3e-05,1.2542030464857816,0.2042628824710846,0.9442989230155945,21030,0.005371606,-2.0748377621173857,0.13017578125,-0.013928012549877166,0.1,,
,,,,,4310000,3e-05,1.4481312628835439,0.19345331192016602,0.9310570955276489,21040,0.0066530784,-2.124750706553459,0.13330078125,-0.013973069086205214,0.1,22.729447746276854,96.8
2105,10237,27.491113920000004,93.81,421,4311040,,,,,,,,,,,,
2106,10242,28.0009912,92.08,421,4313088,3e-05,2.5721555136144163,0.5837107300758362,0.8774130940437317,21050,0.0054048337,-2.049593535065651,0.151171875,-0.012582090207433793,0.1,,
2107,10246,27.626630880000004,90.56,421,4315136,3e-05,1.0877086985856295,0.18578051030635834,0.9427503347396851,21060,0.0049999636,-2.089412808418274,0.15625,-0.017299831222044305,0.1,,
2108,10251,27.29334725,90.08,421,4317184,3e-05,1.942761843651533,0.24036623537540436,0.8925586342811584,21070,0.0049730046,-2.0397433429956435,0.136767578125,-0.015899733017431573,0.1,,
2109,10255,26.43163627,91.27,421,4319232,3e-05,1.2159600909799337,0.15625134110450745,0.9462963342666626,21080,0.006283509,-2.069055165350437,0.163525390625,-0.01627899607119616,0.1,,
,,,,,4320000,3e-05,1.2587663047015667,0.1927047073841095,0.9219261407852173,21090,0.0075466745,-2.124199965596199,0.15341796875,-0.014200787589652463,0.1,25.957026290893555,82.2
2110,10261,26.216852550000002,92.84,421,4321280,,,,,,,,,,,,
2111,10265,25.22807814,92.92,421,4323328,3e-05,1.5708267882466316,0.27693644165992737,0.9265506267547607,21100,0.0052417833,-2.1353533625602723,0.15380859375,-0.01364689294132404,0.1,,
2112,10270,25.222329750000004,93.81,421,4325376,3e-05,1.9440722353756428,0.3606207072734833,0.9240983128547668,21110,0.004090189,-2.1191311478614807,0.13759765625,-0.014714519534027203,0.1,,
2113,10274,25.59499948,93.38,421,4327424,3e-05,1.504749409854412,0.1806040108203888,0.933192789554596,21120,0.0066728126,-2.093884140253067,0.15732421875,-0.014662834000773728,0.1,,
2114,10279,24.58272006,94.99,421,4329472,3e-05,1.5481848780065774,0.1392422914505005,0.9156309366226196,21130,0.004376817,-2.0973972156643867,0.139453125,-0.01529915768187493,0.1,,
,,,,,4330000,3e-05,1.4530575960874557,0.21596822142601013,0.9137891530990601,21140,0.004961189,-2.1013407170772553,0.135791015625,-0.015535075230582151,0.1,24.904438781738282,97.8
2115,10285,24.20774614000001,95.69,421,4331520,,,,,,,,,,,,
2116,10290,24.847040880000005,95.38,421,4333568,3e-05,1.3273988153785468,0.3718205988407135,0.9343671798706055,21150,0.0049028425,-2.1123330116271974,0.137353515625,-0.015554189289105125,0.1,,
2117,10295,24.90871392,94.68,421,4335616,3e-05,1.6040521338582039,0.26015186309814453,0.8915650248527527,21160,0.005200088,-2.076458251476288,0.127392578125,-0.014357430089148693,0.1,,
2118,10299,26.17326717,94.79,421,4337664,3e-05,1.2442439284175635,0.1938464641571045,0.9371199011802673,21170,0.008443675,-2.04644862562418,0.13818359375,-0.014226241176947952,0.1,,
2119,10304,25.963278019999997,93.62,421,4339712,3e-05,0.8748993365094065,0.08405482769012451,0.9500232338905334,21180,0.0049805874,-2.0050016567111015,0.16328125,-0.014145749842282385,0.1,,
,,,,,4340000,3e-05,1.3245153479278087,0.14407537877559662,0.8870092630386353,21190,0.007166093,-2.061039087176323,0.142578125,-0.011820665988489054,0.1,27.69235763549805,94.2
2120,10309,26.19457057,94.81,421,4341760,,,,,,,,,,,,
2121,10314,25.07101989,94.99,421,4343808,3e-05,1.7470011819154023,0.2005743831396103,0.896317720413208,21200,0.0035684588,-2.029492823779583,0.140185546875,-0.012628925297758543,0.1,,
2122,10319,24.708874229999996,94.72,421,4345856,3e-05,1.874096105620265,0.28294408321380615,0.9069911241531372,21210,0.005349159,-2.1695015013217924,0.13798828125,-0.011743609292898327,0.1,,
2123,10323,24.40926358,95.56,421,4347904,3e-05,1.6535068899393082,0.3094462752342224,0.901606559753418,21220,0.0046400987,-2.0805994510650634,0.126953125,-0.012620209726446775,0.1,,
2124,10328,24.318762180000004,94.66,421,4349952,3e-05,1.1893751833587884,0.1286126673221588,0.9373353719711304,21230,0.0045778733,-2.060770246386528,0.132568359375,-0.01096620106836781,0.1,,
,,,,,4350000,3e-05,1.2782003749161959,0.1414324790239334,0.8887307047843933,21240,0.004681815,-2.1000697314739227,0.15185546875,-0.014917137098382226,0.1,28.513741302490235,90.4
2125,10333,24.893724499999998,94.45,421,4352000,,,,,,,,,,,,
2126,10338,25.799099039999998,94.29,421,4354048,3e-05,2.386132437735796,0.5058436393737793,0.87293541431427,21250,0.0042755743,-2.0863335192203523,0.110302734375,-0.014801893130061217,0.1,,
2127,10342,25.970669830000002,94.34,421,4356096,3e-05,1.8111240185797215,0.217092826962471,0.9206361174583435,21260,0.0045709657,-2.0761684864759444,0.107568359375,-0.013413222890812903,0.1,,
2128,10347,25.79813756,94.1,421,4358144,3e-05,1.3448365915566682,0.23123697936534882,0.9172260761260986,21270,0.0051810476,-2.0895896703004837,0.131298828125,-0.013004845177056268,0.1,,
,,,,,4360000,3e-05,1.5316375769674777,0.24375435709953308,0.8971667289733887,21280,0.0055276696,-2.092740550637245,0.133642578125,-0.015210828417912126,0.1,32.308447647094724,88.6
2129,10352,25.270942899999994,94.96,421,4360192,,,,,,,,,,,,
2130,10356,25.528076390000003,94.24,421,4362240,3e-05,1.2506411228328944,0.18975161015987396,0.8773162364959717,21290,0.0063274405,-2.15055430829525,0.19658203125,-0.014704154219361953,0.1,,
2131,10361,25.176671870000003,94.1,421,4364288,3e-05,1.2788517870008946,0.1457635462284088,0.9292441606521606,21300,0.0053908173,-2.1022610783576967,0.130859375,-0.013303734513465315,0.1,,
2132,10366,25.139255350000003,93.65,421,4366336,3e-05,1.3572816777974368,0.2694132328033447,0.9378167390823364,21310,0.004971401,-2.0560843676328657,0.15166015625,-0.01379063998174388,0.1,,
2133,10371,25.353532620000006,93.7,421,4368384,3e-05,1.2918782360851764,0.1971457600593567,0.93911212682724,21320,0.005202923,-2.068705400824547,0.141455078125,-0.015452213294338435,0.1,,
,,,,,4370000,3e-05,1.7247570693492889,0.24129639565944672,0.9277784824371338,21330,0.0043002376,-2.1110410004854203,0.12998046875,-0.015658922141301445,0.1,28.44814262390137,91.8
2134,10377,25.79642336,93.89,421,4370432,,,,,,,,,,,,
2135,10382,25.4498802,94.42,421,4372480,3e-05,1.988078224658966,0.44026684761047363,0.9251200556755066,21340,0.005140178,-2.048713578283787,0.1341796875,-0.014920922575402073,0.1,,
2136,10387,25.68250763,94.65,421,4374528,3e-05,1.9187746867537498,0.3490045368671417,0.9215542078018188,21350,0.004780601,-2.152758827805519,0.146435546875,-0.014220293192192913,0.1,,
2137,10392,25.668945880000006,94.52,421,4376576,3e-05,1.7230780705809594,0.29374024271965027,0.9229640364646912,21360,0.004602737,-1.9981887370347977,0.12548828125,-0.013486947750789114,0.1,,
2138,10396,25.55236014,94.96,421,4378624,3e-05,1.4906755212694407,0.27451005578041077,0.9230251908302307,21370,0.005573609,-2.010982997715473,0.130419921875,-0.014321724302135408,0.1,,
,,,,,4380000,3e-05,1.7879612520337105,0.32664796710014343,0.8984913229942322,21380,0.0057563675,-2.09326950609684,0.1322265625,-0.012932833487866446,0.1,31.016569519042967,81.2
2139,10401,26.389974539999997,94.07,421,4380672,,,,,,,,,,,,
2140,10406,26.31207741,94.24,421,4382720,3e-05,1.5710518389940262,0.2675970494747162,0.9406237006187439,21390,0.0055244444,-2.0400606840848923,0.175439453125,-0.013247522330493667,0.1,,
2141,10411,26.34925405,94.05,421,4384768,3e-05,1.5896317921578884,0.26294445991516113,0.9223488569259644,21400,0.005643777,-2.037118911743164,0.133740234375,-0.013078399305231869,0.1,,
2142,10415,26.32252175,94.44,421,4386816,3e-05,1.7000769674777985,0.29309964179992676,0.9183017015457153,21410,0.003828692,-2.0036075592041014,0.128662109375,-0.011491312610451132,0.1,,
2143,10420,26.06889658,94.74,421,4388864,3e-05,1.346997869759798,0.2503208518028259,0.9259181022644043,21420,0.005129244,-2.0016562804579734,0.13115234375,-0.01469814014271833,0.1,,
,,,,,4390000,3e-05,1.5539537027478219,0.21087217330932617,0.9394897222518921,21430,0.0073831016,-2.1433029174804688,0.1552734375,-0.015053903823718429,0.1,26.021187591552735,100.2
2144,10425,25.763390959999995,94.22,421,4390912,,,,,,,,,,,,
2145,10430,25.936226899999998,93.91,421,4392960,3e-05,1.929975539445877,0.42287111282348633,0.8743906617164612,21440,0.004779202,-2.0185911163687704,0.13740234375,-0.013713604223448783,0.1,,
2146,10435,25.913680529999997,92.85,421,4395008,3e-05,1.3543804198503495,0.2223842293024063,0.9175769090652466,21450,0.0069872676,-2.104991006851196,0.18046875,-0.012444950570352376,0.1,,
2147,10439,26.382938500000005,92.53,421,4397056,3e-05,2.0018565960228445,0.31131476163864136,0.8901770114898682,21460,0.004251333,-2.090340268611908,0.146337890625,-0.012378255600924603,0.1,,
2148,10444,25.980862049999992,92.95,421,4399104,3e-05,1.4676600366830825,0.2610914409160614,0.9279879927635193,21470,0.0047347997,-2.113423117995262,0.1447265625,-0.015080330660566688,0.1,,
,,,,,4400000,3e-05,1.6221936870366336,0.11898788809776306,0.913158118724823,21480,0.0050375992,-2.140205520391464,0.1439453125,-0.014943106059217826,0.1,22.79909439086914,92.0
2149,10450,25.433511539999998,94.61,421,4401152,,,,,,,,,,,,
2150,10454,25.49023262,94.16,421,4403200,3e-05,1.7413074404001236,0.21748360991477966,0.9104374647140503,21490,0.0050324574,-2.1210585683584213,0.150146484375,-0.013521109434077517,0.1,,
2151,10459,24.876451399999997,94.76,421,4405248,3e-05,1.1629717070609331,0.1331222653388977,0.9231954216957092,21500,0.005378872,-2.096569746732712,0.16171875,-0.017087730451021344,0.1,,
2152,10463,24.0767605,95.91,421,4407296,3e-05,1.3310739614069462,0.19776201248168945,0.907627284526825,21510,0.0050437236,-2.0863507211208345,0.1484375,-0.012671488733030856,0.1,,
2153,10468,23.87566333,96.2,421,4409344,3e-05,1.5451129138469697,0.17942576110363007,0.9107314944267273,21520,0.013161277,-2.1281688898801803,0.1892578125,-0.011410686778253876,0.1,,
,,,,,4410000,3e-05,1.3473786395043135,0.1903483271598816,0.9128292202949524,21530,0.004333455,-2.0660948678851128,0.1541015625,-0.012534119171323254,0.1,17.605117988586425,96.2
2154,10473,23.617294140000002,94.93,421,4411392,,,,,,,,,,,,
2155,10478,24.597832820000004,94.46,421,4413440,3e-05,1.3406265992671251,0.2558766305446625,0.9002534747123718,21540,0.009624606,-2.0754545271396636,0.162158203125,-0.012944319457164965,0.1,,
2156,10482,24.910074100000003,94.48,421,4415488,3e-05,1.4159606873989106,0.20856811106204987,0.920360803604126,21550,0.004148385,-2.0748986691236495,0.17890625,-0.006975957234681118,0.1,,
2157,10487,25.742783070000005,93.26,421,4417536,3e-05,1.5462078109383584,0.20264771580696106,0.9064910411834717,21560,0.0054427166,-2.1094470784068107,0.128759765625,-0.01381552602397278,0.1,,
2158,10491,26.66019828000001,91.64,421,4419584,3e-05,1.7646742209792137,0.3147757947444916,0.9140575528144836,21570,0.00506671,-2.0538395613431932,0.144140625,-0.013488324033096433,0.1,,
,,,,,4420000,3e-05,1.8443840220570564,0.294081449508667,0.9056886434555054,21580,0.006045658,-2.0930064499378203,0.161083984375,-0.013300185761181638,0.1,21.313078594207763,93.0
2159,10497,25.750384270000005,93.2,421,4421632,,,,,,,,,,,,
2160,10501,25.978303799999996,92.8,421,4423680,3e-05,3.712960125505924,0.6348334550857544,0.8286904692649841,21590,0.0027601472,-2.1276630043983458,0.08505859375,-0.012879010051256046,0.1,,
2161,10506,26.229413210000004,92.14,421,4425728,3e-05,1.8441210828721524,0.34939801692962646,0.9249312281608582,21600,0.003835487,-2.1124272376298903,0.098876953125,-0.012712753005325794,0.1,,
2162,10510,25.264673249999998,93.66,421,4427776,3e-05,1.635701810568571,0.23292750120162964,0.9062355160713196,21610,0.004685091,-2.0350103810429574,0.11796875,-0.01351199634373188,0.1,,
2163,10515,25.523379400000003,92.42,421,4429824,3e-05,1.6972750402987002,0.3342820405960083,0.9100915789604187,21620,0.005082323,-2.040504105389118,0.125,-0.016315541631774975,0.1,,
,,,,,4430000,3e-05,1.3590863205492496,0.18459124863147736,0.9216371774673462,21630,0.0058058985,-2.02098947763443,0.155078125,-0.013791884179227054,0.1,30.323725128173827,82.4
2164,10520,25.38737458,92.17,421,4431872,,,,,,,,,,,,
2165,10525,25.434897079999995,92.11,421,4433920,3e-05,1.2366224508732557,0.15893709659576416,0.904107928276062,21640,0.006595318,-2.078284592926502,0.1490234375,-0.01471621376404073,0.1,,
2166,10529,26.268635200000002,92.45,421,4435968,3e-05,1.3922048088163137,0.17836523056030273,0.9206994771957397,21650,0.0044135936,-2.110101956129074,0.158056640625,-0.01398382087936625,0.1,,
2167,10534,26.227035629999992,92.99,421,4438016,3e-05,1.7459415704011918,0.1649162471294403,0.9353971481323242,21660,0.0074565583,-2.0419357404112817,0.1490234375,-0.01092866828548722,0.1,,
,,,,,4440000,3e-05,1.055831615626812,0.14714086055755615,0.9370014071464539,21670,0.0057459525,-2.077224200963974,0.155322265625,-0.012653312436304987,0.1,24.44281463623047,90.8
2168,10539,26.47957448,92.63,421,4440064,,,,,,,,,,,,
2169,10544,26.81874842,93.52,421,4442112,3e-05,1.7911013193428515,0.21849751472473145,0.9047855138778687,21680,0.005558722,-2.0560922622680664,0.12900390625,-0.01304763311345596,0.1,,
2170,10549,26.984538900000004,92.86,421,4444160,3e-05,1.4282211016863584,0.23614607751369476,0.9143310785293579,21690,0.0072667357,-2.0168612256646155,0.165625,-0.014200858224648982,0.1,,
2171,10553,26.316729220000003,92.48,421,4446208,3e-05,2.5247167378664015,0.31336021423339844,0.8407325148582458,21700,0.0030529913,-2.0480104342103003,0.13603515625,-0.010827175129088573,0.1,,
2172,10558,26.37667144,92.36,421,4448256,3e-05,1.4186775431036949,0.24666056036949158,0.9156215190887451,21710,0.005921811,-2.0464673757553102,0.12978515625,-0.014011771039804444,0.1,,
,,,,,4450000,3e-05,1.200811366736889,0.15495020151138306,0.9144066572189331,21720,0.007991545,-2.0689016938209535,0.164013671875,-0.015988706384086983,0.1,31.42576904296875,86.4
2173,10563,26.182347800000002,92.39,421,4450304,,,,,,,,,,,,
2174,10568,25.514370179999997,93.2,421,4452352,3e-05,1.9075968954712152,0.3212094008922577,0.8679674863815308,21730,0.0066222176,-2.0991818845272063,0.186767578125,-0.014216050662798806,0.1,,
2175,10573,25.03844495,93.13,421,4454400,3e-05,1.838485959917307,0.24852165579795837,0.8571290373802185,21740,0.0048969174,-2.1169072806835176,0.134814453125,-0.014078622651868499,0.1,,
2176,10577,24.843349450000005,93.96,421,4456448,3e-05,2.4431905932724476,0.4556885361671448,0.8961219787597656,21750,0.0038847018,-2.097029024362564,0.104150390625,-0.013999596916255541,0.1,,
2177,10582,24.33610099,94.23,421,4458496,3e-05,1.7667167030274868,0.27488330006599426,0.9404138326644897,21760,0.0053553754,-2.0548812434077264,0.136572265625,-0.013612196015310473,0.1,,
,,,,,4460000,3e-05,2.077641532570124,0.22463326156139374,0.8879175782203674,21770,0.0043687467,-2.080239063501358,0.1396484375,-0.012531184416729957,0.1,27.420927810668946,91.8
2178,10587,24.502402300000004,93.26,421,4460544,,,,,,,,,,,,
2179,10592,24.775892810000002,93.57,421,4462592,3e-05,1.7894102536141872,0.1749708205461502,0.8989482522010803,21780,0.0040464452,-2.1139298409223555,0.13125,-0.013878800388192758,0.1,,
2180,10596,25.02592806,93.39,421,4464640,3e-05,2.1078014217317103,0.2631109356880188,0.9077560305595398,21790,0.0038418176,-2.0736834675073625,0.142724609375,-0.01142833790217992,0.1,,
2181,10601,24.44468909,92.92,421,4466688,3e-05,1.5765734240412712,0.18696564435958862,0.913682758808136,21800,0.0043549873,-2.1061443567276,0.120458984375,-0.015631003718590365,0.1,,
2182,10606,24.852442149999998,93.43,421,4468736,3e-05,1.650928148627281,0.23697352409362793,0.8970745205879211,21810,0.0046047326,-2.128200075030327,0.142138671875,-0.015236381680006161,0.1,,
,,,,,4470000,3e-05,1.5936931751668453,0.2137754261493683,0.9334570169448853,21820,0.005833255,-2.0955909729003905,0.143212890625,-0.015147940418682993,0.1,26.76873950958252,89.6
2183,10611,24.371665929999995,94.42,421,4470784,,,,,,,,,,,,
2184,10616,23.65000352,95.3,421,4472832,3e-05,1.5713751900941133,0.21580958366394043,0.9182437658309937,21830,0.00933891,-2.1633723735809327,0.130615234375,-0.011200395651394501,0.1,,
2185,10621,24.249773559999998,94.8,421,4474880,3e-05,1.5758514888584614,0.2703956365585327,0.912041187286377,21840,0.0039275032,-2.097654165327549,0.15419921875,-0.01135683967731893,0.1,,
2186,10625,24.099387810000003,95.29,421,4476928,3e-05,1.548523735255003,0.24992822110652924,0.9334613084793091,21850,0.008233327,-2.1246854841709135,0.170947265625,-0.015192331332946197,0.1,,
2187,10630,25.327883599999996,93.8,421,4478976,3e-05,1.7143616914749145,0.2508544623851776,0.9278002977371216,21860,0.0045045633,-2.1238849431276323,0.18212890625,-0.011995313432998955,0.1,,
,,,,,4480000,3e-05,1.4200705859810114,0.17007294297218323,0.9311190843582153,21870,0.0053328746,-2.091093847155571,0.12529296875,-0.015222544013522566,0.1,26.946125793457032,84.6
2188,10635,25.672859870000003,94.46,421,4481024,,,,,,,,,,,,
2189,10640,25.870868720000004,94.02,421,4483072,3e-05,1.7320873726159334,0.1914205104112625,0.922848641872406,21880,0.0045129256,-2.146555405855179,0.129248046875,-0.014362134467228315,0.1,,
2190,10645,25.43661079,94.27,421,4485120,3e-05,1.3241001769900322,0.16989225149154663,0.9334964752197266,21890,0.00853165,-2.150841307640076,0.2021484375,-0.014828597303130664,0.1,,
2191,10650,26.39251192,93.85,421,4487168,3e-05,1.385400115698576,0.13266605138778687,0.9374459981918335,21900,0.006495763,-2.1228244423866274,0.160693359375,-0.014403441871399992,0.1,,
2192,10654,25.410991990000003,94.34,421,4489216,3e-05,1.097822131589055,0.09957779198884964,0.9464688897132874,21910,0.0060971235,-2.0953902274370195,0.166162109375,-0.01636793260113336,0.1,,
,,,,,4490000,3e-05,1.0176708471029996,0.10680856555700302,0.9364800453186035,21920,0.008456381,-2.1579041481018066,0.19951171875,-0.012786367547232658,0.1,20.73137140274048,92.6
2193,10660,26.173060200000005,93.37,421,4491264,,,,,,,,,,,,
2194,10664,25.427197570000004,93.18,421,4493312,3e-05,1.4304742708802223,0.19377128779888153,0.9356830716133118,21930,0.005021313,-2.1958989411592484,0.156640625,-0.01558320932672359,0.1,,
2195,10669,25.414427939999996,94.2,421,4495360,3e-05,2.4599693052470686,0.25307172536849976,0.8845223188400269,21940,0.0039192606,-2.1962731152772905,0.149267578125,-0.010844140447443352,0.1,,
2196,10674,24.772682160000002,93.45,421,4497408,3e-05,0.9740348219871521,0.09406498074531555,0.9450079798698425,21950,0.005842096,-2.0890559285879133,0.1484375,-0.015967357036424802,0.1,,
2197,10678,24.728104010000003,92.59,421,4499456,3e-05,1.3347794480621815,0.17998838424682617,0.945667564868927,21960,0.005787354,-2.1580012172460554,0.1392578125,-0.015336843527620658,0.1,,
,,,,,4500000,3e-05,1.2838318075984716,0.17573893070220947,0.9344732761383057,21970,0.007719787,-2.1385823756456377,0.15498046875,-0.015192774063325486,0.1,26.399472808837892,91.0
2198,10684,25.601406089999998,92.8,421,4501504,,,,,,,,,,,,
2199,10688,25.68765472,91.85,421,4503552,3e-05,1.747487012296915,0.2026168406009674,0.9256583452224731,21980,0.0056717577,-2.1543932765722276,0.11796875,-0.013744900369783864,0.1,,
2200,10693,25.1153668,93.2,421,4505600,3e-05,1.0043255604803563,0.09458606690168381,0.9495170712471008,21990,0.0067386497,-2.1007106572389604,0.16337890625,-0.016196258540730923,0.1,,
2201,10698,25.40451838,93.59,421,4507648,3e-05,1.617039905115962,0.22638025879859924,0.9278907179832458,22000,0.0054227132,-2.1205697059631348,0.182373046875,-0.009963953719125129,0.1,,
2202,10703,24.46644458,93.52,421,4509696,3e-05,1.161014960706234,0.1541564166545868,0.9384700655937195,22010,0.0051301355,-2.133662810921669,0.122900390625,-0.013817423739237712,0.1,,
,,,,,4510000,3e-05,2.6040835306048393,0.41711729764938354,0.8268583416938782,22020,0.0034562903,-2.196637237071991,0.104638671875,-0.01099292006692849,0.1,22.720762634277342,96.8
2203,10708,24.939172220000003,93.79,421,4511744,,,,,,,,,,,,
2204,10713,24.14225881,94.04,421,4513792,3e-05,1.3183078423142434,0.31241825222969055,0.9377588629722595,22030,0.004700681,-2.132768702507019,0.14228515625,-0.015077510819537565,0.1,,
2205,10718,24.892017900000006,93.44,421,4515840,3e-05,1.4173922944813966,0.14949104189872742,0.9193857312202454,22040,0.004684754,-2.156378003954887,0.13818359375,-0.015942158561665566,0.1,,
2206,10723,25.23772731,93.58,421,4517888,3e-05,1.29314545430243,0.17483191192150116,0.9328494071960449,22050,0.004257973,-2.1396938055753707,0.112353515625,-0.013825481320964172,0.1,,
2207,10728,25.577823170000002,92.83,421,4519936,3e-05,1.1944183703511952,0.1009708046913147,0.9398440718650818,22060,0.0069637056,-2.10469012260437,0.148779296875,-0.015352733538020403,0.1,,
,,,,,4520000,3e-05,1.5557918403297664,0.192545086145401,0.905602216720581,22070,0.0048488886,-2.154599240422249,0.143603515625,-0.015297660327632912,0.1,22.920510673522948,97.4
2208,10733,25.554611799999996,93.26,421,4521984,,,,,,,,,,,,
2209,10738,25.9669704,93.06,421,4524032,3e-05,2.1941562414169313,0.43350398540496826,0.8585141897201538,22080,0.0052935136,-2.239906644821167,0.13330078125,-0.014904513163492084,0.1,,
2210,10742,25.748887390000004,91.15,421,4526080,3e-05,1.227353398501873,0.2143293023109436,0.9404767751693726,22090,0.0056438134,-2.1604053288698197,0.17490234375,-0.015955446040607058,0.1,,
2211,10747,25.719127119999992,91.81,421,4528128,3e-05,1.5612825345247985,0.25165995955467224,0.9308210611343384,22100,0.0043629985,-2.093607860803604,0.134326171875,-0.015484355713124388,0.1,,
,,,,,4530000,3e-05,1.5134734734892845,0.21159715950489044,0.9217545986175537,22110,0.0051824497,-2.0719960600137712,0.13525390625,-0.012638025288470089,0.1,28.25615997314453,91.8
2212,10752,26.156080899999996,92.36,421,4530176,,,,,,,,,,,,
2213,10757,26.683659390000003,92.96,421,4532224,3e-05,1.9900838740170002,0.41380417346954346,0.9032722115516663,22120,0.0060049896,-2.0914773017168047,0.14990234375,-0.010334902012255042,0.1,,
2214,10761,26.02894129,93.97,421,4534272,3e-05,1.2715171955525875,0.2503405511379242,0.9256325960159302,22130,0.0049244724,-2.0878803342580796,0.163671875,-0.01566634827759117,0.1,,
2215,10766,25.151370349999993,95.39,421,4536320,3e-05,1.9216944135725498,0.3348134756088257,0.897900402545929,22140,0.006101196,-2.1718495756387712,0.143505859375,-0.012797241704538465,0.1,,
2216,10771,23.36057585,95.6,421,4538368,3e-05,1.626617120206356,0.23422354459762573,0.9254093170166016,22150,0.0035865568,-2.1473060071468355,0.158203125,-0.012405939053860494,0.1,,
,,,,,4540000,3e-05,1.8101276636123658,0.27984169125556946,0.9120805859565735,22160,0.0052408115,-2.168755540251732,0.126123046875,-0.015521237743087113,0.1,17.351650524139405,96.6
2217,10776,22.801707589999996,96.22,421,4540416,,,,,,,,,,,,
2218,10781,22.471348210000006,96.39,421,4542464,3e-05,1.8123752154409885,0.29034289717674255,0.863941490650177,22170,0.0037199548,-2.1837405025959016,0.130224609375,-0.015056268026819452,0.1,,
2219,10785,22.786081230000008,96.58,421,4544512,3e-05,1.1761877793818711,0.21025046706199646,0.9450181722640991,22180,0.0056560775,-2.1113967925310133,0.1794921875,-0.013874780846526847,0.1,,
2220,10790,24.18381464,95.98,421,4546560,3e-05,1.342709419131279,0.19843994081020355,0.9309223890304565,22190,0.00474181,-2.0901806741952895,0.120361328125,-0.013427251164102927,0.1,,
2221,10795,24.54233934,96.22,421,4548608,3e-05,1.3592791624367238,0.2421729415655136,0.9283655881881714,22200,0.0063386746,-2.1013610482215883,0.13740234375,-0.01532360203564167,0.1,,
,,,,,4550000,3e-05,1.5433840908110141,0.20164722204208374,0.9143013954162598,22210,0.005501169,-2.1299780502915384,0.1591796875,-0.01302405215537874,0.1,27.231336975097655,90.8
2222,10800,24.737338420000004,94.93,421,4550656,,,,,,,,,,,,
2223,10804,24.9139953,94.32,421,4552704,3e-05,1.4462020639330149,0.21665416657924652,0.9120004773139954,22220,0.004824373,-2.131509816646576,0.15947265625,-0.014650195004651322,0.1,,
2224,10809,24.49756525,94.47,421,4554752,3e-05,1.5630671571940185,0.1890842318534851,0.9036498069763184,22230,0.0054485477,-2.098234108090401,0.134130859375,-0.012018870416795835,0.1,,
2225,10814,24.986838019999997,93.92,421,4556800,3e-05,1.329133663699031,0.15118473768234253,0.9178745746612549,22240,0.005379471,-2.1064564287662506,0.152783203125,-0.014253219089005143,0.1,,
2226,10818,25.73090794,92.47,421,4558848,3e-05,1.244682127982378,0.2521786689758301,0.9161486625671387,22250,0.004163149,-2.0747715324163436,0.126806640625,-0.015845193254062907,0.1,,
,,,,,4560000,3e-05,1.2773358155041934,0.18544645607471466,0.9350884556770325,22260,0.004808958,-2.1334979265928267,0.1419921875,-0.01589582966407761,0.1,26.252876853942873,91.0
2227,10823,26.59102096,92.49,421,4560896,,,,,,,,,,,,
2228,10828,24.54803133,93.61,421,4562944,3e-05,1.448647702485323,0.21175996959209442,0.938812792301178,22270,0.0034866505,-2.0704209595918655,0.11025390625,-0.01296186718973331,0.1,,
2229,10833,25.587438130000006,92.85,421,4564992,3e-05,1.6852134481072425,0.36545151472091675,0.8795396089553833,22280,0.0038551264,-2.162205699086189,0.12998046875,-0.012813602189999074,0.1,,
2230,10837,24.707190329999992,94.07,421,4567040,3e-05,2.043730013817549,0.3300814926624298,0.9041017293930054,22290,0.008167293,-2.0721491634845735,0.1068359375,-0.011024778208229691,0.1,,
2231,10842,24.28924385,94.12,421,4569088,3e-05,2.0835196286439897,0.3188430368900299,0.92100989818573,22300,0.004552973,-2.091484768688679,0.17822265625,-0.009151790998294019,0.1,,
,,,,,4570000,3e-05,2.6792056262493134,0.40926533937454224,0.8981543183326721,22310,0.0037623884,-2.108261838555336,0.11826171875,-0.01372057712287642,0.1,27.296224975585936,98.0
2232,10847,25.527013679999996,93.76,421,4571136,,,,,,,,,,,,
2233,10852,26.095200080000005,93.44,421,4573184,3e-05,2.0017470426857473,0.2975567877292633,0.8700392246246338,22320,0.0046999594,-2.067516478896141,0.118212890625,-0.013264584069838747,0.1,,
2234,10856,25.413535070000002,94.01,421,4575232,3e-05,1.8573153458535672,0.3323812484741211,0.9092109799385071,22330,0.0040430496,-2.0932839691638945,0.119287109375,-0.013646761525887997,0.1,,
2235,10861,25.71677031,93.76,421,4577280,3e-05,1.4886438094079495,0.23084983229637146,0.9174453616142273,22340,0.0051118797,-2.1121257454156876,0.146240234375,-0.016969157051062212,0.1,,
2236,10866,26.84828066,92.31,421,4579328,3e-05,1.6098068717867136,0.23946061730384827,0.9228002429008484,22350,0.005159666,-2.1072572231292725,0.142529296875,-0.013975378929171712,0.1,,
,,,,,4580000,3e-05,1.0652949318289757,0.099677175283432,0.9386274814605713,22360,0.0061308714,-2.0202388137578966,0.174462890625,-0.012537756195524708,0.1,24.829430389404298,98.4
2237,10872,25.585268289999995,94.67,421,4581376,,,,,,,,,,,,
2238,10877,25.821575620000004,93.81,421,4583424,3e-05,1.3894100829958915,0.20501792430877686,0.9083195924758911,22370,0.00409315,-2.126334634423256,0.162744140625,-0.011882211273768917,0.1,,
2239,10882,25.44023838,93.96,421,4585472,3e-05,1.5568316284567119,0.24435508251190186,0.919590950012207,22380,0.0056302026,-2.083843471109867,0.147998046875,-0.015455284784547985,0.1,,
2240,10886,24.591569320000005,94.34,421,4587520,3e-05,1.8231798157095909,0.28979814052581787,0.8940194249153137,22390,0.0036722082,-2.044825145602226,0.13310546875,-0.012768459727521986,0.1,,
2241,10891,24.686117769999996,93.59,421,4589568,3e-05,1.188783946633339,0.2161775529384613,0.8825658559799194,22400,0.0048670303,-2.022068853676319,0.14013671875,-0.012977924759616144,0.1,,
,,,,,4590000,3e-05,1.0449580423533917,0.21102362871170044,0.9479642510414124,22410,0.005022905,-2.038844183087349,0.1875,-0.009313301113434137,0.1,31.132940673828124,85.4
2242,10896,24.460009990000003,93.57,421,4591616,,,,,,,,,,,,
2243,10902,24.83075281,92.92,421,4593664,3e-05,1.562239434197545,0.22690334916114807,0.9072560667991638,22420,0.0067204284,-2.1138729363679887,0.146484375,-0.014499270642409101,0.1,,
2244,10906,25.43659544,92.78,421,4595712,3e-05,1.5197309140115975,0.29812392592430115,0.9260002374649048,22430,0.0045049787,-2.019384925067425,0.1154296875,-0.01460473407059908,0.1,,
2245,10911,24.787194680000002,93.37,421,4597760,3e-05,1.4702038358896972,0.2421897053718567,0.9200153946876526,22440,0.008025138,-1.9916182547807693,0.182958984375,-0.011675086786272004,0.1,,
2246,10916,25.160048300000007,93.46,421,4599808,3e-05,1.4712934624403715,0.2862837612628937,0.9025623202323914,22450,0.004879453,-2.0386787980794905,0.145654296875,-0.015863842651015148,0.1,,
,,,,,4600000,3e-05,1.600684855878353,0.2860018014907837,0.913435697555542,22460,0.0045329994,-1.9946391835808754,0.1201171875,-0.01421169726527296,0.1,30.368458557128907,90.0
2247,10921,26.394957799999997,94.08,421,4601856,,,,,,,,,,,,
2248,10926,25.50119821,94.65,421,4603904,3e-05,1.5327121183276176,0.26569125056266785,0.9372243285179138,22470,0.0049891816,-1.9702708333730699,0.12236328125,-0.01379008880467154,0.1,,
2249,10931,26.233202379999998,94.72,421,4605952,3e-05,1.7845400542020797,0.25857967138290405,0.8929674625396729,22480,0.0049076118,-1.976680724322796,0.1701171875,-0.01085636809002608,0.1,,
2250,10935,27.29713417,93.59,421,4608000,3e-05,1.1418957158923149,0.17398181557655334,0.9224871397018433,22490,0.0039363666,-1.9586747288703918,0.127197265625,-0.012088677083374933,0.1,,
,,,,,4610000,3e-05,0.7512533605098725,0.0569586344063282,0.9680708050727844,22500,0.0068804338,-1.9730968549847603,0.1484375,-0.015374725282890722,0.1,28.804193878173827,89.2
2251,10941,26.857928490000003,93.02,421,4610048,,,,,,,,,,,,
2252,10945,26.07080436,93.16,421,4612096,3e-05,1.291681182011962,0.16303598880767822,0.9264233112335205,22510,0.0058894404,-2.0396465569734574,0.172607421875,-0.015480428119190037,0.1,,
2253,10950,26.61018968000001,93.38,421,4614144,3e-05,1.5194058582186698,0.22901934385299683,0.9170323610305786,22520,0.004203376,-2.0148707211017607,0.14755859375,-0.01358585517737083,0.1,,
2254,10954,26.34089643999999,93.12,421,4616192,3e-05,1.3963554684072732,0.1688586175441742,0.9180417060852051,22530,0.005209486,-1.975452074408531,0.13505859375,-0.011841512759565376,0.1,,
2255,10959,25.993233589999996,93.89,421,4618240,3e-05,1.3737576134502887,0.19648215174674988,0.9043521285057068,22540,0.0039331936,-1.9611338436603547,0.116162109375,-0.012948166800197215,0.1,,
,,,,,4620000,3e-05,1.4161910627037286,0.18721741437911987,0.9211472272872925,22550,0.0056676394,-1.9320299476385117,0.122802734375,-0.011529235210036858,0.1,29.37139320373535,92.6
2256,10965,26.962224859999996,94.21,421,4620288,,,,,,,,,,,,
2257,10969,27.376508010000002,93.75,421,4622336,3e-05,1.6701797604560853,0.36550426483154297,0.9022514820098877,22560,0.0070301224,-1.9831903487443925,0.134619140625,-0.011552833369933069,0.1,,
2258,10974,26.61013697,94.95,421,4624384,3e-05,1.6583294164389373,0.3805365562438965,0.9175620079040527,22570,0.004883062,-2.0027403458952904,0.113916015625,-0.014545135429943911,0.1,,
2259,10978,26.730681,94.5,421,4626432,3e-05,1.1295382831245662,0.21913795173168182,0.9245340824127197,22580,0.010495018,-1.9634371265769004,0.14482421875,-0.011076266432064585,0.1,,
2260,10983,26.415205460000006,94.51,421,4628480,3e-05,1.5240938048809767,0.13936221599578857,0.8822890520095825,22590,0.005259086,-1.9598811268806458,0.167236328125,-0.013245411060051993,0.1,,
,,,,,4630000,3e-05,1.5516630098223687,0.2141084522008896,0.9062039852142334,22600,0.005316146,-1.9920609399676323,0.13828125,-0.011353287036763504,0.1,27.567207717895506,94.8
2261,10988,26.74004737,93.98,421,4630528,,,,,,,,,,,,
2262,10993,26.56072926,94.8,421,4632576,3e-05,3.046500686556101,0.5739774703979492,0.8779314160346985,22610,0.0035968977,-1.975555920600891,0.1314453125,-0.009767612663563342,0.1,,
2263,10997,26.965925239999997,93.88,421,4634624,3e-05,0.9575378486886621,0.1251404583454132,0.9330893158912659,22620,0.009235767,-2.045813947916031,0.17548828125,-0.015511639672331512,0.1,,
2264,11002,26.55619231,94.25,421,4636672,3e-05,1.3100001391023397,0.2435646653175354,0.9237326979637146,22630,0.00659593,-1.946194176375866,0.148828125,-0.01264590804639738,0.1,,
2265,11007,26.95181926,93.57,421,4638720,3e-05,1.3970016542822123,0.18090946972370148,0.9192343354225159,22640,0.003893748,-1.9988978281617165,0.12802734375,-0.011175021366216242,0.1,,
,,,,,4640000,3e-05,1.1043625067919494,0.17578260600566864,0.9111165404319763,22650,0.00545241,-2.005414365231991,0.14765625,-0.015834348398493604,0.1,25.751970291137695,97.2
2266,11012,26.859749600000004,92.8,421,4640768,,,,,,,,,,,,
2267,11016,27.84410194,91.62,421,4642816,3e-05,1.2962744768708945,0.16299131512641907,0.9316498637199402,22660,0.005047871,-2.0493373766541483,0.137109375,-0.012750815087929367,0.1,,
2268,11021,27.62900335,91.65,421,4644864,3e-05,1.1015922218561172,0.17120352387428284,0.9429923295974731,22670,0.007948488,-1.9941512197256088,0.16533203125,-0.017136977886548267,0.1,,
2269,11026,28.111896650000002,92.59,421,4646912,3e-05,1.1330423433333636,0.14254003763198853,0.9395559430122375,22680,0.0051308097,-1.999878379702568,0.15947265625,-0.016014354239450766,0.1,,
2270,11030,28.14282623,92.05,421,4648960,3e-05,1.2150473892688751,0.17367692291736603,0.9446658492088318,22690,0.006276609,-1.9347655296325683,0.12548828125,-0.013148007041309029,0.1,,
,,,,,4650000,3e-05,1.151589560508728,0.1853037178516388,0.9310157299041748,22700,0.004747276,-1.9816264614462853,0.138623046875,-0.013615323769045062,0.1,24.447813987731934,92.8
2271,11035,27.82924652,92.32,421,4651008,,,,,,,,,,,,
2272,11040,27.50865552999999,92.47,421,4653056,3e-05,1.1249122411012649,0.14176899194717407,0.9226680397987366,22710,0.005442175,-1.949007372558117,0.16259765625,-0.012944476160919293,0.1,,
2273,11045,26.41219191,92.77,421,4655104,3e-05,1.0136151682585477,0.16217026114463806,0.9438632726669312,22720,0.004832037,-1.9276738584041595,0.140185546875,-0.014899791998323053,0.1,,
2274,11050,27.35059879,91.92,421,4657152,3e-05,1.8076265662908555,0.33360978960990906,0.898059070110321,22730,0.003660081,-1.991876281797886,0.1119140625,-0.014399558544391766,0.1,,
2275,11054,27.357902629999995,92.89,421,4659200,3e-05,1.2260626882314682,0.1739664524793625,0.9361602067947388,22740,0.0068280045,-1.8621820569038392,0.145458984375,-0.010520356649067253,0.1,,
,,,,,4660000,3e-05,0.9792356476187706,0.14787542819976807,0.9457455277442932,22750,0.00523538,-1.9124926924705505,0.118994140625,-0.01251365354983136,0.1,27.922454833984375,97.2
2276,11060,27.569243240000002,93.1,421,4661248,,,,,,,,,,,,
2277,11064,27.895235570000004,93.19,421,4663296,3e-05,1.110824778303504,0.21593815088272095,0.9343758821487427,22760,0.004998089,-1.9348258346319198,0.1216796875,-0.012777892872691154,0.1,,
2278,11069,28.582434019999997,93.24,421,4665344,3e-05,1.6118545599281788,0.22366872429847717,0.9271637797355652,22770,0.0035968209,-1.9334718734025955,0.104443359375,-0.01175639473949559,0.1,,
2279,11073,28.01565932,93.17,421,4667392,3e-05,1.5094905108213426,0.21903616189956665,0.9158579111099243,22780,0.004196845,-1.9511963993310928,0.098388671875,-0.011014260223601014,0.1,,
2280,11078,28.120898589999996,92.85,421,4669440,3e-05,1.3724543415009975,0.2715100049972534,0.9309596419334412,22790,0.0047796364,-1.920014102756977,0.148388671875,-0.015819024352822453,0.1,,
,,,,,4670000,3e-05,0.9312900442630052,0.1042235791683197,0.9515940546989441,22800,0.005113682,-1.8714727818965913,0.130322265625,-0.014081874481053091,0.1,27.241857719421386,95.6
2281,11083,28.778389320000002,92.02,421,4671488,,,,,,,,,,,,
2282,11088,28.631091689999998,91.98,421,4673536,3e-05,1.310343700274825,0.21869680285453796,0.9206615090370178,22810,0.006822428,-1.9264830455183983,0.1654296875,-0.015586066205287352,0.1,,
2283,11092,29.442610139999996,91.43,421,4675584,3e-05,1.4679600920528173,0.20570993423461914,0.9227826595306396,22820,0.006794505,-1.831630378961563,0.1185546875,-0.013994161173468456,0.1,,
2284,11097,28.18168103,91.79,421,4677632,3e-05,1.3401935782283545,0.18066149950027466,0.9316619038581848,22830,0.005604591,-1.9124257147312165,0.1501953125,-0.015582218288909645,0.1,,
2285,11102,28.629159450000003,91.79,421,4679680,3e-05,2.4619341507554053,0.34987494349479675,0.8761622309684753,22840,0.004125266,-1.9833253473043442,0.103173828125,-0.01028925908030942,0.1,,
,,,,,4680000,3e-05,1.5812515385448933,0.24665741622447968,0.9284871220588684,22850,0.0041124322,-1.9353487282991408,0.12802734375,-0.013741904619382694,0.1,30.57117042541504,92.0
2286,11107,28.71901306,93.09,421,4681728,,,,,,,,,,,,
2287,11112,27.64797587,93.97,421,4683776,3e-05,1.4986240811645986,0.3034210205078125,0.9151903390884399,22860,0.005612626,-1.8708807617425918,0.136083984375,-0.010379723383812234,0.1,,
2288,11116,27.758678059999998,94.24,421,4685824,3e-05,1.0956287529319524,0.19984674453735352,0.9340564012527466,22870,0.0051676743,-1.9468773901462555,0.131591796875,-0.012308812467381358,0.1,,
2289,11121,27.32683008,93.37,421,4687872,3e-05,1.8496631018817424,0.3272556662559509,0.8915114402770996,22880,0.0044463254,-1.9700685933232307,0.11474609375,-0.01230692579119932,0.1,,
2290,11125,27.521291920000003,92.26,421,4689920,3e-05,1.5492912858724595,0.2545759677886963,0.9173710346221924,22890,0.004911137,-1.9715406253933907,0.1125,-0.011684386449633166,0.1,,
,,,,,4690000,3e-05,0.9908626150339842,0.1227952241897583,0.9521263241767883,22900,0.0057811337,-1.8936344042420388,0.15595703125,-0.014256317973922706,0.1,34.27072639465332,90.0
2291,11130,26.57802398,92.66,421,4691968,,,,,,,,,,,,
2292,11135,27.153297900000002,92.65,421,4694016,3e-05,0.7603656850755215,0.08817259967327118,0.9404582977294922,22910,0.006916086,-1.965673290193081,0.168798828125,-0.016317313379840926,0.1,,
2293,11140,27.69807044000001,92.51,421,4696064,3e-05,0.9620231810957194,0.14535027742385864,0.9361101984977722,22920,0.005149451,-1.9311993286013602,0.1572265625,-0.015051293326541782,0.1,,
2294,11144,28.48365058,92.48,421,4698112,3e-05,0.9262508597224951,0.10023988783359528,0.9600868225097656,22930,0.004737447,-1.9755261316895485,0.127978515625,-0.013145390606950969,0.1,,
,,,,,4700000,3e-05,0.8876817118376493,0.1284300833940506,0.9594001770019531,22940,0.0062711854,-1.9174384877085686,0.19951171875,-0.011983613937627525,0.1,31.009930419921876,88.8
2295,11149,28.177212240000003,92.61,421,4700160,,,,,,,,,,,,
2296,11154,28.49221661,91.88,421,4702208,3e-05,1.1952455636113881,0.19295114278793335,0.8779938220977783,22950,0.005820588,-2.0215049147605897,0.134423828125,-0.014001580904005096,0.1,,
2297,11158,27.696327580000002,92.03,421,4704256,3e-05,1.6830842219293118,0.3650609254837036,0.9243002533912659,22960,0.004333624,-1.9872848272323609,0.120654296875,-0.01197704347432591,0.1,,
2298,11163,27.046387690000003,92.77,421,4706304,3e-05,1.5133853107690811,0.2811261713504791,0.8965643048286438,22970,0.0053985184,-1.9685688883066177,0.133251953125,-0.012631741986842826,0.1,,
2299,11168,26.2858442,93.66,421,4708352,3e-05,1.4257711064070464,0.29677391052246094,0.9235319495201111,22980,0.006901865,-2.013675206899643,0.1513671875,-0.013051753843319603,0.1,,
,,,,,4710000,3e-05,1.6928365752100945,0.38217154145240784,0.893385648727417,22990,0.005120809,-1.954208566248417,0.15869140625,-0.01179174924036488,0.1,20.176454162597658,109.6
2300,11173,26.45376153,94.09,421,4710400,,,,,,,,,,,,
2301,11178,26.737968260000002,93.88,421,4712448,3e-05,1.1442582026124,0.1914474219083786,0.9467698335647583,23000,0.0040044566,-1.9611222118139267,0.1162109375,-0.013015222834656014,0.1,,
2302,11182,26.181391360000003,94.88,421,4714496,3e-05,1.143182522431016,0.14197516441345215,0.9359337687492371,23010,0.0052863974,-1.9461509808897972,0.14765625,-0.012796274296124465,0.1,,
2303,11187,26.595498269999997,94.83,421,4716544,3e-05,1.209627240151167,0.23036950826644897,0.9215346574783325,23020,0.0038745054,-1.9107556596398354,0.143994140625,-0.01339643384271767,0.1,,
2304,11191,26.886349409999998,94.05,421,4718592,3e-05,1.2839522641152143,0.2322992980480194,0.927805483341217,23030,0.004645767,-1.9459017008543014,0.103564453125,-0.013579120699432679,0.1,,
,,,,,4720000,3e-05,1.201922620460391,0.17747758328914642,0.9416311979293823,23040,0.00509659,-1.9348865106701851,0.14658203125,-0.013688296364853159,0.1,25.878293800354005,99.8
2305,11197,26.908016749999998,94.85,421,4720640,,,,,,,,,,,,
2306,11201,27.05433919,95.23,421,4722688,3e-05,0.9353522837162018,0.1305830478668213,0.9508357644081116,23050,0.0054497495,-1.9483021184802056,0.140234375,-0.015594343043630943,0.1,,
2307,11206,27.131925120000002,95.98,421,4724736,3e-05,1.5101445704698562,0.24655717611312866,0.9326393604278564,23060,0.005002357,-1.9408425107598304,0.16318359375,-0.011442571150837466,0.1,,
2308,11211,27.253675890000004,95.67,421,4726784,3e-05,0.9657208874821663,0.12403814494609833,0.9490681886672974,23070,0.0053981687,-1.9732070848345757,0.13466796875,-0.01299879354191944,0.1,,
2309,11215,27.546781829999997,95.01,421,4728832,3e-05,1.0903105162084104,0.13840100169181824,0.944216787815094,23080,0.0055423174,-1.9547431901097299,0.12646484375,-0.014506567550415638,0.1,,
,,,,,4730000,3e-05,1.2485025852918625,0.16081196069717407,0.9443694353103638,23090,0.004642795,-1.9598260775208474,0.145654296875,-0.013367892979294993,0.1,26.71068115234375,98.2
2310,11221,26.6728641,94.82,421,4730880,,,,,,,,,,,,
2311,11225,27.516575780000004,93.84,421,4732928,3e-05,1.0514219667762519,0.23447206616401672,0.9397173523902893,23100,0.0073847454,-1.990309253334999,0.1271484375,-0.01485813231265638,0.1,,
2312,11230,27.818943830000002,92.82,421,4734976,3e-05,0.810292312502861,0.1210029274225235,0.940301775932312,23110,0.0054465155,-1.8979899346828462,0.146923828125,-0.016215578926494344,0.1,,
2313,11234,27.503743150000002,93.12,421,4737024,3e-05,1.1099615599960089,0.1906711757183075,0.9403793811798096,23120,0.004836571,-1.9548497051000595,0.12421875,-0.013838898083486128,0.1,,
2314,11239,28.490780949999998,92.86,421,4739072,3e-05,1.1618126429617406,0.19387221336364746,0.9341863989830017,23130,0.004937767,-1.847934651374817,0.1224609375,-0.015768784325337036,0.1,,
,,,,,4740000,3e-05,1.7629734605550766,0.3339233100414276,0.9267250895500183,23140,0.005222449,-1.8541200876235961,0.114306640625,-0.012741839123191313,0.1,38.35617179870606,90.6
2315,11244,28.822262730000002,93.2,421,4741120,,,,,,,,,,,,
2316,11249,28.850638860000004,93.96,421,4743168,3e-05,1.643950355052948,0.32165786623954773,0.9057360887527466,23150,0.0054063285,-1.8924106061458588,0.13427734375,-0.013566452063969336,0.1,,
2317,11253,28.39417998,94.55,421,4745216,3e-05,1.0290598291903734,0.1261652112007141,0.9527214169502258,23160,0.0058965357,-1.9412218898534774,0.152490234375,-0.012919928616611287,0.1,,
2318,11258,28.09428259,94.58,421,4747264,3e-05,1.0648511718958615,0.16123537719249725,0.9388278126716614,23170,0.0059490465,-1.8920841053128243,0.147314453125,-0.013619090046267957,0.1,,
2319,11262,27.10656149,95.04,421,4749312,3e-05,1.4483024075627327,0.1347394585609436,0.9037979245185852,23180,0.0066292533,-1.932204893231392,0.15419921875,-0.011888995801564306,0.1,,
,,,,,4750000,3e-05,1.0921107556670904,0.17747516930103302,0.9251236319541931,23190,0.005733419,-1.900039905309677,0.16865234375,-0.01336831895459909,0.1,26.36360092163086,94.6
2320,11268,26.630773450000003,94.29,421,4751360,,,,,,,,,,,,
2321,11273,25.691565259999997,94.72,421,4753408,3e-05,1.206710270047188,0.15837235748767853,0.9101741313934326,23200,0.0054955017,-1.9609263315796852,0.141943359375,-0.01601981812273152,0.1,,
2322,11277,26.513984660000002,94.46,421,4755456,3e-05,1.3896237824112176,0.20480278134346008,0.9210191369056702,23210,0.0040969667,-1.9263949930667876,0.149658203125,-0.01111641995375976,0.1,,
2323,11282,26.71116475,93.67,421,4757504,3e-05,1.082444877550006,0.14878135919570923,0.9480559229850769,23220,0.0061493292,-1.916993334889412,0.159375,-0.01233348083042074,0.1,,
2324,11286,26.980310670000005,93.52,421,4759552,3e-05,0.9572038386017084,0.10560530424118042,0.9224449992179871,23230,0.005013528,-2.0032638192176817,0.15966796875,-0.016232758248224854,0.1,,
,,,,,4760000,3e-05,0.9701313301920891,0.14955464005470276,0.9253724813461304,23240,0.00433688,-1.8855511665344238,0.15205078125,-0.0123120113479672,0.1,30.397224044799806,85.8
2325,11292,27.06641598,93.45,421,4761600,,,,,,,,,,,,
2326,11297,27.51541632,93.68,421,4763648,3e-05,0.8511020846664905,0.1244288980960846,0.9484952688217163,23250,0.0053221527,-1.9183179020881653,0.16572265625,-0.014376172868651338,0.1,,
2327,11301,27.179979499999995,93.85,421,4765696,3e-05,1.0435581035912036,0.19144102931022644,0.9507999420166016,23260,0.005547589,-1.9446055054664613,0.13779296875,-0.013199298968538642,0.1,,
2328,11306,27.51027306,94.01,421,4767744,3e-05,1.7661542400717736,0.16272301971912384,0.9138042330741882,23270,0.0042505916,-1.9393020257353784,0.1177734375,-0.013447834213729947,0.1,,
2329,11311,27.869743369999995,92.83,421,4769792,3e-05,1.203835478052497,0.2010592669248581,0.9424759149551392,23280,0.0047145355,-1.8926973298192025,0.1330078125,-0.01478496398194693,0.1,,
,,,,,4770000,3e-05,1.86540589928627,0.2597828507423401,0.9006699919700623,23290,0.005446188,-1.8984557375311852,0.1498046875,-0.015435980331676546,0.1,29.61412124633789,89.0
2330,11316,28.4297707,92.11,421,4771840,,,,,,,,,,,,
2331,11321,28.47456791,90.99,421,4773888,3e-05,1.3269886448979378,0.20621195435523987,0.9364417195320129,23300,0.0065923766,-1.8676113128662108,0.14755859375,-0.013597135042073206,0.1,,
2332,11325,29.18876934,89.56,421,4775936,3e-05,1.1784890558570624,0.14890550076961517,0.9414107203483582,23310,0.005889044,-1.964170292019844,0.1388671875,-0.013464373259921558,0.1,,
2333,11330,29.281624669999996,89.56,421,4777984,3e-05,1.3281882479786873,0.14955022931098938,0.9083009362220764,23320,0.0070014326,-1.9585654109716415,0.143017578125,-0.0151551382325124,0.1,,
,,,,,4780000,3e-05,1.5279317252337932,0.25061750411987305,0.9199579954147339,23330,0.0062323073,-1.9451296150684356,0.147998046875,-0.0144932898983825,0.1,31.29714241027832,91.2
2334,11336,28.023015189999995,91.22,421,4780032,,,,,,,,,,,,
2335,11342,27.383737479999994,93.33,421,4782080,3e-05,1.6316443465650081,0.28510183095932007,0.9072576761245728,23340,0.004779231,-2.0277479737997055,0.136865234375,-0.013227105140686035,0.1,,
2336,11347,27.056429499999993,94.74,421,4784128,3e-05,1.2206609971821307,0.16663651168346405,0.9249560832977295,23350,0.008667331,-1.9470242768526078,0.153759765625,-0.012437440347275697,0.1,,
2337,11352,26.615516149999998,94.57,421,4786176,3e-05,1.1248323321342468,0.11921197175979614,0.9295551776885986,23360,0.005969288,-1.9517988219857216,0.16279296875,-0.01271341009705793,0.1,,
2338,11356,27.38999087,94.15,421,4788224,3e-05,1.6588850237429142,0.3461374044418335,0.9239615201950073,23370,0.003758689,-1.9278857693076135,0.11220703125,-0.013941969245206565,0.1,,
,,,,,4790000,3e-05,0.8258601702749729,0.044533275067806244,0.9420700073242188,23380,0.007229563,-1.9207167789340018,0.165185546875,-0.015698142649489454,0.1,23.060822868347167,94.6
2339,11362,27.373154320000005,94.43,421,4790272,,,,,,,,,,,,
2340,11366,27.799098760000003,94.32,421,4792320,3e-05,1.5130407400429249,0.3253742456436157,0.9079756736755371,23390,0.0051283883,-1.9944237157702447,0.18349609375,-0.008103605348151178,0.1,,
2341,11371,28.27913563,93.56,421,4794368,3e-05,1.373890671506524,0.18502426147460938,0.9066300392150879,23400,0.005235497,-1.93047935962677,0.115087890625,-0.012273909692885355,0.1,,
2342,11375,28.7536097,93.32,421,4796416,3e-05,1.1173725947737694,0.23519179224967957,0.93263840675354,23410,0.01020417,-1.9762360259890557,0.170947265625,-0.012638726879958994,0.1,,
2343,11380,27.829789380000012,93.6,421,4798464,3e-05,1.0604135196655988,0.1432449370622635,0.9365307688713074,23420,0.0064225257,-1.9289435505867005,0.17529296875,-0.014141300857590976,0.1,,
,,,,,4800000,3e-05,1.116615619137883,0.10757532715797424,0.9093096256256104,23430,0.007982257,-1.9563559979200362,0.1806640625,-0.011536274862010032,0.1,27.995127868652343,94.2
2344,11385,27.961441089999997,92.73,421,4800512,,,,,,,,,,,,
2345,11390,28.219668569999996,91.83,421,4802560,3e-05,1.6735111195594072,0.2646624743938446,0.913422167301178,23440,0.0045955456,-1.926788529753685,0.13271484375,-0.011642777052475139,0.1,,
2346,11394,27.17424494000001,92.03,421,4804608,3e-05,1.0686192888766528,0.10985206067562103,0.9393449425697327,23450,0.0056093847,-1.891823174059391,0.1474609375,-0.012740578045486473,0.1,,
2347,11399,27.445138139999997,91.73,421,4806656,3e-05,2.327873783558607,0.5096033811569214,0.9127740263938904,23460,0.0034591528,-1.9690470337867736,0.116845703125,-0.012914474753779359,0.1,,
2348,11403,27.695739479999997,92.05,421,4808704,3e-05,1.278781234845519,0.19421055912971497,0.9273229241371155,23470,0.0056399577,-1.9014103561639786,0.13173828125,-0.014884275232907385,0.1,,
,,,,,4810000,3e-05,0.9556326899677515,0.14427673816680908,0.9398240447044373,23480,0.0053812517,-1.9123964831233025,0.141455078125,-0.013242288160836325,0.1,28.89728126525879,94.2
2349,11409,27.497683499999997,92.45,421,4810752,,,,,,,,,,,,
2350,11413,27.828671970000002,92.59,421,4812800,3e-05,1.0657506972551345,0.20856359601020813,0.9340015053749084,23490,0.010110185,-1.9090902656316757,0.17109375,-0.014064100215910003,0.1,,
2351,11418,28.48241376,92.52,421,4814848,3e-05,1.0601170741021633,0.11813010275363922,0.9362589120864868,23500,0.0068116877,-1.8340303793549537,0.143310546875,-0.01266686397138983,0.1,,
2352,11422,27.963898510000003,93.63,421,4816896,3e-05,1.2071575865149498,0.24956893920898438,0.9359148740768433,23510,0.004726238,-1.8691703513264657,0.1240234375,-0.011271363066043705,0.1,,
2353,11427,27.634687599999996,94.55,421,4818944,3e-05,0.985984293743968,0.14889168739318848,0.9435732364654541,23520,0.006435665,-1.9342146962881088,0.13857421875,-0.013837268733186647,0.1,,
,,,,,4820000,3e-05,1.1982973393052816,0.24252533912658691,0.9215459227561951,23530,0.004422045,-1.9122916221618653,0.111669921875,-0.012297768451389857,0.1,28.365831756591795,91.0
2354,11432,27.374865990000007,92.84,421,4820992,,,,,,,,,,,,
2355,11437,27.519042159999998,92.36,421,4823040,3e-05,1.628261350095272,0.33717358112335205,0.9122859239578247,23540,0.004698945,-1.8824420303106308,0.103955078125,-0.013412020768737421,0.1,,
2356,11441,27.93955808,91.82,421,4825088,3e-05,0.6626223245635628,0.05530722811818123,0.9546962976455688,23550,0.007044425,-1.9411051705479623,0.1583984375,-0.015874789218651132,0.1,,
2357,11446,27.77790815,91.06,421,4827136,3e-05,0.6508869426324964,0.07164634764194489,0.9616289734840393,23560,0.0071664536,-1.926982732117176,0.20244140625,-0.013845020229928196,0.1,,
2358,11450,29.073062229999994,90.42,421,4829184,3e-05,1.1213529754430056,0.11263589560985565,0.9170630574226379,23570,0.007868657,-1.964689387381077,0.184375,-0.011443634750321507,0.1,,
,,,,,4830000,3e-05,0.8985707446932792,0.1290392279624939,0.9501529932022095,23580,0.0075358576,-1.871662051975727,0.147119140625,-0.01625691815279424,0.1,24.075997734069823,100.8
2359,11455,29.180449760000002,92.09,421,4831232,,,,,,,,,,,,
2360,11460,29.26313524,92.22,421,4833280,3e-05,1.3826875522732736,0.1312246024608612,0.9247245788574219,23590,0.006662127,-1.9837904170155525,0.1587890625,-0.0126316714391578,0.1,,
2361,11465,28.384666739999997,93.36,421,4835328,3e-05,1.0835094276815653,0.16934019327163696,0.9212695360183716,23600,0.00374606,-1.9391949459910394,0.11474609375,-0.013837440518545917,0.1,,
2362,11469,28.743864870000003,93.04,421,4837376,3e-05,1.221563471481204,0.1953396499156952,0.9246758818626404,23610,0.0051680603,-1.9890440970659256,0.103955078125,-0.013207040261477232,0.1,,
2363,11473,27.109364239999994,94.58,421,4839424,3e-05,1.2598413188010453,0.18081803619861603,0.9262029528617859,23620,0.003751119,-1.9552799671888352,0.09765625,-0.01078411431371933,0.1,,
,,,,,4840000,3e-05,1.4719957638531924,0.22014769911766052,0.9032537937164307,23630,0.004191113,-1.9843361258506775,0.13466796875,-0.0139165793400025,0.1,29.877474212646483,84.6
2364,11479,27.034554980000003,93.67,421,4841472,,,,,,,,,,,,
2365,11483,26.878651089999998,93.52,421,4843520,3e-05,1.8909089408814908,0.22601360082626343,0.9138736724853516,23640,0.004133908,-1.962621921300888,0.131884765625,-0.014693929275381379,0.1,,
2366,11488,27.217854750000004,92.91,421,4845568,3e-05,1.64138825237751,0.27074679732322693,0.9009549021720886,23650,0.0064851837,-1.9456315085291862,0.1451171875,-0.013513353806047235,0.1,,
2367,11492,27.244200119999995,92.8,421,4847616,3e-05,1.7675166297703981,0.2189754992723465,0.920952320098877,23660,0.004917926,-1.9801335632801056,0.11162109375,-0.013194184729945846,0.1,,
2368,11497,27.343036840000003,92.2,421,4849664,3e-05,2.2572596065700052,0.38359761238098145,0.9139758944511414,23670,0.0034514642,-1.9897510707378387,0.11357421875,-0.010519847139948978,0.1,,
,,,,,4850000,3e-05,1.501781626045704,0.3771652579307556,0.9167579412460327,23680,0.003974437,-1.9622776225209235,0.125830078125,-0.013839597595506348,0.1,27.80174903869629,94.6
2369,11502,27.02479918,92.69,421,4851712,,,,,,,,,,,,
2370,11507,26.426697569999998,93.36,421,4853760,3e-05,1.984105211496353,0.3481150269508362,0.8878868222236633,23690,0.0053282375,-2.0306400254368784,0.14033203125,-0.01506897427025251,0.1,,
2371,11511,26.042285160000002,93.52,421,4855808,3e-05,1.5175306394696235,0.25518113374710083,0.9183554649353027,23700,0.0044882456,-1.9877453982830047,0.1310546875,-0.01441533625475131,0.1,,
2372,11516,25.712042680000003,94.26,421,4857856,3e-05,1.5699933253228664,0.2725268006324768,0.9284982085227966,23710,0.004588873,-1.9854660883545876,0.12158203125,-0.01601135216187686,0.1,,
2373,11520,26.046680849999998,94.86,421,4859904,3e-05,1.3501070726662874,0.18814754486083984,0.9378077387809753,23720,0.0050394423,-2.016145983338356,0.1685546875,-0.014185625995742157,0.1,,
,,,,,4860000,3e-05,1.0567939449101686,0.17600831389427185,0.9552186727523804,23730,0.004102642,-2.040825532376766,0.133642578125,-0.012544993171468377,0.1,29.68293571472168,93.2
2374,11526,26.249113660000003,95.44,421,4861952,,,,,,,,,,,,
2375,11530,26.52504126,95.14,421,4864000,3e-05,1.2783116970211268,0.2165921926498413,0.9372671246528625,23740,0.008289462,-2.032501111924648,0.175390625,-0.012693183991359547,0.1,,
2376,11535,26.354886259999994,95.36,421,4866048,3e-05,0.9557450372725725,0.1842767596244812,0.9573403596878052,23750,0.0053876494,-2.056291164457798,0.15126953125,-0.01810870444169268,0.1,,
2377,11539,27.518673080000003,93.97,421,4868096,3e-05,1.7478242069482803,0.220988929271698,0.8966671228408813,23760,0.0047000838,-2.002107287943363,0.122021484375,-0.012659892812371254,0.1,,
,,,,,4870000,3e-05,1.0216107539832593,0.1186678409576416,0.938011646270752,23770,0.008097846,-1.9763650983572005,0.16513671875,-0.013965884663048201,0.1,26.334439277648926,95.2
2378,11545,26.93327734,94.39,421,4870144,,,,,,,,,,,,
2379,11549,27.479201510000003,94.38,421,4872192,3e-05,1.3632099013775587,0.4095761775970459,0.9086461067199707,23780,0.01565992,-2.0312200143933294,0.222900390625,-0.010884532297495753,0.1,,
2380,11554,27.373209280000005,93.14,421,4874240,3e-05,1.0736878279596567,0.17930549383163452,0.9419093132019043,23790,0.0062031616,-1.9241578921675682,0.16689453125,-0.014697092305868863,0.1,,
2381,11558,26.537975619999997,93.62,421,4876288,3e-05,1.6130771055817603,0.2054181843996048,0.9078018069267273,23800,0.0061426237,-2.038190132379532,0.14921875,-0.01439423904812429,0.1,,
2382,11563,26.530174619999997,94.35,421,4878336,3e-05,1.9521259650588036,0.35511553287506104,0.8870224356651306,23810,0.0061708847,-2.130099466443062,0.141455078125,-0.011673600276117213,0.1,,
,,,,,4880000,3e-05,1.5254953842610122,0.24763911962509155,0.9214327335357666,23820,0.0050176643,-2.0310654416680336,0.15234375,-0.01367584352265112,0.1,26.409110641479494,99.8
2383,11568,27.103510129999997,93.03,421,4880384,,,,,,,,,,,,
2384,11573,27.283106200000002,93.58,421,4882432,3e-05,1.0718668345361948,0.10886584222316742,0.9400500655174255,23830,0.0060381787,-2.002211794257164,0.152099609375,-0.010897980985464528,0.1,,
2385,11577,26.79298277,94.31,421,4884480,3e-05,1.2157571371644735,0.19770541787147522,0.941128134727478,23840,0.0043221833,-2.0276581943035126,0.14130859375,-0.015155755006708205,0.1,,
2386,11582,27.27711023,93.04,421,4886528,3e-05,1.815951405465603,0.33694565296173096,0.9208679795265198,23850,0.0050299317,-2.055018827319145,0.137890625,-0.013321694347541779,0.1,,
2387,11586,27.860315600000003,93.06,421,4888576,3e-05,1.1594717506319285,0.25904905796051025,0.9251086115837097,23860,0.007872051,-2.0361524865031244,0.1716796875,-0.01658633428160101,0.1,,
,,,,,4890000,3e-05,1.1907247144728899,0.11096091568470001,0.9443777799606323,23870,0.0051833973,-1.9856716781854629,0.133349609375,-0.012339508580043911,0.1,30.3087100982666,90.4
2388,11592,27.892643599999996,92.91,421,4890624,,,,,,,,,,,,
2389,11596,27.38004691,94.21,421,4892672,3e-05,1.0123698581010103,0.09856167435646057,0.9431127309799194,23880,0.00502182,-2.0312128379940986,0.1662109375,-0.011968647263711319,0.1,,
2390,11601,28.169712869999994,94.09,421,4894720,3e-05,1.0221707001328468,0.19506508111953735,0.9416468143463135,23890,0.0070280973,-2.036118118464947,0.177294921875,-0.01201849503122503,0.1,,
2391,11606,27.401395929999993,94.7,421,4896768,3e-05,1.0524639189243317,0.10819347202777863,0.9430279731750488,23900,0.0062917196,-2.047653453052044,0.200732421875,-0.016538200492504984,0.1,,
2392,11611,25.77286083,95.1,421,4898816,3e-05,1.5560175605118274,0.17466045916080475,0.9204304218292236,23910,0.0058328705,-2.0739930525422094,0.18837890625,-0.014015503146219998,0.1,,
,,,,,4900000,3e-05,1.6599133551120757,0.2681686282157898,0.9008456468582153,23920,0.0067752255,-2.0912770688533784,0.15478515625,-0.016114508645841852,0.1,31.90985565185547,84.8
2393,11616,25.597731809999996,95.25,421,4900864,,,,,,,,,,,,
2394,11621,26.08846629,93.84,421,4902912,3e-05,2.429651915282011,0.38088783621788025,0.8948879837989807,23930,0.0044733807,-2.045519569516182,0.1189453125,-0.014481889849412255,0.1,,
2395,11626,25.765053950000002,94.15,421,4904960,3e-05,1.6202263604849576,0.20423337817192078,0.9081290364265442,23940,0.0059944824,-2.0663189813494682,0.158447265625,-0.014848061327938922,0.1,,
2396,11630,26.290373120000005,93.63,421,4907008,3e-05,1.4802352290600538,0.2131902426481247,0.9150330424308777,23950,0.007735404,-2.1119563043117524,0.138720703125,-0.013833038913435302,0.1,,
2397,11635,27.021506629999998,94.01,421,4909056,3e-05,1.38328817486763,0.2623406648635864,0.924284815788269,23960,0.00570045,-2.018875923752785,0.1595703125,-0.012574630172457546,0.1,,
,,,,,4910000,3e-05,1.096592053025961,0.1045164242386818,0.947705864906311,23970,0.00977259,-2.0356878980994226,0.160693359375,-0.015249994653277098,0.1,23.65031967163086,89.0
2398,11641,26.968597809999995,92.87,421,4911104,,,,,,,,,,,,
2399,11646,26.479248419999998,93.89,421,4913152,3e-05,1.8538775429129601,0.2716168165206909,0.9173714518547058,23980,0.0048609497,-2.0389290541410445,0.1953125,-0.011554111595614813,0.1,,
2400,11650,27.105179490000005,93.34,421,4915200,3e-05,1.2702614203095437,0.1828630566596985,0.9411254525184631,23990,0.006994171,-2.02808940410614,0.15400390625,-0.015996259448002093,0.1,,
2401,11655,25.081746870000003,94.29,421,4917248,3e-05,1.6336789596825838,0.14856794476509094,0.9431790113449097,24000,0.0049352683,-1.9994288668036462,0.142822265625,-0.015423681034008041,0.1,,
2402,11660,24.10880647,94.55,421,4919296,3e-05,1.8486105285584926,0.2657034397125244,0.9447568655014038,24010,0.0045587015,-2.1409827411174773,0.14775390625,-0.014908748090965674,0.1,,
,,,,,4920000,3e-05,2.027262768149376,0.3154284954071045,0.9209255576133728,24020,0.00436219,-2.049877768754959,0.16279296875,-0.013540434167953207,0.1,30.059031677246093,92.0
2403,11666,24.849389690000002,95.12,421,4921344,,,,,,,,,,,,
2404,11670,25.436028,95.78,421,4923392,3e-05,1.4038205627351998,0.2678145170211792,0.9461867213249207,24030,0.007723567,-1.9535900861024857,0.158447265625,-0.016313663788605482,0.1,,
2405,11675,25.604794310000003,95.42,421,4925440,3e-05,1.5467002417892217,0.20247980952262878,0.9268526434898376,24040,0.006338806,-1.9565173819661141,0.159521484375,-0.01580110564827919,0.1,,
2406,11679,26.234761990000003,94.76,421,4927488,3e-05,1.076484314352274,0.12811125814914703,0.9481563568115234,24050,0.0071726018,-2.0003336131572724,0.200830078125,-0.014723769185366109,0.1,,
2407,11684,26.755717860000004,95.1,421,4929536,3e-05,1.2288640715181827,0.18047180771827698,0.9439239501953125,24060,0.004619981,-2.024084547162056,0.161572265625,-0.016575001034652814,0.1,,
,,,,,4930000,3e-05,1.4108683843165637,0.18243692815303802,0.9181060194969177,24070,0.0054741106,-1.9690241411328315,0.146923828125,-0.01394681028323248,0.1,29.021315383911134,93.2
2408,11689,25.984839110000003,95.71,421,4931584,,,,,,,,,,,,
2409,11694,26.980515500000003,94.55,421,4933632,3e-05,1.517158856242895,0.25741422176361084,0.9214807748794556,24080,0.0064881407,-1.9776169791817666,0.161572265625,-0.012175647204276174,0.1,,
2410,11698,27.914444210000003,94.5,421,4935680,3e-05,0.9445620965212583,0.12070146203041077,0.9608363509178162,24090,0.006727007,-1.9272456243634224,0.155615234375,-0.013817406102316455,0.1,,
2411,11703,27.886780610000006,93.65,421,4937728,3e-05,0.9252705570310354,0.1626308560371399,0.9569260478019714,24100,0.0045823557,-2.0354600727558134,0.177392578125,-0.015171075990656391,0.1,,
2412,11707,28.642893800000003,92.72,421,4939776,3e-05,1.753302164375782,0.2506868541240692,0.909798264503479,24110,0.0066827293,-1.960308088362217,0.15791015625,-0.014385256211971864,0.1,,
,,,,,4940000,3e-05,1.1657851416617633,0.16234222054481506,0.9430818557739258,24120,0.0043422366,-1.9662568256258965,0.12734375,-0.012494656932540238,0.1,25.939095306396485,89.8
2413,11713,28.986787099999997,92.59,421,4941824,,,,,,,,,,,,
2414,11717,28.838182690000004,92.52,421,4943872,3e-05,1.3443419113755226,0.1431376338005066,0.9227619171142578,24130,0.005130223,-2.0006870180368423,0.130078125,-0.013194014615146443,0.1,,
2415,11722,28.746531789999995,93.71,421,4945920,3e-05,1.0718556731939315,0.15376971662044525,0.9413010478019714,24140,0.0054170173,-1.9824828952550888,0.1447265625,-0.016303212294587865,0.1,,
2416,11726,27.68542453,94.56,421,4947968,3e-05,1.1013305868953467,0.14120745658874512,0.9281203746795654,24150,0.007278976,-1.9822101667523384,0.1783203125,-0.012533442594576626,0.1,,
,,,,,4950000,3e-05,1.597891677543521,0.23784813284873962,0.9267086982727051,24160,0.006319001,-1.987701027095318,0.169384765625,-0.010549076087772846,0.1,29.367779159545897,89.0
2417,11731,27.11650597,94.29,421,4950016,,,,,,,,,,,,
2418,11736,27.02126423999999,94.84,421,4952064,3e-05,1.340483172610402,0.271248996257782,0.9358003735542297,24170,0.007174891,-1.9244661211967469,0.1611328125,-0.014309902337845414,0.1,,
2419,11740,26.847382729999996,94.69,421,4954112,3e-05,1.5722429044544697,0.22088932991027832,0.921730637550354,24180,0.0052972203,-1.9571095809340477,0.1337890625,-0.012712398057919927,0.1,,
2420,11745,26.312635240000006,94.35,421,4956160,3e-05,1.3991509709507226,0.21257588267326355,0.8833163976669312,24190,0.0077266726,-1.9411032944917679,0.14130859375,-0.011323820077814161,0.1,,
2421,11749,27.06578304,94.29,421,4958208,3e-05,0.906814981251955,0.14063136279582977,0.9491063952445984,24200,0.009420584,-1.9678006425499917,0.160205078125,-0.013508979920879937,0.1,,
,,,,,4960000,3e-05,0.9476954158395529,0.11782627552747726,0.9458652138710022,24210,0.0053226147,-1.9455195352435113,0.12978515625,-0.013903386902529746,0.1,35.7323356628418,89.2
2422,11755,27.411576130000004,94.2,421,4960256,,,,,,,,,,,,
2423,11759,27.01976998,94.09,421,4962304,3e-05,0.9683098129928112,0.12558123469352722,0.9392589330673218,24220,0.00871517,-1.9795537054538728,0.16416015625,-0.013760723255109042,0.1,,
2424,11764,26.866168339999994,94.56,421,4964352,3e-05,1.2088574629276991,0.1561085432767868,0.9301223158836365,24230,0.00640898,-1.9273333936929702,0.166748046875,-0.014187450025929138,0.1,,
2425,11768,26.90262372,94.89,421,4966400,3e-05,1.2294924918562173,0.13482017815113068,0.9307867884635925,24240,0.0067414325,-2.0052948370575905,0.133740234375,-0.01601978292746935,0.1,,
2426,11773,27.45761246,94.07,422,4968448,3e-05,0.9073942404240369,0.08734734356403351,0.9471093416213989,24250,0.006048702,-1.948771557211876,0.151220703125,-0.014203484411700629,0.1,,
,,,,,4970000,3e-05,0.9520194038748742,0.11860087513923645,0.9453897476196289,24260,0.005591993,-1.978928853571415,0.174365234375,-0.014601754597970284,0.1,29.79249687194824,88.6
2427,11778,26.557988779999995,94.98,421,4970496,,,,,,,,,,,,
2428,11783,26.795822629999996,94.23,422,4972544,3e-05,0.8996420260518789,0.11876192688941956,0.9348598718643188,24270,0.007905751,-2.040436011552811,0.161767578125,-0.015803172998130322,0.1,,
2429,11787,27.033001180000007,93.29,422,4974592,3e-05,1.5791002243757248,0.28494441509246826,0.9386480450630188,24280,0.0039070765,-2.0043284952640534,0.129052734375,-0.013499701107502916,0.1,,
2430,11792,27.596534400000007,92.77,422,4976640,3e-05,1.0015902861952781,0.22000959515571594,0.9471574425697327,24290,0.0064681387,-1.9884625732898713,0.131640625,-0.015227126458194106,0.1,,
2431,11796,28.260695230000007,92.44,422,4978688,3e-05,1.0377951294183732,0.18991780281066895,0.9392099380493164,24300,0.005124339,-1.9354539081454276,0.143359375,-0.013897204055683687,0.1,,
,,,,,4980000,3e-05,1.3269182931631804,0.2285727560520172,0.9329215884208679,24310,0.0053779846,-2.01899786144495,0.160302734375,-0.01867494605248794,0.1,25.33670120239258,99.2
2432,11802,27.687470959999995,92.72,422,4980736,,,,,,,,,,,,
2433,11806,26.36862946,92.88,422,4982784,3e-05,2.112347213923931,0.25502797961235046,0.9046401381492615,24320,0.004254726,-2.02399268001318,0.096337890625,-0.011711739472229966,0.1,,
2434,11811,26.10875173999999,93.09,422,4984832,3e-05,2.5226647168397904,0.4087974429130554,0.9173527956008911,24330,0.0037704771,-2.0456115171313285,0.10380859375,-0.012467091146390885,0.1,,
2435,11815,24.725424860000004,93.4,422,4986880,3e-05,2.1613290436565875,0.4548092186450958,0.9180923700332642,24340,0.0040948046,-2.015447048842907,0.101708984375,-0.012814295527641661,0.1,,
2436,11820,25.503385789999996,93.01,422,4988928,3e-05,1.6504852868616582,0.31319907307624817,0.9022382497787476,24350,0.0046400377,-2.077768512070179,0.135009765625,-0.01376757656398695,0.1,,
,,,,,4990000,3e-05,1.1527195610105991,0.18185025453567505,0.9453284740447998,24360,0.005842044,-2.004534590244293,0.16357421875,-0.016646755166584627,0.1,17.104745197296143,92.4
2437,11825,25.069652449999992,93.06,422,4990976,,,,,,,,,,,,
2438,11830,25.73191784,92.71,422,4993024,3e-05,2.0356280617415905,0.29623186588287354,0.9041279554367065,24370,0.0039929496,-2.067619740962982,0.110595703125,-0.013130368164274842,0.1,,
2439,11834,25.388175209999996,93.98,422,4995072,3e-05,1.699371437728405,0.23546946048736572,0.9176260232925415,24380,0.0064697005,-2.024407812952995,0.1595703125,-0.015447273122845218,0.1,,
2440,11839,25.38000422,94.41,422,4997120,3e-05,2.6354691170156004,0.4397282600402832,0.8827328681945801,24390,0.006479266,-2.0481225878000258,0.1283203125,-0.011616973584750667,0.1,,
2441,11843,25.08950758,94.96,422,4999168,3e-05,1.452173923328519,0.17395366728305817,0.9375274181365967,24400,0.006091829,-2.0554403111338617,0.158544921875,-0.01518071034224704,0.1,,
,,,,,5000000,3e-05,1.1014423988759519,0.17521482706069946,0.9467795491218567,24410,0.006046617,-2.0211943343281744,0.146484375,-0.016769033356104045,0.1,26.15208625793457,100.2
2442,11849,25.3976656,96.06,422,5001216,,,,,,,,,,,,
